ＣＤプレーヤー	シーディープレーヤー	CD player	
Ｔシャツ	ティーシャツ	T-shirt, tee shirt	
Ｔバック	ティーバック	T-back, bikini thong	
明白	めいはく	obvious, clear, plain, evident, apparent, explicit, overt	
彼処	あそこ	there, over there, that place, yonder, you-know-where	
あっさり	あっさり	easily, readily, quickly, flatly (refuse)	
あっという間に	あっというまに	in an instant, in a flash, in the blink of an eye, in no time at all, just like that	
彼の	あの	that, those, the	
あの	あの	say, well, um, er	
あの人	あのひと	he, she, that person	
あの方	あのかた	that gentleman, that lady, he, she	
あべこべ	あべこべ	contrary, opposite, inverse, reverse, back-to-front	
あやふや	あやふや	uncertain, indefinite, vague, ambiguous, equivocal, dubious, doubtful, non-committal	
あら	あら	oh!, ah!, oh no	
彼	あれ	that, that thing	
あんな	あんな	that sort of, that kind of, like that, such, so	
否々	いやいや	no!, no no!, no, not at all	
如何にも	いかにも	indeed, really, truly, just (like)	
行けない	いけない	bad, wrong, naughty	
いざこざ	いざこざ	trouble, quarrel, difficulties, complication, tangle	
いそいそ	いそいそ	cheerfully, joyously, joyfully, happily, lightheartedly, excitedly, eagerly	
いらっしゃい	いらっしゃい	come, go, stay	
いらっしゃいませ	いらっしゃいませ	welcome	
居らっしゃる	いらっしゃる	to come, to go, to be (somewhere)	
うずうず	うずうず	itching to do something, impatient, sorely tempted, eager	
うっかり	うっかり	carelessly, thoughtlessly, inadvertently	
うとうと	うとうと	falling into a doze, dozing off, nodding off	
畝り	うねり	undulation, winding, meandering	
うろうろ	うろうろ	restlessly, aimlessly, without purpose	
うん	うん	yes, yeah, uh huh	
うんこ	うんこ	poop, poo, faeces, feces	
うんざり	うんざり	tedious, boring, being fed up with	
ウンチ	ウンチ	poo, poop, doo-doo, caca, whoopsie	
ええ	ええ	yes, that is correct, right	
えっと	えっと	let me see, well, errr ..., uhh ...	
おい	おい	hey!, say!, I say!, come on!, look!, oi!	
おしっこ	おしっこ	wee-wee, pee-pee, number one	
おっさん	おっさん	middle-aged man	
おっぱい	おっぱい	boobs, boobies, breasts, tits	
御田	おでん	oden, dish of various ingredients, e.g. egg, daikon, potato, chikuwa, konnyaku stewed in soy-flavored dashi	
オドオド	オドオド	timidly, nervously, hesitantly, trembling (with fear), fearfully, anxiously	
おなら	おなら	wind, gas, fart	
お負けに	おまけに	to make matters worse, besides, what's more, in addition, on top of that	
おめでとう御座います	おめでとうございます	congratulations	
おや	おや	oh!, oh?, my!	
おろおろ	おろおろ	in confusion, in a fluster, in bewilderment, in a dither, in a panic, all shook up, helplessly	
お握り	おにぎり	onigiri, rice ball (often triangular, sometimes with a filling and wrapped in nori)	
お化け	おばけ	ghost, apparition	
お菓子	おかし	confections, sweets, candy, cake	
お願いします	おねがいします	please	
お願いいたします	おねがいいたします	please	
お帰りなさい	おかえりなさい	welcome home	
お客様	おきゃくさま	guest, visitor	
お休みなさい	おやすみなさい	good night	
お金	おかね	money	
お兄さん	おにいさん	older brother, elder brother	
お好み焼き	おこのみやき	okonomiyaki, savoury pancake fried on an iron griddle with vegetables, meat and/or seafood and topped with various sauces and condiments	
お絞り	おしぼり	wet towel (supplied at table), hot, moistened hand towel	
お参り	おまいり	visit (to a shrine, grave, etc.), worship	
お産	おさん	(giving) birth, childbirth, delivery	
お仕舞い	おしまい	the end, closing, being done for	
お使い	おつかい	errand, mission, going on an errand	
お姉さん	おねえさん	older sister, elder sister	
お子様	おこさま	(another's) child	
お辞儀	おじぎ	bow, bowing	
お邪魔します	おじゃまします	please excuse the intrusion, I'm coming in	
お守り	おまもり	charm, amulet, talisman	
お手上げ	おてあげ	being done for, giving up, being in a hopeless situation, not knowing what to do, being brought to one's knees, throwing up (one's) hands	
お手洗い	おてあらい	toilet, restroom, lavatory, bathroom	
お手伝いさん	おてつだいさん	maid	
お巡りさん	おまわりさん	police officer	
お嬢さん	おじょうさん	(another's) daughter	
お世辞	おせじ	flattery, compliment	
お世話になる	おせわになる	to receive favor, to receive assistance, to receive help, to be looked after, to be taken care of, to become dependent (on), to become much obliged (to someone), to become indebted	
お先に	おさきに	before, previously	
お前	おまえ	you	
お祖父さん	おじいさん	grandfather	
お祖母さん	おばあさん	grandmother	
お早うございます	おはようございます	good morning	
お袋	おふくろ	(one's) mother	
お大事に	おだいじに	take care of yourself, get well soon	
お宅	おたく	your house, your home, your family	
お誕生日おめでとうございます	おたんじょうびおめでとうございます	happy birthday	
お茶	おちゃ	tea (esp. green or barley)	
お喋り	おしゃべり	chattering, talk, idle talk, chat, chitchat, gossip	
お天気	おてんき	weather	
お土産	おみやげ	local specialty or souvenir bought as a gift while traveling (travelling)	
お凸	おでこ	brow, forehead	
お疲れ様	おつかれさま	thank you (for your hard work), good work	
お父さん	おとうさん	father, dad, papa, pa, pop, daddy, dada	
お腹	おなか	belly, abdomen, stomach	
お返し	おかえし	return gift, return favour	
お母さん	おかあさん	mother, mom, mum, ma	
お墨付き	おすみつき	certificate, certified document, authorization, authorisation	
お話中	おはなしちゅう	busy (phone)	
お洒落	おしゃれ	stylish, fashionable, trendy, chic, smartly dressed, careful about one's appearance	
畏まりました	かしこまりました	certainly!, very well, with pleasure, understood!	
かしら	かしら	I wonder, do you think?, I might, how about	
カチカチ	カチカチ	ticktock	
カッと	カッと	flaring up, burning hotly, suddenly becoming bright	
かな	かな	I wonder	
敵わない	かなわない	no match for, cannot compete with, not in the same league as, powerless against	
かも知れない	かもしれない	may, might, perhaps, may be, possibly	
かも知れません	かもしれません	may, might, perhaps, may be, possibly	
から	から	from (e.g. time, place, numerical quantity), since	
からり	からり	with a clatter	
か弱い	かよわい	weak, feeble, delicate, frail, helpless	
がさがさ	がさがさ	rustling	
ガタガタ	ガタガタ	rattling, clattering	
がっかり	がっかり	to be disappointed, to be dejected, to be downhearted, to be discouraged, to be disheartened, to lose heart, to feel let down	
がっくり	がっくり	heartbroken, crestfallen, dejected, disappointed	
がっしり	がっしり	firmly, solidly, sturdily, strongly, toughly	
がっちり	がっちり	solid, robust, well-built	
がぶがぶ	がぶがぶ	gulping down (a drink), guzzling, chugging	
がやがや	がやがや	noisily (crowd of people talking), clamorously, in a hubbub, jabberingly, chatteringly, buzzingly	
きちっと	きちっと	exactly, perfectly	
きちんと	きちんと	properly, accurately, exactly, precisely, regularly	
きっちり	きっちり	exactly, precisely, punctually, on the dot	
屹度	きっと	surely, undoubtedly, almost certainly, most likely (e.g. 90 percent)	
きっぱり	きっぱり	clearly, plainly, distinctly, decisively, flatly, definitely, resolutely	
きつい	きつい	tough, hard, severe, demanding, harsh	
キョロキョロ	キョロキョロ	(looking around) restlessly, (looking) all around, goggling	
キラキラ	キラキラ	glittering, sparkling, glistening, twinkling	
ぎこちない	ぎこちない	awkward, clumsy, stiff, crude, unrefined, constrained	
刻々	ギザギザ	notches, serration, indentation, jaggies (stair-step artifacts in computer images)	
ぎっしり	ぎっしり	tightly (packed), densely, closely, crammed	
ぎゅうぎゅう	ぎゅうぎゅう	creaking, squeaking	
ぎゅっと	ぎゅっと	tightly (hold, squeeze, etc.), firmly, forcefully (e.g. push), hard	
ぎょっと	ぎょっと	being startled	
ギラギラ	ギラギラ	glaringly, dazzlingly, blazingly	
限り限り	ぎりぎり	just barely, only just, at the very limit, at the last moment	
くしゃくしゃ	くしゃくしゃ	crumpled, rumpled, wrinkled, creased, tousled, disheveled, dishevelled	
嚏	くしゃみ	sneeze, sneezing	
擽ったい	くすぐったい	ticklish	
擽る	くすぐる	to tickle	
くたくた	くたくた	exhausted, worn out, dead tired	
くたばる	くたばる	to kick the bucket, to drop dead, to die, to croak	
草臥れる	くたびれる	to get tired, to become exhausted, to grow weary	
くっきり	くっきり	clearly (standing out), distinctly, sharply, boldly, in sharp relief	
くっ付く	くっつく	to adhere to, to stick to, to cling to	
くっ付ける	くっつける	to attach, to stick together, to paste, to glue	
くどくど	くどくど	tediously (explain, complain, etc.), repeatedly, persistently, insistently, ad nauseam, at great length	
隈なく	くまなく	all over, everywhere, in every nook and cranny	
くよくよ	くよくよ	to fret (over), to brood (about), to mope, to worry	
比べ	くらべ	contest, comparison, competition	
くるくる	くるくる	whirling, revolving, spinning, going round and round	
愚図愚図	ぐずぐず	slowly, tardily, dawdling, lingering, hesitantly	
ぐっすり	ぐっすり	soundly (sleeping), fast (asleep)	
ぐったり	ぐったり	limply, wearily, listlessly, languidly, exhaustedly, unenergetically	
グラグラ	グラグラ	wobbling, tottering, shaking, unstably, unsteadily	
ぐるぐる	ぐるぐる	(turning) round and round, in circles	
けじめ	けじめ	distinction (e.g. between right and wrong, public and private, etc.), responsibility (taking, acknowledging)	
けど	けど	but, however, although	
斯う	こう	in this way, like this, so, thus	
こう言う	こういう	such, this sort of, like this	
こうすると	こうすると	having done this, if this is done, if it is done in this way	
こうすれば	こうすれば	if you do this, if this is the case	
こそ	こそ	it is ... that ..., precisely, in particular, definitely, for sure, only (when, after, because, etc.)	
こそこそ	こそこそ	sneakily, secretly, stealthily, on the sly	
拘る	こだわる	to be obsessive (about), to be overly concerned (with), to fuss (over), to worry too much (about), to be picky (about), to be hung up (on), to stick to	
此方	こちら	this way, this direction	
こっそり	こっそり	stealthily, secretly, in secret	
コツコツ	コツコツ	steadily, unflaggingly, untiringly, laboriously, diligently	
事がある	ことがある	(for something) to have occurred, to have done (something)	
ことが出来る	ことができる	to be able (to), to be possible (to)	
悉く	ことごとく	altogether, entirely	
事になる	ことになる	to have been decided (so) that, to have been arranged (so) that	
事によって	ことによって	via, through, by doing, by means of, using	
このため	このため	because of this	
この外	このほか	besides, moreover, in addition	
この間	このあいだ	the other day, lately, recently, during this period	
この頃	このごろ	these days, nowadays, now, at present, recently, lately	
この辺	このへん	this area, around here	
此れから	これから	from now on, after this, in the future, in future	
これで	これで	here, with this	
これ迄	これまで	so far, up to now, hitherto	
これ等	これら	these	
コロコロ	コロコロ	(rolling) along, (rolling) over and over	
こんな	こんな	this sort of, this kind of, like this, such	
こんなに	こんなに	so, like this, in this way, this much, to this extent	
ゴミ箱	ごみばこ	trash can, garbage can, rubbish bin, dustbin	
ゴロゴロ	ゴロゴロ	rumbling (of thunder, one's stomach, etc.), grumbling, growling, purring	
ご苦労様	ごくろうさま	thank you (for your hard work), I appreciate your efforts	
ご馳走様でした	ごちそうさまでした	thank you for the meal, that was a delicious meal, what a wonderful meal	
さあ	さあ	come (on), come now, come along, here	
さえ	さえ	even	
させる	させる	to make (someone) do	
先	さっき	a short while ago, a moment ago, just now, some time ago	
さっさと	さっさと	quickly, promptly, immediately, without delay, briskly, hurriedly, hastily	
颯と	さっと	quickly (esp. actions)	
さっぱり	さっぱり	feeling refreshed, feeling relieved	
さらさら	さらさら	with a rustling sound	
さん	さん	Mr, Mrs, Miss, Ms, -san	
ざっと	ざっと	roughly, approximately, round about, more or less	
ザラザラ	ザラザラ	rough (touch, voice, etc.), coarse, gritty, sandy, granular	
ざわざわ	ざわざわ	noisily (from many people talking), in a commotion	
しか	しか	nothing but, except, no more than	
頻りに	しきりに	frequently, repeatedly, often, incessantly, constantly	
しくじる	しくじる	to fail, to blunder, to mess up, to screw up	
執拗い	しつこい	insistent, obstinate, persistent, tenacious	
しとしと	しとしと	gently (raining), drizzling	
屡々	しばしば	often, again and again, frequently, repeatedly	
仕舞った	しまった	darn it!, darn!, oops!, oh dear!, oh no!	
沁み沁み	しみじみ	keenly, deeply, fully, heartily, seriously, earnestly	
しゃがむ	しゃがむ	to squat, to crouch	
吃逆	しゃっくり	hiccup, hiccough	
しゃぶしゃぶ	しゃぶしゃぶ	shabu-shabu, hot pot dish where thinly sliced meat is boiled quickly and then dipped in sauce	
しょっちゅう	しょっちゅう	always, all the time, constantly, frequently, often	
しょんぼり	しょんぼり	downheartedly, dejectedly, dispiritedly, despondently	
しんどい	しんどい	tired, frazzled	
じっくり	じっくり	(slowly and) carefully, without haste, thoroughly, deliberately, closely, meticulously	
凝乎と	じっと	motionlessly (e.g. stand, wait), (be) still	
じめじめ	じめじめ	damp, humid, wet, clammy, muggy, soggy	
じゃあ	じゃあ	then, well, so, well then	
じゃが芋	じゃがいも	potato (Solanum tuberosum)	
じゃぶじゃぶ	じゃぶじゃぶ	splashing (water), splashing about, with a splash	
じゃん拳	じゃんけん	rock-paper-scissors (game), janken	
すっかり	すっかり	all, completely, totally, entirely, thoroughly	
すっきり	すっきり	refreshingly, with a feeling of relief, pleasantly, (a weight) off one's shoulder	
すっと	すっと	straight, quickly, directly, all of a sudden	
す可き	すべき	should do, ought to do	
すやすや	すやすや	(sleeping) peacefully, quietly, soundly	
スラスラ	スラスラ	smoothly, easily, readily	
すると	すると	(and) then, and, thereupon, whereupon	
擦れ擦れ	すれすれ	grazing, skimming, almost touching, passing within inches, being within a whisker, shaving close	
ズキズキ	ずきずき	throbbingly (of pain)	
ずっと	ずっと	continuously, the whole time, all the way, throughout	
ズバリ	ズバリ	decisively, decidedly, boldly, once and for all, unreservedly, frankly	
ずらす	ずらす	to shift, to move, to slide	
ずるずる	ずるずる	(dragging a large or heavy item) slowly	
ずれる	ずれる	to slide, to slip off, to get dislocated, to be out of alignment, to get dislodged, to deviate, to shift (position), to be out of sync, to be slightly off, to be off-point	
せかせか	せかせか	restlessly, hurriedly, agitatedly, fidgeting	
せがむ	せがむ	to badger, to pester, to beg	
せず	せず	without doing	
せずに	せずに	without (doing), instead of	
せっかち	せっかち	hasty, impatient, restless, rash	
せめて	せめて	at least, at most, (even) just	
其奴	そいつ	he, she, that person, that guy, that fellow	
そう	そう	appearing that, seeming that, looking like, having the appearance of	
そうすると	そうすると	having done that, if that is done, if it is done in that way	
そうだ	そうだ	that is so, that is right, it looks to me, that's my impression	
其処	そこ	there (place relatively near listener)	
而して	そして	and, and then, thus, and now, and finally	
そそっかしい	そそっかしい	careless, thoughtless, hasty, rash	
其方	そちら	that way, that direction	
そっくり	そっくり	all, altogether, entirely, completely	
そっと	そっと	softly, gently, quietly, lightly	
其の	その	that, the	
その上	そのうえ	in addition, furthermore	
その他	そのほか	the rest, the others	
その内	そのうち	before very long, soon, someday, one of these days, sooner or later	
抑	そもそも	in the first place, to begin with, from the start, originally, ab initio	
そよ風	そよかぜ	gentle breeze, soft wind, breath of air, zephyr	
其れ	それ	that, it	
其れから	それから	and then, after that	
其れで	それで	so, therefore, and, (and) then	
其れとも	それとも	or, or else	
其れに	それに	besides, in addition, also, moreover	
それ程	それほど	to that degree, to that extent, that much	
それ等	それら	those, they	
そわそわ	そわそわ	restlessly, nervously, uneasily, in a fidget	
そんな	そんな	such, that sort of, that kind of, like that	
ぞくぞく	ぞくぞく	shivering, feeling chilly	
ぞろぞろ	ぞろぞろ	in a crowd, in droves, in a stream, in succession	
ぞんざい	ぞんざい	rough, careless, slovenly, slipshod, rude, impolite	
たった	たった	only, merely, but, no more than	
たっぷり	たっぷり	plentifully, amply, abundantly, copiously, generously, fully, a lot	
度に	たびに	each time, every time, whenever (something happens), on the occasion of	
たらたら	たらたら	drop-by-drop, dripping, dribbling, in a trickle	
だから	だから	so, therefore, accordingly, consequently, on those grounds, that is why, for that reason	
丈	だけ	only, just, merely, simply, no more than, nothing but, alone	
だけでなく	だけでなく	not only ... (but also), not just, as well as	
だけど	だけど	but, however, although	
だったら	だったら	if it's the case	
だぶだぶ	だぶだぶ	loose (of clothing), baggy	
だらけ	だらけ	full of (e.g. mistakes), riddled with	
だらし無い	だらしない	slovenly (appearance, work, etc.), sloppy, untidy, undisciplined, careless, loose, slack	
だらだら	だらだら	in drops, dripping, trickling, streaming, flowing	
怠い	だるい	sluggish, languid, listless, heavy (heart, legs, etc.), dull	
ちぐはぐ	ちぐはぐ	mismatched, odd, irregular	
些とも	ちっとも	(not) at all, (not) a bit, (not) in the least, (not) in the slightest	
ちゃん	ちゃん	suffix for familiar person	
ちゃんと	ちゃんと	diligently, seriously, earnestly, reliably, steadily, legitimately	
ちょくちょく	ちょくちょく	often, frequently, now and then, occasionally	
ちょっぴり	ちょっぴり	a tiny bit, just a smidgin, a wee bit, very slightly	
ちらちら	ちらちら	falling lightly (e.g. snow, petals, confetti), fluttering	
ちらっと	ちらっと	at a glance, by accident	
ちんちん	ちんちん	penis	
チンピラ	チンピラ	(young) hoodlum, delinquent boy, delinquent girl, hooligan, punk	
っ放し	っぱなし	leaving (on, open, unfinished, etc.)	
つい	つい	just (now)	
序でに	ついでに	while (one is at it), when, on the occasion of, at the same time (as), on one's way (to), by the way, incidentally, in passing	
熟	つくづく	deeply, keenly, severely, completely, utterly	
つつ	つつ	while	
躑躅	つつじ	azalea, rhododendron	
詰らない	つまらない	dull, uninteresting, boring, tedious	
つるつる	つるつる	smooth, shiny, slick	
てくてく	てくてく	(walking a long distance) at a steady pace, intently, earnestly, single-mindedly, trudgingly, ploddingly	
てっきり	てっきり	surely, certainly, without doubt	
である	である	be, is	
でかい	でかい	huge, big, gargantuan	
でしょう	でしょう	it seems, I think, I guess, I wonder	
ですから	ですから	so, therefore, accordingly, consequently, on those grounds, that is why, for that reason	
では	では	then, well, so, well then	
でも	でも	but, however, though, nevertheless, still, yet, even so, also, as well	
と	と	if, when	
と言うもの	というもの	something like ..., something called ...	
とか	とか	and the like, such as, among other things, and so on	
所が	ところが	even so, however, still, whereupon, even though, nevertheless, on the contrary, as a matter of fact, despite	
として	として	as (i.e. in the role of), for (i.e. from the viewpoint of)	
としても	としても	even if ..., even supposing that ...	
とすると	とすると	then, if so, if	
迚も	とても	very, awfully, exceedingly	
とろ	とろ	fatty cut (esp. of tuna belly)	
飛んだ	とんだ	unexpected, unlikely, strange	
とんでも無い	とんでもない	unthinkable, unexpected, absurd, outrageous, preposterous, terrible	
とんとん	とんとん	with a tap, with a knock, with a knocking sound, with a rap-tap	
と言えば	といえば	speaking of ...	
如何	どう	how, in what way, how about	
どう言う	どういう	what kind of, what sort of, what	
どうしたの	どうしたの	what's the matter?, what's wrong?	
どうせ	どうせ	anyhow, in any case, at any rate, after all, at all, no matter what	
どうにか	どうにか	in some way or other, one way or another, somehow, only just, barely	
どうも	どうも	thank you, thanks	
どうやら	どうやら	possibly, apparently, (seem) likely, seemingly	
どう致しまして	どういたしまして	you're welcome, don't mention it, not at all, my pleasure	
ドキッと	ドキッと	being startled, getting a shock	
ドキドキ	ドキドキ	thump-thump, bang-bang, pit-a-pat, pitapat, pitter-patter	
どしどし	どしどし	rapidly, one after the other	
ドタバタ	どたばた	noisily (running around), with heavy feet	
何方も	どちらも	both	
どっと	どっと	bursting out (laughter), breaking out (applause), roaring, whooping	
何方でも	どなたでも	anyone	
どの様	どのよう	what sort, what kind	
どの位	どのくらい	how long, how far, how much	
何れ	どれ	which (of three or more)	
何れでも	どれでも	any one, any, whichever	
泥々	どろどろ	viscous, mushy, pulpy, thick, slushy, syrupy, sticky	
どんどん	どんどん	drumming (noise), beating, pounding, banging, booming, stamping	
どんな	どんな	what kind of, what sort of, what	
どんなに	どんなに	how, how much, to what extent	
等閑	なおざり	neglect, negligence, disregard, making light of	
何故なら	なぜなら	because, the reason is, if you want to know why	
何故ならば	なぜならば	because, for, the reason why is ...	
なら	なら	if, in case, if it is the case that, if it is true that	
なんか	なんか	something like ..., things like ..., someone like ..., the likes of ...	
に於いて	において	at (a time or place), in, on	
に於ける	における	in, at, on, as for, regarding, with regards to	
和やか	にこやか	smiling, beaming, radiant, bright, cheerful	
に取って	にとって	to, for, from the standpoint of, as far as ... is concerned	
にも	にも	also, too, not ... either, as well, even	
ニヤニヤ	ニヤニヤ	grinning, smirking	
に因って	によって	according to, due to, by (means of), because of, via, on the basis of, depending on	
によって異なる	によってことなる	to differ depending on ...	
に依る	による	by means of, due to, because of, according to	
に依ると	によると	according to (someone)	
に加えて	にくわえて	in addition	
に関して	にかんして	regarding ..., concerning ..., about ..., on ..., with respect to ..., in regard to ...	
に就いて	について	about, on, regarding, concerning	
に対して	にたいして	towards, against, regarding, in contrast with	
に対する	にたいする	regarding, in, to, towards, with regards to	
ヌルヌル	ヌルヌル	slimy, slippery, greasy, clammy	
ねた	ねた	material (for a story, article, etc.), information, news item	
の度に	のたびに	on the occasion of	
ので	ので	because, as, since, so	
のに	のに	although, despite, even though, and yet	
のみ	のみ	only, nothing but	
のろのろ	のろのろ	slowly, sluggishly	
のんびり	のんびり	at leisure, in a relaxed manner, in a carefree manner, quietly, peacefully	
はい	はい	yes, that is correct	
はっきり	はっきり	clearly, plainly, distinctly	
蔓延る	はびこる	to become overgrown, to grow thick	
許り	ばかり	only, merely, nothing but, no more than	
バテる	ばてる	to be exhausted, to be worn out	
薔薇薔薇	バラバラ	scattered, disperse, loose, disconnected, in pieces, in drops, rustling	
バリバリ	ばりばり	vigorously (ripping, tearing, scratching, etc.), roughly, with a rip	
ばれる	ばれる	to leak out (of a secret), to come out, to be exposed (of a lie, improper behaviour, etc.), to be found out, to be discovered	
パッと	パッと	suddenly, in a flash, quickly, rapidly, swiftly, nimbly	
犇々	ひしひし	acutely (feel), keenly, severely	
ヒソヒソ	ヒソヒソ	in a whisper, in a low voice, in undertones	
只管	ひたすら	intently, single-mindedly, devotedly, solely, earnestly, with all one's heart	
ひっそり	ひっそり	quiet (place), still, silent, deserted	
罅	ひび	crack, fissure	
ひょっとすると	ひょっとすると	perhaps, maybe, possibly	
ひらひら	ひらひら	fluttering, flapping, waving	
ビクビク	びくびく	being afraid of, being fearful, being timid, being nervous	
びしょびしょ	びしょびしょ	soaked, drenched, sopping, soppy, wet	
びっしょり	びっしょり	wet through, drenched	
びっしり	びっしり	closely (packed, lined up, etc.), tightly, densely	
ビリビリ	ビリビリ	(tear) to pieces, (rip) apart, (rip) up, (rip) open	
ピカピカ	ピカピカ	with a glitter, with a sparkle	
ぴったり	ぴったり	tightly, closely	
ぴょんぴょん	ぴょんぴょん	hopping, skipping, lightly and repeatedly jumping	
ピリピリ	ぴりぴり	with a sting, with a tingle, with a burn, smartingly	
ぴんぴん	ぴんぴん	lively, energetic, full of life	
ふらふら	ふらふら	unsteadily (e.g. on one's feet), shakily, staggering, tottering, reeling, dizzily, giddily	
ふわり	ふわり	softly, gently, lightly	
ぶかぶか	ぶかぶか	too large (clothing), baggy, loose-fitting	
ぶっきら棒	ぶっきらぼう	curt, blunt, brusque	
ぶつかる	ぶつかる	to bump into, to run into, to collide with, to hit, to strike	
ぶつぶつ	ぶつぶつ	grunt, grumble, complaint, mutter	
ぶらぶら	ぶらぶら	dangling, swaying, swinging	
ぶら下がる	ぶらさがる	to hang down (from), to dangle, to swing, to be suspended	
ぶら下げる	ぶらさげる	to hang, to suspend, to dangle, to swing, to carry	
ぶるぶる	ぶるぶる	trembling (with fear, anger, etc.), shivering (with cold), shaking, quivering	
ヘトヘト	ヘトヘト	completely exhausted, dead tired, knackered	
可き	べき	should, must, ought to	
ベタベタ	ベタベタ	sticky	
ペコペコ	ぺこぺこ	very hungry, starving, famished	
ペラペラ	ぺらぺら	fluently (speaking a foreign language)	
ほっと	ほっと	with a feeling of relief, with a sigh of relief	
ほら	ほら	look!, see!, here!, there!, hey!	
本の	ほんの	mere, only, just, slight	
ほんのり	ほんのり	slightly, faintly	
ぼーっと	ぼーっと	in a daze, absent-mindedly, vacantly, abstractedly, blankly, idly	
惚け	ぼけ	fool, idiot	
ぼやける	ぼやける	to become dim, to become blurred	
ボロボロ	ボロボロ	worn-out, ragged, tattered, battered, scruffy	
ぼんやり	ぼんやり	dimly, faintly, indistinctly, vaguely	
ぽかぽか	ぽかぽか	pleasantly warm, nice and warm	
ぽかん	ぽかん	vacantly, blankly, absentmindedly	
ポタポタ	ポタポタ	dripping, trickling, drop by drop, in drops	
まあ	まあ	just (e.g. "just wait here"), come now, now, now	
まあまあ	まあまあ	so-so, passable, not (so) bad, reasonable	
まごまご	まごまご	confused, flustered, at a loss	
忠実	ちゅうじつ	faithful, devoted, loyal, honest, true	
見す見す	みすみす	before one's own eyes, from under one's very nose, without doing anything, without resistance, helplessly, negligently, knowingly	
ムカムカ	ムカムカ	feeling sick, feeling queasy, feeling nauseated	
むっつり	むっつり	sullenly, taciturnly, morosely, gloomily, silently	
メキメキ	メキメキ	remarkably, markedly, rapidly	
めく	めく	to show signs of ..., to have the appearance of ...	
めっきり	めっきり	remarkably, noticeably, considerably, appreciably	
もう	もう	already, yet, by now, now, (not) any more, (not) any longer	
藻掻く	もがく	to struggle, to writhe, to wriggle, to squirm	
若し	もし	if, in case, supposing	
若しかしたら	もしかしたら	perhaps, maybe, perchance, by some chance, by any chance	
若しかして	もしかして	perhaps, possibly, maybe, by any chance, if I'm not mistaken	
若しかすると	もしかすると	perhaps, possibly, maybe, by some chance	
もしもし	もしもし	hello (e.g. on phone)	
もっと	もっと	(some) more, even more, longer, further	
持て成し	もてなし	hospitality, reception, treatment, service, entertainment	
軈て	やがて	before long, soon, shortly	
ヤクザ	ヤクザ	(member of the) yakuza, gangster, mobster	
やって来る	やってくる	to come along, to come around, to turn up	
漸と	やっと	at last, finally	
矢っ張り	やっぱり	as expected, sure enough, just as one thought	
やばい	やばい	dangerous, risky	
ややこしい	ややこしい	complicated, complex, intricate, confusing, difficult, troublesome	
やり繰り	やりくり	making do, getting by (somehow), managing	
やり取り	やりとり	giving and taking, exchange (of letters), arguing back and forth, (conversational) exchange	
やり方	やりかた	way (of doing), manner, method, means	
遣る	やる	to do, to undertake, to perform, to play (a game), to study	
やれやれ	やれやれ	oh!, ah!, oh dear!, good grief!, dear me!, thank God!	
ゆっくり	ゆっくり	slowly, unhurriedly, without haste, leisurely, at one's leisure	
ゆとり	ゆとり	elbowroom, leeway, room, reserve, margin, allowance, latitude, time (to spare)	
揺ら揺ら	ゆらゆら	swaying, swinging, rocking, shaking, wavering, flickering	
ようこそ	ようこそ	welcome	
様に	ように	like, as	
様にする	ようにする	to see to it that ..., to make sure that ..., to try to ..., to make an effort to ...	
様になる	ようになる	to reach the point where ..., to come to ..., to come to be that ..., to start to ..., to begin to ...	
寄越す	よこす	to send, to forward	
涎	よだれ	drool	
ヨチヨチ	よちよち	totteringly, with tottering steps, toddling	
より	より	than	
よれば	よれば	according to	
蹌踉めく	よろめく	to stagger, to stumble, to totter, to reel	
よろよろ	よろよろ	tottering, staggering, faltering, reeling	
らしい	らしい	seeming ..., appearing ...	
ワイワイ	わいわい	noisily, clamorously, boisterously	
わくわく	わくわく	to be excited, to be nervous, to be thrilled	
アーキテクチャ	アーキテクチャ	architecture	
アーク	アーク	arc	
アーケード	アーケード	arcade (street)	
アース	アース	earth, ground, earthing, grounding	
アーチ	アーチ	arch	
アーチェリー	アーチェリー	archery	
アーティスト	アーティスト	artist, musician	
アート	アート	art	
アーバン	アーバン	urban	
アーム	アーム	arm	
アーモンド	アーモンド	almond (Prunus dulcis)	
アイコン	アイコン	icon	
アイシャドウ	アイシャドウ	eyeshadow	
アイス	アイス	ice	
アイスクリーム	アイスクリーム	ice cream, icecream	
アイスホッケー	アイスホッケー	ice hockey	
アイテム	アイテム	item	
アイデア	アイデア	idea	
アイデンティティ	アイデンティティ	identity	
アイドル	アイドル	performer (usu. in a boy band or girl group) with an image cultivated to foster a dedicated fan following, Japanese idol	
アイヌ	アイヌ	Ainu	
アイボリー	アイボリー	ivory	
アイリス	アイリス	iris	
アイロン	アイロン	iron (for pressing clothes)	
ＯＵＴ	アウト	out (of a ball; in tennis, etc.), outside the line	
アウトドア	アウトドア	outdoors	
アウトレット	アウトレット	outlet (store)	
アカデミー	アカデミー	academy	
アカデミック	アカデミック	academic	
アキレス腱	アキレスけん	Achilles tendon, calcaneal tendon	
アコースティック	アコースティック	acoustic (instrument, music, etc.)	
アクシデント	アクシデント	accident	
アクション	アクション	action	
アクセサリー	アクセサリー	accessory (fashion), jewelry	
アクセス	アクセス	access (to a place, esp. using public transport)	
アクセル	アクセル	accelerator (pedal), gas pedal	
アクセント	アクセント	accent (on a syllable, word), stress, pitch accent	
アクティビティ	アクティビティ	activity	
アクティブ	アクティブ	active	
アクリル	アクリル	acrylic (esp. fibre or resin)	
アクロバット	アクロバット	acrobat	
アグレッシブ	アグレッシブ	aggressive	
アコーディオン	アコーディオン	accordion	
アコード	アコード	accord	
アシスタント	アシスタント	assistant	
アシスト	アシスト	assistance, help	
亜細亜	アジア	Asia	
アジト	アジト	hideout, secret base of operations, safe house	
ＡＳＣＩＩ	アスキー	American Standard Code for Information Interchange, ASCII	
アスパラガス	アスパラガス	asparagus	
アスファルト	アスファルト	asphalt	
アスベスト	アスベスト	asbestos	
アスリート	アスリート	athlete	
アスレチック	アスレチック	athletics, sports	
アセスメント	アセスメント	assessment	
アタック	アタック	attack	
アダプター	アダプター	adapter	
アダルト	アダルト	adult	
アット	アット	@ sign, at sign	
アッパー	アッパー	upper, upward	
アップ	アップ	rise, increase, raising, lifting, going up	
アトピー	アトピー	atopic, predisposition toward allergies	
アトム	アトム	atom	
アトラクション	アトラクション	attraction	
アトリエ	アトリエ	atelier, studio, workshop	
アド	アド	ad, advertisement	
アドバイザー	アドバイザー	adviser, advisor	
アドバイス	アドバイス	advice	
アドバンテージ	アドバンテージ	advantage	
アドベンチャー	アドベンチャー	adventure	
アドリブ	アドリブ	ad lib, ad-lib	
アドレス	アドレス	address	
アドレナリン	アドレナリン	adrenalin	
アナ	アナ	announcer	
アナウンサー	アナウンサー	announcer, presenter, broadcaster, reporter	
アナウンス	アナウンス	announcement (esp. over public-address system)	
アナリスト	アナリスト	analyst	
アナログ	アナログ	analog, analogue	
アニマル	アニマル	animal	
アニメ	アニメ	animation, animated film, animated cartoon, anime	
アニメーション	アニメーション	animation, animated film, animated cartoon	
アバウト	アバウト	approximate (number), rough (calculation)	
アパート	アパート	apartment building, apartment block, apartment house	
アピール	アピール	appeal (e.g. for peace), plea, request	
アフター	アフター	after	
アフタヌーン	アフタヌーン	afternoon	
アプリ	アプリ	app, application	
アプリケーション	アプリケーション	application, application software	
アプローチ	アプローチ	approach (to a problem, issue, etc.)	
アベック	アベック	(romantic) couple	
アベニュー	アベニュー	avenue, boulevard	
アマ	アマ	amateur	
アマチュア	アマチュア	amateur	
アミノ酸	アミノさん	amino acid	
アミューズメント	アミューズメント	amusement	
アメーバ	アメーバ	amoeba, ameba	
ＡＭｅＤＡＳ	アメダス	Automated Meteorological Data Acquisition System, AMeDAS	
アメフト	アメフト	American football	
アメリカン	アメリカン	American	
アメリカ人	アメリカじん	American person	
アラカルト	アラカルト	à la carte	
アラブ	アラブ	Arab, Arab countries	
アリーナ	アリーナ	arena	
アリア	アリア	aria	
アリバイ	アリバイ	alibi	
アルカディア	アルカディア	arcadia	
亜爾加里	アルカリ	alkali	
アルカリ性	アルカリせい	alkalinity	
アルコール	アルコール	alcohol	
アルゴリズム	アルゴリズム	algorithm	
アルデヒド	アルデヒド	aldehyde	
アルト	アルト	alto	
アルバイト	アルバイト	part-time job, side job	
アルバム	アルバム	album	
アルパイン	アルパイン	alpine	
Α	アルファ	alpha	
アルファベット	アルファベット	alphabet	
アルプス	アルプス	the Alps	
アルミ	アルミ	aluminum, aluminium	
アルミニウム	アルミニウム	aluminium (Al), aluminum	
アル中	アルちゅう	alcoholism	
アレルギー	アレルギー	allergy	
アレンジ	アレンジ	arrangement (of music), adaptation (of a story, recipe, etc.), interpretation, take	
アロハ	アロハ	aloha	
アワー	アワー	hour	
アンカー	アンカー	(ship's) anchor	
アングラ	アングラ	underground (film, theater, etc.), unconventional, alternative, experimental, radical	
アングル	アングル	angle	
アンケート	アンケート	questionnaire, survey, poll	
アンコール	アンコール	encore	
アンサンブル	アンサンブル	ensemble	
アンソロジー	アンソロジー	anthology	
アンダー	アンダー	under	
アンダーライン	アンダーライン	underline	
アンチ	アンチ	anti-	
アンティーク	アンティーク	antique	
アンテナ	アンテナ	antenna	
＆	アンド	and	
アンドロイド	アンドロイド	android	
アンバランス	アンバランス	unbalance, imbalance	
アンフェア	アンフェア	unfair	
アンプ	アンプ	amp, ampere	
安母尼亜	アンモニア	ammonia	
イーグル	イーグル	eagle	
イージー	イージー	easy	
イースター	イースター	Easter	
イエス	イエス	Jesus (Christ)	
イエロー	イエロー	yellow	
イオン	イオン	ion	
英吉利	イギリス	United Kingdom, UK, Britain, Great Britain	
イクラ	イクラ	salted salmon roe	
イコール	イコール	equal, equivalent	
イスタンブール	イスタンブール	Istanbul	
以色列	イスラエル	Israel	
イスラム	イスラム	Islam	
イズム	イズム	ism, -ism	
伊太利	イタリア	Italy	
イット	イット	"it", sex appeal	
イデオロギー	イデオロギー	ideology	
イニング	イニング	inning	
イノベーション	イノベーション	innovation	
イブ	イブ	eve (esp. Christmas Eve), the night before	
イブニング	イブニング	evening	
イベント	イベント	event	
イメージ	イメージ	image (in one's mind), impression, imagining, mental image, (forming a) mental picture	
イヤホン	イヤホン	earphones, earphone	
イヤリング	イヤリング	earring	
イラク	イラク	Iraq	
イラスト	イラスト	illustration, picture, sketch, drawing, figure	
イラストレーター	イラストレーター	illustrator	
イリノイ	イリノイ	Illinois	
イリュージョン	イリュージョン	illusion	
イルミネーション	イルミネーション	illumination, decorative lighting	
イレブン	イレブン	eleven	
ＩＮ	イン	in (of a ball; in tennis, etc.), inside the line	
インク	インク	ink	
英蘭	イングランド	England	
インサイダー	インサイダー	insider	
インスリン	インスリン	insulin	
インスタント	インスタント	instant	
インストラクター	インストラクター	instructor	
インスピレーション	インスピレーション	inspiration	
インセンティブ	インセンティブ	incentive	
インター	インター	interchange	
インターナショナル	インターナショナル	international	
インターネット	インターネット	Internet	
インターン	インターン	intern, internship	
インタビュー	インタビュー	interview (on television, in a newspaper, etc.)	
インタラクティブ	インタラクティブ	interactive	
インダストリアル	インダストリアル	industrial (style, manufacturing, architecture, etc.)	
吋	インチ	inch	
インチキ	インチキ	cheating, fraud, trickery, deception	
インテグレーション	インテグレーション	integration	
インテリ	インテリ	intellectual, educated person	
インテリア	インテリア	interior (of building, room, vehicle, etc.)	
インテリジェンス	インテリジェンス	intelligence	
インテリジェント	インテリジェント	intelligent	
インディアナ	インディアナ	Indiana	
インディアン	インディアン	(American) Indian, Native American	
インディペンデント	インディペンデント	independent	
インデックス	インデックス	index	
イントネーション	イントネーション	intonation	
イントロ	イントロ	intro, introduction	
印度	インド	India	
インドア	インドア	indoor	
印度支那	インドシナ	Indochina	
印度尼西亜	インドネシア	Indonesia	
インバーター	インバーター	inverter	
インパクト	インパクト	impact (on), (strong) impression, effect, influence	
インフォメーション	インフォメーション	information	
インフラ	インフラ	infrastructure	
インフルエンザ	インフルエンザ	influenza, flu	
インフレ	インフレ	inflation	
インプット	インプット	input	
インペリアル	インペリアル	imperial	
インポート	インポート	import, imported goods	
ウーマン	ウーマン	woman	
ウール	ウール	wool	
ウィーク	ウィーク	week	
ウィークエンド	ウィークエンド	weekend	
ウィークリー	ウィークリー	weekly	
ウィジェット	ウィジェット	widget	
ウイスキー	ウイスキー	whisky, whiskey	
ウインカー	ウインカー	(car) turn signal, blinker, indicator	
ウィンター	ウィンター	winter	
ウィンドウ	ウィンドウ	window	
ウインド	ウインド	wind	
ウイルス	ウイルス	virus	
ウインク	ウインク	wink	
ウイング	ウイング	wing (of a bird, aircraft, etc.)	
ウインタースポーツ	ウインタースポーツ	winter sports	
ウェイト	ウェイト	weight, body weight	
ウェイトレス	ウェイトレス	waitress	
ウェールズ	ウェールズ	Wales	
ウェア	ウェア	wear, clothing, dress	
ウェイ	ウェイ	way	
ウェブ	ウェブ	web, World Wide Web	
ウェーブ	ウェーブ	wave (on water)	
ウエスタン	ウエスタン	Western (film genre)	
ウエスト	ウエスト	waist, waistline, waist measurement	
ウェット	ウエット	wet, moist	
ウェディングドレス	ウェディングドレス	wedding dress	
ウェルカム	ウェルカム	welcome	
ウォッカ	ウォッカ	vodka	
ウォン	ウォン	won (Korean currency)	
ウォッチング	ウォッチング	watching	
烏克蘭	ウクライナ	Ukraine	
ウクレレ	ウクレレ	ukulele	
ウッド	ウッド	wood	
ウラン	ウラン	uranium (U)	
宇柳貝	ウルグアイ	Uruguay	
ウルトラ	ウルトラ	ultra	
エージェンシー	エージェンシー	agency	
エージェント	エージェント	agent	
エース	エース	ace	
エイプリルフール	エイプリルフール	April Fools' Day	
エール	エール	yell (of encouragement), cheering (esp. for a school sports team)	
エア	エア	air	
エアコン	エアコン	air conditioner, air conditioning, aircon	
エアゾール	エアゾール	aerosol	
エアバッグ	エアバッグ	air bag	
エアメール	エアメール	airmail, air mail	
エアロビクス	エアロビクス	aerobics	
ＡＩＤＳ	エイズ	acquired immune deficiency syndrome, AIDS	
エイト	エイト	eight	
エイリアン	エイリアン	alien	
エキサイティング	エキサイティング	exciting	
エキサイト	エキサイト	excite	
越幾斯	エキス	extract (of plants, meat, etc.), essence, concentrate, concentrated stock	
エクストラ	エクストラ	extra (e.g. in a film), supernumerary	
エキスパート	エキスパート	expert	
エキスポ	エキスポ	expo, exposition	
エキゾチック	エキゾチック	exotic	
厄瓜多	エクアドル	Ecuador	
エクステンション	エクステンション	extension	
エクスプレス	エクスプレス	express	
エグゼクティブ	エグゼクティブ	executive	
エコー	エコー	echo	
エコノミー	エコノミー	economy, economics, finance	
エコノミスト	エコノミスト	economist	
エコロジー	エコロジー	ecology	
エゴ	エゴ	ego	
埃及	エジプト	Egypt	
Ｓ	エス	S, s	
エスカレーター	エスカレーター	escalator	
エスカレート	エスカレート	escalation	
エスコート	エスコート	escort	
エステート	エステート	estate	
エステティック	エステティック	beauty treatment, cosmetology	
エステティックサロン	エステティックサロン	beauty salon, beauty-treatment clinic	
エステル	エステル	ester	
エストニア	エストニア	Estonia	
エストロゲン	エストロゲン	estrogen	
エスニック	エスニック	ethnic	
エスプリ	エスプリ	spirit	
エチケット	エチケット	politeness, good manners, courtesy, etiquette	
Ｘ線	エックスせん	X-ray	
エッジ	エッジ	edge	
エッセイ	エッセイ	essay	
エッセイスト	エッセイスト	essayist	
エッセンス	エッセンス	essence, extract	
Ｈ	エッチ	H, h	
エッチング	エッチング	etching	
エディション	エディション	edition	
エディター	エディター	text editor	
エデン	エデン	Eden	
エナジー	エナジー	energy	
エナメル	エナメル	enamel	
エネ	エネ	energy	
エネルギー	エネルギー	energy	
エネルギッシュ	エネルギッシュ	energetic	
エバー	エバー	ever	
エピソード	エピソード	episode, anecdote, vignette	
エピック	エピック	epic	
エプロン	エプロン	apron	
エペ	エペ	épée (fencing)	
エポック	エポック	epoch	
エメラルド	エメラルド	emerald	
エラー	エラー	error	
エリート	エリート	elite	
エリア	エリア	area	
エルサルバドル	エルサルバドル	El Salvador	
エレガンス	エレガンス	elegance	
エレガント	エレガント	elegant	
越歴	エレキ	electricity	
エレキギター	エレキギター	electric guitar	
エレクトリック	エレクトリック	electric	
エレクトロニクス	エレクトロニクス	electronics	
エレベーター	エレベーター	elevator, lift	
エロ	エロ	erotic, pornographic, obscene	
エロス	エロス	eros, sexual desire, physical love	
エロチック	エロチック	erotic	
エンジニア	エンジニア	engineer	
エンジニアリング	エンジニアリング	engineering	
エンジョイ	エンジョイ	enjoying, enjoyment	
エンジン	エンジン	engine	
エンジェル	エンジェル	angel	
エンターテインメント	エンターテインメント	entertainment	
エンタープライズ	エンタープライズ	enterprise	
エンディング	エンディング	ending	
エントリー	エントリー	entry (in an event, competition, etc.), applying for entry, registering to participate	
エンド	エンド	end, ending	
エンドレス	エンドレス	endless	
エンブレム	エンブレム	emblem	
オーク	オーク	oak	
オークション	オークション	auction	
オークス	オークス	oaks	
ＯＫ	オッケー	OK, okay	
オーケストラ	オーケストラ	orchestra	
オーシャン	オーシャン	ocean	
濠太剌利	オーストラリア	Australia	
オーソドックス	オーソドックス	orthodox	
オーダー	オーダー	order, reservation	
オーダーメイド	オーダーメイド	made-to-order (esp. clothing), custom-made, tailor-made, bespoke	
オーチャード	オーチャード	orchard	
オーディオ	オーディオ	audio	
オーディション	オーディション	audition	
オート	オート	auto, automatic	
オートキャンプ	オートキャンプ	motor home camping, caravanning	
オートクチュール	オートクチュール	haute couture	
オートバイ	オートバイ	motorcycle, motorbike	
オートマチック	オートマチック	automatic	
オートメーション	オートメーション	automation	
オートロック	オートロック	automatic lock	
オード	オード	ode	
オードブル	オードブル	hors d'oeuvre	
オーナー	オーナー	owner (esp. of a business)	
オーバー	オーバー	overcoat	
オーバーヒート	オーバーヒート	overheating	
オーバーラップ	オーバーラップ	overlap	
オーバーラン	オーバーラン	overrunning (the base)	
オーブン	オーブン	oven	
オープニング	オープニング	opening, start, launch	
オープン	オープン	opening (a new store, golf course, runway, etc.)	
オープンカー	オープンカー	open-top car, convertible, soft-top, cabriolet	
オープンセット	オープンセット	open set	
オーボエ	オーボエ	oboe	
オーラ	オーラ	aura	
オールスターキャスト	オールスターキャスト	all-star cast	
オールドガード	オールドガード	old guard	
オールナイト	オールナイト	all-night	
オールマイティ	オールマイティ	almighty	
オールラウンド	オールラウンド	all-round	
オーロラ	オーロラ	aurora	
オアシス	オアシス	oasis	
オイディプス	オイディプス	Oedipus	
オイル	オイル	oil, petroleum	
オイルフェンス	オイルフェンス	oil fence	
オカリナ	オカリナ	ocarina (type of flute)	
オカルト	オカルト	occult	
オクターブ	オクターブ	octave	
オクラ	オクラ	okra (Abelmoschus esculentus)	
オクラホマ	オクラホマ	Oklahoma	
オケ	オケ	orchestra	
オスカー	オスカー	Oscar, Academy Award	
オセアニア	オセアニア	Oceania	
オゾン	オゾン	ozone	
オゾンホール	オゾンホール	ozone hole	
オタク	オタク	otaku, geek, nerd, enthusiast	
オタワ	オタワ	Ottawa (Canada)	
牛津	オックスフォード	Oxford	
オニオン	オニオン	onion (Allium cepa)	
オハイオ	オハイオ	Ohio	
オピニオン	オピニオン	opinion	
オピニオンリーダー	オピニオンリーダー	opinion leader	
ＯＦＦ	オフ	(switched) off	
オフィシャル	オフィシャル	official	
オフィス	オフィス	office	
オフサイド	オフサイド	offside	
オフシーズン	オフシーズン	off-season	
オフレコ	オフレコ	off-the-record	
オフロード	オフロード	off-road	
オブザーバー	オブザーバー	observer	
オブジェ	オブジェ	objet d'art, item of artwork	
オブラート	オブラート	paper-thin wafer (for wrapping powdered medicine, candies, etc.)	
オプション	オプション	option, choice	
オペ	オペ	operation	
オペラ	オペラ	opera	
オペレーション	オペレーション	operation	
オペレーター	オペレーター	operator	
オペレッタ	オペレッタ	operetta	
オムニバス	オムニバス	omnibus	
オムレツ	オムレツ	omelette, omelet	
Ω	オメガ	omega (last letter of the Greek alphabet)	
オラクル	オラクル	oracle	
オラトリオ	オラトリオ	oratorio	
オランウータン	オランウータン	orangutan (Pongo pygmaeus), orang-utan, orangutang	
阿蘭陀	オランダ	Netherlands, Holland	
オリエンタリズム	オリエンタリズム	Orientalism	
オリエンタル	オリエンタル	Oriental	
オリエンテーション	オリエンテーション	orientation	
オリエンテーリング	オリエンテーリング	orienteering	
オリエント	オリエント	Orient	
オリオン	オリオン	Orion	
オリゴマー	オリゴマー	oligomer	
オリジナリティー	オリジナリティー	originality	
オリジナル	オリジナル	original	
オリンピック	オリンピック	Olympics, Olympic Games	
オルガン	オルガン	organ (musical instrument)	
オルグ	オルグ	organizer, organiser	
オルゴール	オルゴール	music box, musical box	
オレンジ	オレンジ	orange (fruit, colour)	
ＯＮ	オン	(switched) on	
オンエア	オンエア	(being) on air, (being) on the air, broadcasting	
オンス	オンス	ounce	
オンパレード	オンパレード	display, array (of things), succession (of things)	
オンブズマン	オンブズマン	ombudsman	
オンライン	オンライン	online	
オンリー	オンリー	only, just, solely	
カー	カー	car	
カースト	カースト	caste	
カーソル	カーソル	cursor	
カーチェイス	カーチェイス	car chase	
カーテン	カーテン	curtain, curtains	
カーディガン	カーディガン	cardigan	
カート	カート	(shopping) cart	
カートリッジ	カートリッジ	cartridge	
カード	カード	card (information, filing, etc.)	
カーニバル	カーニバル	carnival	
カーネーション	カーネーション	carnation (Dianthus caryophyllus)	
カーフェリー	カーフェリー	car ferry	
カーブ	カーブ	curve, turn, bend	
カーペット	カーペット	carpet	
カーボン	カーボン	carbon	
カーリング	カーリング	curling	
カール	カール	curl (of hair), ringlet	
カーレース	カーレース	car race	
カーン	カーン	kern	
カイト	カイト	kite	
カウチポテト	カウチポテト	couch potato, television addict	
カウボーイ	カウボーイ	cowboy	
カウンセラー	カウンセラー	counselor, counsellor	
カウンセリング	カウンセリング	counseling	
カウンター	カウンター	counter, counting device	
カウント	カウント	count, counting	
カオス	カオス	chaos	
カクテル	カクテル	cocktail	
カサカサ	カサカサ	dry and rough, desiccated	
カジノ	カジノ	casino	
カジュアル	カジュアル	casual, informal	
カスタム	カスタム	custom, custom-made, custom-built	
カステラ	カステラ	castella (type of sponge cake)	
カスバ	カスバ	kasbah, casbah, qasbah	
カセット	カセット	cassette (tape)	
カセットテープ	カセットテープ	cassette tape	
加答児	カタル	catarrh	
型録	カタログ	catalog, catalogue	
カッター	カッター	cutter, cutting tool	
カット	カット	cut, cutting	
カップ	カップ	cup (drinking vessel, measure, brassiere, prize, etc.)	
カップリングシュガー	カップリングシュガー	coupling sugar	
カップル	カップル	couple	
カツ	カツ	cutlet (usu. crumbed and fried), katsu	
カテーテル	カテーテル	catheter	
カテゴリ	カテゴリ	category	
カデンツ	カデンツ	cadence	
カトリシズム	カトリシズム	Catholicism	
加特力	カトリック	Catholic, Catholicism, Catholic Church	
カトレヤ	カトレヤ	cattleya (type of orchid)	
カドミウム	カドミウム	cadmium (Cd)	
加奈陀	カナダ	Canada	
金糸雀	カナリア	canary (esp. the island canary, Serinus canaria)	
カヌー	カヌー	canoe	
カバー	カバー	cover, covering, dust jacket, wrapper	
カフェ	カフェ	café, cafe, coffeehouse	
カフェイン	カフェイン	caffeine	
カフェテリア	カフェテリア	cafeteria	
カフス	カフス	cuffs	
カブ	カブ	cub	
カプセル	カプセル	capsule	
カプラー	カプラー	coupler	
カマーバンド	カマーバンド	cummerbund	
カム	カム	cam	
カムバック	カムバック	comeback	
カメラ	カメラ	camera	
カメラマン	カメラマン	photographer	
カメレオン	カメレオン	chameleon	
カヤック	カヤック	kayak	
カラー	カラー	color, colour	
カラーコーディネーター	カラーコーディネーター	color coordinator, colour coordinator	
カラード	カラード	colored (person), coloured	
空オケ	カラオケ	karaoke	
カラチ	カラチ	Karachi	
カラット	カラット	carat (unit of weight for gemstones and pearls)	
カラフル	カラフル	colorful, colourful	
カリウム	カリウム	potassium (K)	
カリキュラム	カリキュラム	curriculum	
カリスマ	カリスマ	charisma (i.e. attractiveness, charm)	
カリフォルニア	カリフォルニア	California	
加爾基	カルキ	chlorinated lime, calcium hypochlorite, chloride of lime, bleaching powder	
カルシウム	カルシウム	calcium (Ca)	
カルダモン	カルダモン	cardamom, cardamon	
カルチャー	カルチャー	culture	
カルチャーショック	カルチャーショック	culture shock	
カルチャーセンター	カルチャーセンター	cultural center, cultural centre	
カルテ	カルテ	patient's chart, clinical records	
カルテット	カルテット	quartet	
カルテル	カルテル	cartel	
カルデラ	カルデラ	caldera	
カルト	カルト	cult	
カルバドス	カルバドス	calvados	
カルメラ	カルメラ	honeycomb toffee, sponge toffee, foam candy from heated brown sugar mixed with baking soda	
咖哩	カレー	curry (esp. Japanese curry)	
カレッジ	カレッジ	college	
カレンシー	カレンシー	currency	
カレンダー	カレンダー	calendar	
カローラ	カローラ	corolla	
カロチン	カロチン	carotene	
カロライナ	カロライナ	Carolina	
カロリー	カロリー	calorie	
カンガルー	カンガルー	kangaroo	
カンザス	カンザス	Kansas	
カンタータ	カンタータ	cantata	
カンツォーネ	カンツォーネ	canzone	
カント	カント	cant	
カンニング	カンニング	cheating (on an examination), cribbing	
カンパ	カンパ	fundraising campaign	
カンパニー	カンパニー	company (i.e. business)	
カンフル	カンフル	camphor	
ガーゼ	ガーゼ	gauze	
ガーデン	ガーデン	garden	
ガード	ガード	guarding, guard	
ガードマン	ガードマン	security guard	
ガードレール	ガードレール	guardrail	
ガール	ガール	girl	
ガールフレンド	ガールフレンド	girl friend, girlfriend	
ガイ	ガイ	guy	
ガイダンス	ガイダンス	guidance	
ガイド	ガイド	guide, tour guide, conductor, guiding, leading	
ガイドブック	ガイドブック	guidebook	
ガウシアン	ガウシアン	Gaussian	
ガウン	ガウン	gown, elegant dress	
ガジェット	ガジェット	gadget	
瓦斯	ガス	gas (as a fuel)	
ガスタービン	ガスタービン	gas turbine	
ガストアルバイター	ガストアルバイター	foreign worker	
ガスボンベ	ガスボンベ	gas cylinder	
ガスマスク	ガスマスク	gas mask	
ガソール	ガソール	gasohol	
ガソリン	ガソリン	gasoline, petrol	
ガソリンスタンド	ガソリンスタンド	gas station, petrol station, filling station	
ガッツ	ガッツ	guts	
ガッツポーズ	ガッツポーズ	triumphant pose (assumed by an athlete, etc.)	
ガット	ガット	gut (used to make tennis rackets, violin strings, etc.), catgut	
ガボット	ガボット	gavotte	
ガム	ガム	chewing gum	
ガメラン	ガメラン	gamelan (traditional Indonesian music ensemble)	
硝子	ガラス	glass, pane	
ガラス張り	ガラスばり	glazing, fitting with glass	
ガリウム	ガリウム	gallium (Ga)	
ガリバー	ガリバー	Gulliver	
ガリレオ	ガリレオ	Galileo	
ガレージ	ガレージ	garage	
ガロン	ガロン	gallon	
ガン	ガン	gun	
ガンガン	ガンガン	clanging, banging, booming, loudly	
Γ	ガンマ	gamma	
キー	キー	key (for a lock)	
キーステーション	キーステーション	key station, flagship station, leading station of a broadcasting network	
キーパー	キーパー	goalkeeper, keeper, goalie	
キープ	キープ	to keep (e.g. the lead), to maintain (a standard, situation, etc.)	
キーホルダー	キーホルダー	keychain, key chain	
キーボード	キーボード	keyboard	
キーポイント	キーポイント	key point, the key	
キーマン	キーマン	keyman, key person (e.g. of a company)	
キール	キール	keel	
キーワード	キーワード	key word, key phrase, clue	
キウイ	キウイ	kiwifruit, kiwi fruit, kiwi	
キオスク	キオスク	kiosk	
キス	キス	kiss	
キック	キック	kick	
キックオフ	キックオフ	kickoff	
キックボクシング	キックボクシング	kickboxing, kick-boxing	
キッズビジネス	キッズビジネス	kids' business	
キッチン	キッチン	kitchen	
キット	キット	kit	
キッド	キッド	kid	
キネシオロジー	キネシオロジー	kinesiology	
沈菜	キムチ	kimchi, kimchee	
キメラ	キメラ	chimera, chimaera	
キャスター	キャスター	caster	
キャスティング	キャスティング	casting (of roles)	
キャスト	キャスト	cast (of a film, play, etc.), cast member, role	
キャッシュ	キャッシュ	cache	
キャッシュカード	キャッシュカード	cash card, ATM card	
キャッシング	キャッシング	caching	
キャッチ	キャッチ	catch, catching, obtaining (e.g. information), receiving (e.g. radio transmission or phone call)	
キャッチフレーズ	キャッチフレーズ	catchphrase	
キャッチャー	キャッチャー	catcher	
キャッツアイ	キャッツアイ	cat's-eye (semiprecious stone)	
キャットウォーク	キャットウォーク	catwalk (narrow walkway above a stage, along the side of a bridge, etc.)	
キャップ	キャップ	cap (hat)	
キャディー	キャディー	caddie, caddy	
キャバレー	キャバレー	cabaret	
キャビア	キャビア	caviar, caviare	
キャビネット	キャビネット	cabinet, housing (for equipment)	
キャビン	キャビン	cabin	
キャピタリズム	キャピタリズム	capitalism	
キャピタルゲイン	キャピタルゲイン	capital gain	
キャブレター	キャブレター	carburetor, carburettor, carburator, carburetter	
キャプション	キャプション	caption, headline, legend, cutline	
キャプテン	キャプテン	captain	
キャベツ	キャベツ	cabbage (Brassica oleracea)	
キャメル	キャメル	camel	
キャラクター	キャラクター	character, personality, disposition	
キャラバン	キャラバン	caravan	
キャリー	キャリー	carry, carrying	
キャリア	キャリア	career, occupation	
キャロル	キャロル	carol	
キャンセル	キャンセル	cancellation	
キャンディ	キャンディ	candy, sweets	
キャンドル	キャンドル	candle	
キャンバス	キャンバス	canvas	
キャンパー	キャンパー	camper	
キャンパス	キャンパス	campus	
キャンピング	キャンピング	camping	
キャンピングカー	キャンピングカー	mobile home, camper-van, RV	
キャンプ	キャンプ	camp, camping	
キャンプイン	キャンプイン	beginning training camp	
キャンベラ	キャンベラ	Canberra (Australia)	
キャンペーン	キャンペーン	(sales) promotion, (sales, advertising) campaign	
キュー	キュー	cue (billiards, pool), cue stick	
キュート	キュート	cute	
玖馬	キューバ	Cuba	
キュリー	キュリー	curie (unit of radioactivity)	
キュレーター	キュレーター	curator	
キュロット	キュロット	culottes (esp. short divided skirt)	
キラー	キラー	killer, destroyer, annihilator, defeater	
切支丹	キリシタン	Christianity (in feudal Japan), Christian	
基督	キリスト	Christ	
キリスト教	キリストきょう	Christianity	
キリル	キリル	Cyrillic	
キル	キル	kill	
キロ	キロ	kilo-, 1000	
瓩	キログラム	kilogram, kilogramme	
粁	キロメートル	kilometer, kilometre	
キロワット	キロワット	kilowatt, kW	
キング	キング	king	
ギア	ギア	gear	
ギガ	ギガ	giga-, 10^9	
ギター	ギター	guitar	
ギタリスト	ギタリスト	guitarist	
ギフト	ギフト	gift	
ギブアップ	ギブアップ	give up	
ギプス	ギプス	plaster cast, cast	
ギャグ	ギャグ	joke, gag	
ギャップ	ギャップ	gap	
ギャラ	ギャラ	fee paid to performing artists, etc., appearance fee	
ギャラリー	ギャラリー	gallery, corridor	
ギャル	ギャル	gyaru, (young) woman adhering to a fashion style usually characterized by dyed hair and gaudy clothing	
ギャルソン	ギャルソン	(male) waiter	
ギャロッピングインフレ	ギャロッピングインフレ	galloping inflation	
ギャング	ギャング	gang	
ギャンブラー	ギャンブラー	gambler	
ギャンブル	ギャンブル	gambling	
希臘	ギリシャ	Greece	
ギルド	ギルド	guild	
ギロチン	ギロチン	guillotine	
クーキー	クーキー	kooky, weird	
クーデター	クーデター	coup d'état, coup	
クーペ	クーペ	coupé, coupe	
クーポン	クーポン	coupon, voucher	
クーラー	クーラー	air conditioner	
クーリングオフ	クーリングオフ	cooling-off (period)	
クール	クール	cool (temperature, color, etc.)	
クイーン	クイーン	queen	
クイーンズイングリッシュ	クイーンズイングリッシュ	Queen's English	
クイズ	クイズ	quiz	
クイック	クイック	quick	
クインテット	クインテット	quintet	
科威都	クウェート	Kuwait	
クエーサー	クエーサー	quasar, quasi-stellar object, QSO	
クオート	クオート	quart	
クオリティ	クオリティ	quality	
クッキー	クッキー	cookie, biscuit	
クッキング	クッキング	cooking	
クッション	クッション	cushion	
クラーク	クラーク	clerk, office worker	
クライアント	クライアント	client	
クライシス	クライシス	crisis	
クライマックス	クライマックス	climax	
クライミング	クライミング	climbing	
クライムストーリー	クライムストーリー	crime story	
クラウン	クラウン	crown (headdress)	
クラクション	クラクション	(car) horn, klaxon	
クラシカル	クラシカル	classical	
クラシック	クラシック	classical music	
クラス	クラス	class	
クラスメイト	クラスメイト	classmate	
クラッカー	クラッカー	cracker	
クラック	クラック	crack	
クラッシュ	クラッシュ	crash (esp. of a vehicle)	
クラッチ	クラッチ	clutch	
クラフト	クラフト	craft, crafting, handcrafted article	
クラブ	クラブ	nightclub	
クラン	クラン	clan	
クランク	クランク	crank (mechanism)	
クランクイン	クランクイン	start of filming	
クリーク	クリーク	5-wood (club)	
クリーナー	クリーナー	cleaner	
クリーニング	クリーニング	cleaning, dry cleaning, laundry service	
クリーム	クリーム	cream	
クリーン	クリーン	clean	
クリーンアップトリオ	クリーンアップトリオ	third, fourth, and fifth batters	
クリーンヒット	クリーンヒット	clean hit	
クリエイター	クリエイター	creator, inventor	
クリエイティブ	クリエイティブ	creative	
クリオール	クリオール	creole	
クリケット	クリケット	cricket (game)	
クリスタル	クリスタル	crystal	
クリスチャン	クリスチャン	Christian	
クリスマス	クリスマス	Christmas	
クリスマスイブ	クリスマスイブ	Christmas Eve	
クリスマスカード	クリスマスカード	Christmas card	
クリスマスツリー	クリスマスツリー	Christmas tree	
クリック	クリック	(mouse) click	
クリップ	クリップ	clip (paper, surgical, etc.)	
クリニック	クリニック	clinic	
クリンチ	クリンチ	clinch	
クルー	クルー	crew	
クルーザー	クルーザー	cruiser (i.e. warship or cabin cruiser)	
クルージング	クルージング	cruising	
クルーズ	クルーズ	cruise	
久留子	クルス	cross sign	
クルド	クルド	Kurd	
クレー	クレー	clay	
クレーコート	クレーコート	clay court (tennis)	
クレイジー	クレイジー	crazy	
クレーター	クレーター	crater	
クレープ	クレープ	crêpe	
クレーム	クレーム	claim (for compensation), customer complaint seeking compensation	
クレーン	クレーン	crane (machine)	
クレアチニンクリアランス	クレアチニンクリアランス	creatinine clearance	
クレオソート	クレオソート	creosote	
クレジット	クレジット	credit	
クレジットカード	クレジットカード	credit card	
クレディビリティーギャップ	クレディビリティーギャップ	credibility gap	
クレンザー	クレンザー	cleanser, scouring powder, detergent	
クレンジングクリーム	クレンジングクリーム	cleansing cream	
クローク	クローク	cloakroom, checkroom	
クローズ	クローズ	close, closing	
クローズアップ	クローズアップ	close-up	
クロール	クロール	crawl (swimming), front crawl, forward crawl	
クローン	クローン	clone	
クロアチア	クロアチア	Croatia	
クロス	クロス	cross	
クロスカントリー	クロスカントリー	cross-country (running, skiing, etc.)	
クロスワード	クロスワード	crossword	
クロック	クロック	clock	
クロニクル	クロニクル	chronicle	
クロノスコープ	クロノスコープ	chronoscope	
クロム	クロム	chromium (Cr)	
クロレラ	クロレラ	chlorella (alga)	
クワイア	クワイア	choir	
グー	グー	good	
グアテマラ	グアテマラ	Guatemala	
瓜姆	グアム	Guam	
グッズ	グッズ	goods, merchandise, commercial items	
グッド	グッド	good	
グライコ	グライコ	graphic equalizer, graphic equaliser	
グライダー	グライダー	glider	
グラウンド	グラウンド	(sports) ground, (playing) field, playground, stadium	
グラス	グラス	glass (drinking vessel)	
グラスファイバー	グラスファイバー	glass fiber, glass fibre	
グラタン	グラタン	gratin	
グラデーション	グラデーション	gradation	
グラビア	グラビア	gravure, photogravure, rotogravure, gravure picture	
グラフ	グラフ	graph, chart, diagram	
グラフィック	グラフィック	graphics, graphic	
グラフィックス	グラフィックス	graphics	
グラマー	グラマー	voluptuous, full-breasted, buxom, busty	
瓦	グラム	gram, gramme	
グランス	グランス	glans	
グランデ	グランデ	grand	
グランド	グランド	grand, large	
グランドピアノ	グランドピアノ	grand piano	
グランプリ	グランプリ	Grand Prix, grand prize	
グリークラブ	グリークラブ	glee club	
グリーン	グリーン	green (colour)	
グリーンスクール	グリーンスクール	green school	
グリーンピース	グリーンピース	green peas	
グリーンフィー	グリーンフィー	green fee	
臥児狼徳	グリーンランド	Greenland	
グリコーゲン	グリコーゲン	glycogen	
グリップ	グリップ	grip	
グリル	グリル	grill (esp. fish grill), grilled food	
グルー	グルー	glue	
グループ	グループ	group (usu. of people)	
グルメ	グルメ	fine food, high-quality food	
グレー	グレー	grey, gray	
グレーゾーン	グレーゾーン	gray zone, grey zone, gray area	
グレート	グレート	great	
グレード	グレード	grade	
グレープフルーツ	グレープフルーツ	grapefruit	
グレコローマンスタイル	グレコローマンスタイル	Greco-Roman wrestling, Greco-Roman style, classic wrestling	
グレゴリオ	グレゴリオ	Gregorian (calendar)	
グロ	グロ	grotesque	
グローバリズム	グローバリズム	globalism	
グローバル	グローバル	global	
グローブ	グローブ	glove (esp. in sports), mitt	
グロテスク	グロテスク	grotesque, bizarre, weird, strange	
グロリア	グロリア	Gloria	
ケーオー	ケーオー	KO, knock-out	
ケーキ	ケーキ	cake	
ケージ	ケージ	cage	
ケース	ケース	case (container)	
ケーススタディ	ケーススタディ	case study	
ケースワーカー	ケースワーカー	caseworker	
ケーソン工法	ケーソンこうほう	caisson method	
ケーブル	ケーブル	cable	
ケープ	ケープ	cape	
ケア	ケア	care (e.g. medical), attention, nursing	
ケチャップ	ケチャップ	ketchup, catsup	
ケベック	ケベック	Quebec	
ケミカル	ケミカル	chemical	
ケルン	ケルン	Koeln, Cologne	
ケロイド	ケロイド	keloid	
ゲージ	ゲージ	gauge	
ゲート	ゲート	gate (for entry, boarding, etc.)	
ゲートボール	ゲートボール	gateball (mallet sport similar to croquet)	
ゲーム	ゲーム	game	
ゲームセット	ゲームセット	game, set and match, end of the game, end of the match	
ゲームセンター	ゲームセンター	game arcade, video arcade, penny arcade	
ゲイ	ゲイ	gay person (esp. male)	
ゲイリブ	ゲイリブ	gay lib(eration)	
ゲイン	ゲイン	gain	
ゲシュタポ	ゲシュタポ	Gestapo	
ゲスト	ゲスト	guest	
ゲットー	ゲットー	ghetto	
ゲノム	ゲノム	genome	
ゲバリスタ	ゲバリスタ	Guevarista	
ゲリラ	ゲリラ	guerrilla, guerrilla warfare	
ゲル	ゲル	gel	
日耳曼	ゲルマン	Germanic (people, language, culture, etc.)	
ゲレンデ	ゲレンデ	ski slope	
コーキング	コーキング	caulking, calking	
コークスクリュー	コークスクリュー	corkscrew	
コース	コース	course, route, trail	
コースター	コースター	(drinks) coaster	
コーチ	コーチ	coach	
コーティング	コーティング	coating	
コーディネーター	コーディネーター	coordinator	
コーディネート	コーディネート	coordinate, co-ordinate, coordination	
コート	コート	coat	
コード	コード	code, program	
コードレス	コードレス	cordless	
コードレスホン	コードレスホン	cordless phone	
コーナー	コーナー	corner, bend, turn	
コーナリング	コーナリング	cornering	
珈琲	コーヒー	coffee	
コーヒーショップ	コーヒーショップ	coffee shop	
コープ	コープ	co-op, co-operative	
コーポ	コーポ	apartment building, block of flats, condominium	
コーポレーション	コーポレーション	corporation	
コーポレートアイデンティティー	コーポレートアイデンティティー	corporate identity	
コーラ	コーラ	cola (carbonated soft drink)	
コーラス	コーラス	chorus	
コーラン	コーラン	Koran, Qur'an, Quran	
コール	コール	(telephone) call, ring (of a telephone)	
コールド	コールド	cold	
コールドゲーム	コールドゲーム	called game	
コーン	コーン	(ice cream) cone	
コーンスターチ	コーンスターチ	cornstarch, corn starch, cornflour	
コア	コア	core	
コアビタシオン	コアビタシオン	cohabitation	
コアラ	コアラ	koala	
コイル	コイル	coil	
コイン	コイン	coin	
コインロッカー	コインロッカー	coin-operated locker	
古加涅	コカイン	cocaine	
コギトエルゴスム	コギトエルゴスム	cogito, ergo sum, I think, therefore I am	
ココア	ココア	cocoa (beverage, cocoa solids), hot chocolate	
ココム	ココム	Coordinating Committee for Export to Communist Area, COCOM	
コスタリカ	コスタリカ	Costa Rica	
コスチューム	コスチューム	costume	
コスト	コスト	cost	
コスプレ	コスプレ	cosplay (dressing up as a character from an anime, manga, video game, etc.)	
コスモ	コスモ	cosmos	
コスモス	コスモス	cosmos	
コスモポリタン	コスモポリタン	cosmopolitan	
コック	コック	cook, chef	
コックス	コックス	cox, coxswain	
コックピット	コックピット	cockpit	
コットン	コットン	cotton	
洋杯	コップ	glass (drinking vessel), tumbler	
コテージ	コテージ	cottage	
コニーデ	コニーデ	stratovolcano, composite volcano	
コニャック	コニャック	cognac	
コネ	コネ	connection, pull	
コネクション	コネクション	connection	
コバルト	コバルト	cobalt (Co)	
コバルトブルー	コバルトブルー	cobalt blue	
コピー	コピー	copy, photocopy	
コピーライト	コピーライト	copyright	
コブラ	コブラ	cobra	
コペルニクス	コペルニクス	Copernicus (1473-1543)	
コマ	コマ	coma (of a comet)	
コマーシャル	コマーシャル	commercial (TV or radio advertisement)	
コマンド	コマンド	command	
コミカル	コミカル	comical	
コミック	コミック	comic books, comics	
コミックス	コミックス	comics	
コミッショナー	コミッショナー	commissioner	
コミッション	コミッション	commission	
コミット	コミット	committing (oneself to), commitment, involvement, participation	
コミュニケ	コミュニケ	communiqué	
コミュニケーション	コミュニケーション	communication	
コミュニティ	コミュニティ	community	
ＣＯＭ	コム	computer output microfilm system, COM	
コメディ	コメディ	comedy	
コメディアン	コメディアン	comedian	
コメンテーター	コメンテーター	commentator	
コメント	コメント	comment	
コラージュ	コラージュ	collage	
コラール	コラール	choral	
コラボレーション	コラボレーション	collaboration	
コラム	コラム	column (e.g. in newspaper), stand-alone feature article framed by a box	
コラムニスト	コラムニスト	columnist	
コリー	コリー	collie	
コリア	コリア	Korea	
コル	コル	col	
コルク	コルク	cork	
コレクション	コレクション	collection (of art, stamps, etc.), collecting	
コレクター	コレクター	collector	
コレステロール	コレステロール	cholesterol	
コロイド	コロイド	colloid	
コロシアム	コロシアム	Colosseum (amphitheatre in Rome)	
コロッケ	コロッケ	croquette	
コロナ	コロナ	corona	
コロニー	コロニー	colony	
コロラド	コロラド	Colorado	
コロン	コロン	colon (punctuation)	
コロンブスデー	コロンブスデー	Columbus Day	
コンクール	コンクール	competition, contest	
混凝土	コンクリート	concrete	
コングロマーチャント	コングロマーチャント	conglomerate merchant	
コンコース	コンコース	concourse	
コンコルド	コンコルド	concord	
コンゴ	コンゴ	Congo	
コンサート	コンサート	concert	
コンサルタント	コンサルタント	consultant	
コンサルティング	コンサルティング	consulting	
コンシューマー	コンシューマー	consumer	
コンスタント	コンスタント	constant, steady	
コンセプト	コンセプト	concept, general idea, notion	
コンセンサス	コンセンサス	consensus	
コンセント	コンセント	(electrical) outlet, (wall) socket, power point	
コンソーシアム	コンソーシアム	consortium	
コンタクト	コンタクト	contact, touch	
コンタクトレンズ	コンタクトレンズ	contact lens	
コンダクター	コンダクター	conductor	
コンチェルト	コンチェルト	concerto	
コンチネンタル	コンチネンタル	continental	
コンテ	コンテ	storyboard	
コンテスト	コンテスト	contest	
コンテナ	コンテナ	container (e.g. shipping), skip	
コンテンポラリー	コンテンポラリー	contemporary	
コンディション	コンディション	condition	
コンデンサ	コンデンサ	capacitor, condenser	
コント	コント	conte, short story, tale	
コントラ	コントラ	contra	
コントラスト	コントラスト	contrast	
コントラバス	コントラバス	contrabass, double bass, bass	
コントローラー	コントローラー	controller	
コントロール	コントロール	control	
コンドーム	コンドーム	condom	
コンドミニアム	コンドミニアム	condominium	
コンドル	コンドル	condor (incl. other New World vultures of family Cathartidae)	
コンバーター	コンバーター	converter	
コンバート	コンバート	conversion (esp. of computer data)	
コンバイン	コンバイン	combine, combine harvester	
コンパ	コンパ	party, social event, get-together, mixer	
コンパクト	コンパクト	compact	
コンパス	コンパス	compass (for drawing circles, etc.), pair of compasses	
コンパニオン	コンパニオン	promotional model (at a trade show, etc.), female guide (at a convention), booth babe	
コンビ	コンビ	combination, pair, duo	
コンビナート	コンビナート	industrial complex	
コンビニ	コンビニ	convenience store	
コンビニエンス	コンビニエンス	convenience	
コンビネーション	コンビネーション	combination	
コンピュータ	コンピュータ	computer	
コンフィギュレーション	コンフィギュレーション	configuration	
コンブリオ	コンブリオ	con brio	
コンプレックス	コンプレックス	complex, inferiority complex	
コンプレッサー	コンプレッサー	compressor	
コンベンション	コンベンション	convention	
コンベンションセンター	コンベンションセンター	convention center, convention centre	
コンペ	コンペ	competition	
コンペティション	コンペティション	competition	
コンボイ	コンボイ	convoy	
コンポ	コンポ	component, component stereo	
コンポスト	コンポスト	compost	
ゴーカート	ゴーカート	go-kart, go-cart	
ゴーグル	ゴーグル	goggles	
ＧＯサイン	ゴーサイン	green light, (giving) permission, OK	
ゴージャス	ゴージャス	gorgeous, sumptuous, extravagant, luxurious	
ゴースト	ゴースト	ghost	
ゴーストタウン	ゴーストタウン	ghost town	
ゴール	ゴール	goal (in soccer, hockey, etc.), basket (in basketball)	
ゴールイン	ゴールイン	reaching the winning post, reaching the finish, making the goal	
ゴールキーパー	ゴールキーパー	goalkeeper	
ゴールデン	ゴールデン	golden	
ゴールデンアワー	ゴールデンアワー	prime time television	
ゴールデンウィーク	ゴールデンウィーク	Golden Week, string of public holidays in late April-early May	
ゴールデンタイム	ゴールデンタイム	prime time (on television or radio), peak time	
ゴールド	ゴールド	gold	
ゴールライン	ゴールライン	goal line	
蜚蠊	ゴキブリ	cockroach	
ゴシック	ゴシック	Gothic (style, e.g. in architecture)	
ゴシップ	ゴシップ	gossip	
ゴスペル	ゴスペル	gospel (of Jesus)	
ゴッドファーザー	ゴッドファーザー	godfather	
護謨	ゴム	gum, rubber	
ゴリラ	ゴリラ	gorilla (Gorilla spp., esp. western gorilla, Gorilla gorilla)	
ゴルジュ	ゴルジュ	gorge, canyon	
ゴルフ	ゴルフ	golf	
ゴルファー	ゴルファー	golfer	
ゴング	ゴング	gong (instrument)	
ゴンドラ	ゴンドラ	gondola (boat, esp. in Venice)	
サーカス	サーカス	circus	
サーキット	サーキット	(electric) circuit	
サークル	サークル	group with a common interest (e.g. students), club (e.g. company sports club), circle	
サーチ	サーチ	search	
サーチライト	サーチライト	searchlight	
サード	サード	third	
サーバ	サーバ	server	
サービス	サービス	service, help, assistance, care, concern	
サービスエース	サービスエース	ace (serve; in tennis, volleyball, etc.)	
サービスエリア	サービスエリア	service area, toll road rest stop, rest area	
サーファー	サーファー	surfer	
サーフィン	サーフィン	surfing, surfboarding	
サーブ	サーブ	serve	
サーベイランス	サーベイランス	surveillance	
サーモン	サーモン	salmon	
サーロイン	サーロイン	sirloin	
サイエンス	サイエンス	science	
サイクリング	サイクリング	cycling, bicycling	
サイクル	サイクル	cycle	
サイクロン	サイクロン	cyclone	
サイズ	サイズ	size	
サイト	サイト	site	
サイド	サイド	side	
サイドカー	サイドカー	sidecar	
サイドビジネス	サイドビジネス	side business, side job	
サイレン	サイレン	siren	
サイレント	サイレント	silent	
サイロ	サイロ	silo	
サイン	サイン	autograph, signature	
サウジ	サウジ	Saudi Arabia	
サウジアラビア	サウジアラビア	Saudi Arabia	
サウスカロライナ	サウスカロライナ	South Carolina	
サウスポー	サウスポー	southpaw, left-handed person	
サウナ	サウナ	sauna	
サウンド	サウンド	sound	
サクセス	サクセス	success	
サクソフォン	サクソフォン	saxophone	
サザンクロス	サザンクロス	Southern Cross (asterism formed with the brightest four stars of the constellation Crux)	
サスペンション	サスペンション	suspension (in a vehicle)	
サスペンス	サスペンス	suspense (esp. in a film, novel, etc.)	
サッカー	サッカー	soccer, (association) football	
サックス	サックス	saxophone, sax	
サッシ	サッシ	sash, sliding window frame (esp. metal)	
サテライト	サテライト	satellite	
サテン	サテン	satin	
サディスティック	サディスティック	sadistic	
サド	サド	sadist	
サドル	サドル	saddle	
サドンデス	サドンデス	sudden death	
サニタリー	サニタリー	sanitary	
撒哈拉	サハラ	Sahara	
サハラ砂漠	サハラさばく	Sahara Desert	
サバイバル	サバイバル	survival	
サバンナ	サバンナ	savanna, savannah	
サパー	サパー	supper	
サファイア	サファイア	sapphire	
サファリ	サファリ	safari	
サファリラリー	サファリラリー	safari rally	
サブ	サブ	sub, substitute, reserve, backup	
サブタイトル	サブタイトル	subtitle	
サブマリン	サブマリン	submarine	
サプライ	サプライ	supply	
サプライヤー	サプライヤー	supplier	
サボる	サボる	to be truant, to slack off, to play hooky, to skip school, to cut class, to skip out	
サポーター	サポーター	supporter (e.g. wrist supporter), athletic supporter, jockstrap	
サポート	サポート	support	
サマー	サマー	summer	
サマースクール	サマースクール	summer school	
サマライズ	サマライズ	summarize, summarise	
サミット	サミット	summit (meeting)	
サラウンド	サラウンド	surround (sound)	
サラダ	サラダ	salad	
サラブレッド	サラブレッド	thoroughbred (horse)	
サラリー	サラリー	salary	
サラリーマン	サラリーマン	office worker, company employee, company man, salaryman	
サリー	サリー	sari, saree	
サリン	サリン	sarin (nerve agent)	
サルーン	サルーン	saloon	
サルサ	サルサ	salsa (dance)	
サルバルサン	サルバルサン	Salvarsan (brand of arsphenamine)	
サロン	サロン	salon, saloon, reception room	
サンキュー	サンキュー	thank you, thanks	
サンクスギビングデー	サンクスギビングデー	Thanksgiving Day	
サンクチュアリ	サンクチュアリ	sanctuary	
サングラス	サングラス	sunglasses	
サンシャイン	サンシャイン	sunshine	
サンスクリット	サンスクリット	Sanskrit	
サンタクロース	サンタクロース	Santa Claus	
サンダーバード	サンダーバード	thunderbird (North-American indigenous mythical spirit bird)	
サンダル	サンダル	sandal	
サンチュール	サンチュール	belt	
サンデー	サンデー	sundae	
サンディエゴ	サンディエゴ	San Diego	
サントラ	サントラ	soundtrack	
サンドイッチ	サンドイッチ	sandwich	
サンドペーパー	サンドペーパー	sandpaper	
サンノゼ	サンノゼ	San Jose	
サンバ	サンバ	samba	
サンフォライズ	サンフォライズ	Sanforized, Sanforised	
サンフランシスコ	サンフランシスコ	San Francisco	
サンプラー	サンプラー	sampler	
サンプリング	サンプリング	sampling, taking a sample	
サンプル	サンプル	sample, example, specimen	
サンボ	サンボ	self-defence (defense) (type of wrestling)	
サンルーフ	サンルーフ	sunroof	
蝲蛄	ザリガニ	crayfish (esp. the Japanese crayfish or red swamp crayfish), crawfish	
ザンビア	ザンビア	Zambia	
シーア派	シーアは	Shia (Islam)	
ＣＭ	シー・エム	commercial (radio, TV, etc.), ad, commercial message	
シーク	シーク	seek	
シークレット	シークレット	secret	
シークレットサービス	シークレットサービス	secret service (intelligence agency)	
シーズニング	シーズニング	seasoning	
シーズン	シーズン	season (period in which regulated games are played)	
シーズンオフ	シーズンオフ	off-season	
シーソーゲーム	シーソーゲーム	seesaw game, back-and-forth match, match in which the lead changes hands several times	
シーツ	シーツ	sheet, bed sheet	
シート	シート	seat	
シートベルト	シートベルト	seat belt, seatbelt, safety belt	
シード	シード	seed	
シーフード	シーフード	seafood	
シームレス	シームレス	seamless	
シーリング	シーリング	ceiling	
シール	シール	seal	
シールド	シールド	shield	
シーン	シーン	scene, sight	
シアター	シアター	theater, theatre	
舎路	シアトル	Seattle	
シアン	シアン	cyan	
シェーカー	シェーカー	(cocktail) shaker	
シェイク	シェイク	shaking (e.g. a container)	
シェーバー	シェーバー	shaver	
シェア	シェア	sharing, share (on social media)	
シェアリング	シェアリング	sharing	
シェイプアップ	シェイプアップ	getting in shape, improving one's figure	
シェパード	シェパード	German shepherd (dog breed), Alsatian	
シェフ	シェフ	chef	
シェリー	シェリー	sherry	
シェル	シェル	shell	
シェルター	シェルター	shelter	
シエスタ	シエスタ	siesta	
シオニスト	シオニスト	Zionist	
シオニズム	シオニズム	Zionism	
シカゴ	シカゴ	Chicago	
シクラメン	シクラメン	cyclamen (esp. species Cyclamen persicum)	
シグナル	シグナル	signal	
シスター	シスター	sister (sibling)	
システム	システム	system	
システムズ	システムズ	systems	
シソーラス	シソーラス	thesaurus	
シチュー	シチュー	stew (esp. Japanese cream stew)	
シチュエーション	シチュエーション	situation	
シック	シック	chic, stylish, smart	
シックスナイン	シックスナイン	six nines (i.e. 99.9999%)	
シップ	シップ	ship	
シティ	シティ	city	
シティーエアターミナル	シティーエアターミナル	city air terminal	
シトロン	シトロン	citron (Citrus medica)	
雪特尼	シドニー	Sydney	
シナモン	シナモン	cinnamon	
シナリオ	シナリオ	script, screenplay	
シナリオライター	シナリオライター	scriptwriter, screenwriter	
シニア	シニア	senior	
シニカル	シニカル	cynical	
シネマ	シネマ	cinema	
シノニム	シノニム	synonym	
シビア	シビア	severe, strict, tough, hard	
シビック	シビック	civic	
シビリアンコントロール	シビリアンコントロール	civilian control (of the military)	
シフォン	シフォン	chiffon	
シフト	シフト	shift, move	
西比利亜	シベリア	Siberia	
シミーズ	シミーズ	chemise	
シミュレーション	シミュレーション	simulation	
シミュレーター	シミュレーター	simulator	
シャークスキン	シャークスキン	shark skin	
シャープ	シャープ	sharp (blade, image, mind, etc.)	
シャープペンシル	シャープペンシル	mechanical pencil, automatic pencil, propelling pencil	
シャーベット	シャーベット	sherbet (frozen dessert), sorbet	
シャーマン	シャーマン	shaman	
シャーリング	シャーリング	shirring	
シャイ	シャイ	shy	
シャッター	シャッター	(camera) shutter	
シャットアウト	シャットアウト	shutout, shutting out, locking out, excluding	
シャッポ	シャッポ	hat	
シャツ	シャツ	shirt (undergarment), undershirt, singlet	
シャトー	シャトー	château, castle	
シャトル	シャトル	shuttlecock	
シャトルバス	シャトルバス	shuttle bus	
シャドー	シャドー	shadow	
シャフト	シャフト	shaft (e.g. machinery), axle	
シャベル	シャベル	shovel	
シャボン玉	シャボンだま	soap bubble	
シャルマン	シャルマン	charming	
シャワー	シャワー	shower	
シャン	シャン	beautiful	
シャンティー	シャンティー	Chantilly (e.g. lace)	
シャンデリア	シャンデリア	chandelier	
三鞭酒	シャンパン	champagne	
シャンプー	シャンプー	shampoo	
シュークリーム	シュークリーム	cream puff	
シューズ	シューズ	shoes	
シュート	シュート	shooting (a ball), shot (on basket, at goal, etc.)	
シューベルト	シューベルト	Schubert	
シュール	シュール	surreal	
シュルレアリスム	シュルレアリスム	surrealism	
シュガー	シュガー	sugar	
シュナップス	シュナップス	liquor	
シュプレヒコール	シュプレヒコール	choral chanting	
シュミットカメラ	シュミットカメラ	Schmidt camera	
シュレッダー	シュレッダー	shredder	
ショー	ショー	show, performance	
ショーウィンドウ	ショーウィンドウ	display window, shop window, store window	
ショーケース	ショーケース	showcase, display case, vitrine	
ショーツ	ショーツ	shorts	
ショート	ショート	short	
ショートカット	ショートカット	shortcut, taking a shortcut	
ショートステイ	ショートステイ	short stay, temporary care	
ショートパンツ	ショートパンツ	shorts	
ショール	ショール	shawl	
ショールーム	ショールーム	showroom	
ショッキング	ショッキング	shocking	
ショック	ショック	shock (emotional)	
ショット	ショット	shot	
ショッピング	ショッピング	shopping	
ショッピングカート	ショッピングカート	shopping cart, (shopping) trolley	
ショッピングモール	ショッピングモール	shopping mall	
ショップ	ショップ	shop	
ショパン	ショパン	Chopin	
ショルダーバッグ	ショルダーバッグ	shoulder bag	
シリーズ	シリーズ	series	
叙利亜	シリア	Syria	
シリアス	シリアス	serious	
シリアル	シリアル	serial	
シリウス	シリウス	Sirius (star in the constellation Canis Major), Alpha Canis Majoris, the Dog Star	
シリコーン	シリコーン	silicone (synthetic polymer)	
シリコン	シリコン	silicon (Si)	
シリンジ	シリンジ	syringe	
シリンダー	シリンダー	cylinder	
シルエッター	シルエッター	silhouetter	
シルエット	シルエット	silhouette	
シルク	シルク	silk	
シルクロード	シルクロード	Silk Road, Silk Route	
シルバー	シルバー	silver	
シロップ	シロップ	syrup	
シン	シン	thin	
シンカー	シンカー	sinker	
シンガー	シンガー	singer	
シンガーソングライター	シンガーソングライター	singer-songwriter	
新嘉坡	シンガポール	Singapore	
シンク	シンク	sink	
シンクタンク	シンクタンク	think tank	
シンクロ	シンクロ	synchronization	
シンクロナイズ	シンクロナイズ	synchronization, synchronisation	
シングル	シングル	single	
シングルス	シングルス	singles (tennis, badminton, etc.)	
シンジケート	シンジケート	syndicate	
シンセサイザー	シンセサイザー	synthesizer, synthesiser	
シンドローム	シンドローム	syndrome	
シンナー	シンナー	(paint) thinner	
シンパ	シンパ	(Communist, union, etc.) sympathizer, sympathiser	
シンフォニー	シンフォニー	symphony	
シンプル	シンプル	simple, plain	
シンボリスト	シンボリスト	symbolist	
シンボリック	シンボリック	symbolic	
シンボル	シンボル	symbol	
シンポ	シンポ	symposium	
シンポジウム	シンポジウム	symposium	
Ｇパン	ジーパン	jeans, dungarees	
ジープ	ジープ	jeep	
ジーン	ジーン	gene	
ジーンズ	ジーンズ	jeans	
ジェスチャー	ジェスチャー	gesture	
ジェット	ジェット	jet	
ジェットコースター	ジェットコースター	roller coaster	
ジェット機	ジェットき	jet aeroplane, jet airplane	
ジェネレーション	ジェネレーション	generation	
ジェノサイド	ジェノサイド	genocide	
ジェラシー	ジェラシー	jealousy	
ジェロントクラシー	ジェロントクラシー	gerontocracy	
ジェンダー	ジェンダー	gender	
ジグザグ	ジグザグ	zig-zag, zigzag	
ジグソーパズル	ジグソーパズル	jigsaw puzzle, jigsaw, puzzle	
ＪＩＳ	ジス	Japanese Industrial Standards, JIS	
ジストロフィー	ジストロフィー	dystrophy	
ジハード	ジハード	jihad, jehad	
ジパング	ジパング	Zipangu (the name for Japan used by Marco Polo)	
ジブ	ジブ	jib	
ジプシー	ジプシー	gypsy, gipsy	
ジム	ジム	gym, gymnasium	
ジャー	ジャー	vacuum bottle, thermos	
ジャーク	ジャーク	clean and jerk (weightlifting)	
ジャージー	ジャージー	jersey (fabric)	
ジャーナリスト	ジャーナリスト	journalist	
ジャーナリズム	ジャーナリズム	journalism	
ジャーナル	ジャーナル	journal, log	
ジャイアント	ジャイアント	giant	
ジャイロスコープ	ジャイロスコープ	gyroscope	
ジャカルタ	ジャカルタ	Jakarta (Indonesia)	
ジャガー	ジャガー	jaguar (Panthera onca)	
ジャケット	ジャケット	jacket	
ＪＡＳ	ジャス	Japanese Agricultural Standard, JAS	
ジャスト	ジャスト	just, exactly, precisely, perfectly, sharp	
ジャスミン	ジャスミン	jasmine	
ジャズ	ジャズ	jazz	
ジャズメン	ジャズメン	jazzmen	
ジャッキ	ジャッキ	jack	
ジャック	ジャック	jack, knave	
ジャッジ	ジャッジ	judge	
ジャパニーズ	ジャパニーズ	Japanese (people, language, style)	
ジャパン	ジャパン	Japan	
ジャパンカップ	ジャパンカップ	Japan Cup	
ジャブ	ジャブ	jab	
ジャポニカ	ジャポニカ	japonica, common camellia (Camellia japonica)	
牙買加	ジャマイカ	Jamaica	
ジャム	ジャム	jam	
ジャンキー	ジャンキー	junkie (drug addict)	
ジャンクション	ジャンクション	junction, system interchange (between highways)	
ジャングル	ジャングル	jungle	
ジャンパー	ジャンパー	(short) jacket, blouson, windbreaker, jumper	
ジャンプ	ジャンプ	jump	
ジャンボ	ジャンボ	jumbo, jumbo-sized	
ジャンル	ジャンル	genre, category, kind	
ジュークボックス	ジュークボックス	juke-box	
ジュース	ジュース	juice	
ジュール	ジュール	joule	
ジューンブライド	ジューンブライド	June bride	
ジュエリー	ジュエリー	jewelry, jewellery	
ジュニア	ジュニア	junior	
寿府	ジュネーブ	Geneva	
ジュビリー	ジュビリー	jubilee	
ジュラルミン	ジュラルミン	duralumin	
ジュリー	ジュリー	jury	
ジョーカー	ジョーカー	joker	
ジョーク	ジョーク	joke	
ジョイ	ジョイ	joy	
ジョイント	ジョイント	joint	
ジョギング	ジョギング	jogging	
ジョッキ	ジョッキ	beer mug, stein, tankard	
ジラフ	ジラフ	giraffe	
ジレンマ	ジレンマ	dilemma	
ジワジワ	ジワジワ	slowly (but steadily), gradually, bit-by-bit	
ジン	ジン	gin	
成吉思汗	ジンギスカン	jingisukan, grilled mutton and vegetable dish	
ジンクス	ジンクス	thing that brings good or bad luck, popular belief, superstition, jinx	
ジンバブエ	ジンバブエ	Zimbabwe	
スーツ	スーツ	suit (clothing)	
スーツケース	スーツケース	suitcase	
スーパー	スーパー	supermarket	
スーパースター	スーパースター	superstar	
スーパーチェーン	スーパーチェーン	supermarket chain	
スーパーバイザー	スーパーバイザー	supervisor	
スーパーボウル	スーパーボウル	Super Bowl (championship game of the National Football League)	
スーパーマーケット	スーパーマーケット	supermarket	
スーパーマン	スーパーマン	superman, superhuman person	
スープ	スープ	(Western) soup	
スイート	スイート	sweet (flavour)	
スイーパー	スイーパー	sweeper (device)	
瑞西	スイス	Switzerland	
スイッチ	スイッチ	switch	
スイマー	スイマー	swimmer	
スイミングクラブ	スイミングクラブ	swimming club	
スイング	スイング	swing (of a golf club, tennis racket, etc.)	
瑞典	スウェーデン	Sweden	
スカート	スカート	skirt	
スカーフ	スカーフ	scarf (esp. a lightweight summer scarf worn by women)	
スカーレット	スカーレット	scarlet	
スカイ	スカイ	sky	
スカイライン	スカイライン	skyline	
スカウト	スカウト	(talent) scout, recruiter, headhunter	
スカッシュ	スカッシュ	squash (drink)	
スカラシップ	スカラシップ	scholarship	
スカル	スカル	scull, sculling boat	
スカンク	スカンク	skunk (animal)	
スキー	スキー	skiing	
スキーヤー	スキーヤー	skier	
スキッパー	スキッパー	skipper	
スキャナー	スキャナー	scanner	
スキャン	スキャン	scan	
スキャンダラス	スキャンダラス	scandalous	
スキャンダル	スキャンダル	scandal	
スキューバ	スキューバ	scuba, scuba diving equipment, scuba gear	
スキン	スキン	skin	
スキンケア	スキンケア	skin care	
スキンシップ	スキンシップ	physical contact (between friends, mother and child, etc.), physical intimacy	
スクーター	スクーター	scooter	
スクープ	スクープ	(news) scoop	
スクール	スクール	school	
スクイズ	スクイズ	squeeze (play)	
スクエア	スクエア	square (shape)	
スクラップ	スクラップ	scrap (metal)	
スクラム	スクラム	scrum (rugby), scrummage	
スクランブル	スクランブル	scramble	
スクリーン	スクリーン	screen	
スクリプター	スクリプター	script supervisor, continuity supervisor	
スクリュー	スクリュー	screw	
スケーター	スケーター	skater	
スケーティング	スケーティング	skating	
スケート	スケート	skating (esp. ice), skate, skates	
スケートリンク	スケートリンク	ice skating rink, ice rink	
スケープゴート	スケープゴート	scapegoat	
スケール	スケール	scale, vernier	
スケジュール	スケジュール	schedule, program, calendar	
スケッチ	スケッチ	sketch, sketching	
スケッチブック	スケッチブック	sketchbook	
スコーカー	スコーカー	squawker	
スコープ	スコープ	scope, extent, range	
スコール	スコール	squall	
スコア	スコア	score (in a game)	
スコアボード	スコアボード	scoreboard	
スコッチ	スコッチ	Scotch, Scotch whisky	
スコップ	スコップ	shovel, spade, scoop	
スター	スター	star (actor, athlete, etc.), celebrity	
スターズアンドストライプス	スターズアンドストライプス	Stars and Stripes (US flag)	
スターター	スターター	starter (person who gives the signal for the start of a race)	
スタート	スタート	start, beginning	
スタートライン	スタートライン	starting line, starting point	
スターリングエンジン	スターリングエンジン	Sterling engine	
スタイミー	スタイミー	situation in which there is an obstacle (e.g. a tree) between the ball and the green	
スタイリスト	スタイリスト	stylist	
スタイリング	スタイリング	styling	
スタイル	スタイル	(one's) figure, build, physique, shape	
スタジアム	スタジアム	stadium	
スタジオ	スタジオ	studio	
スタッフ	スタッフ	staff, staff member	
スタブ	スタブ	stub	
スタミナ	スタミナ	stamina, energy	
スタメン	スタメン	starting lineup, player in the starting lineup	
スタンガン	スタンガン	stun gun	
スタンス	スタンス	stance, attitude, standpoint	
スタンダード	スタンダード	standard	
スタンド	スタンド	stands, bleachers	
スタンフォード	スタンフォード	Stanford	
スタンプ	スタンプ	stamp	
スチーム	スチーム	steam	
スチール	スチール	steel	
スチュワーデス	スチュワーデス	stewardess, (female) flight attendant	
ステーキ	ステーキ	steak	
ステーション	ステーション	station	
ステージ	ステージ	stage (platform)	
ステータス	ステータス	status	
ステート	ステート	state	
ステートアマ	ステートアマ	state amateur (government-funded sportsperson in training)	
ステートメント	ステートメント	statement	
スティック	スティック	stick	
ステッカー	ステッカー	sticker, (adhesive) label	
ステッキ	ステッキ	(walking) stick, cane, wand	
ステップ	ステップ	step (of a staircase, etc.), running board (of a bus, train)	
ステルス	ステルス	stealth	
ステレオ	ステレオ	stereo (sound)	
ステレオタイプ	ステレオタイプ	stereotype	
ステロイド	ステロイド	steroid	
ステンドグラス	ステンドグラス	stained glass	
ステンレス	ステンレス	stainless steel	
スト	スト	strike (i.e. industrial action)	
ストーブ	ストーブ	(room) heater, stove	
ストーム	ストーム	storm	
ストーリー	ストーリー	story, tale, legend	
ストール	ストール	stole (shawl)	
ストーンウォッシュ	ストーンウォッシュ	stone wash, stonewashed (jeans, etc.)	
ストア	ストア	store, shop	
ストイチズム	ストイチズム	Stoicism	
ストイック	ストイック	stoic, stoical	
ストッキング	ストッキング	stockings	
ストック	ストック	stock, inventory	
士篤恒	ストックホルム	Stockholm (Sweden)	
ストッパー	ストッパー	stopper	
ストップ	ストップ	stop	
ストップウォッチ	ストップウォッチ	stopwatch	
ストライカー	ストライカー	striker	
ストライキ	ストライキ	strike (i.e. industrial action)	
ストライク	ストライク	strike (e.g. in baseball, bowling)	
ストライプ	ストライプ	stripe	
ストリーカー	ストリーカー	streaker	
ストリート	ストリート	street	
ストリッパー	ストリッパー	stripper	
ストリップ	ストリップ	strip show, striptease	
ストレート	ストレート	straight	
ストレス	ストレス	stress	
ストレッチ	ストレッチ	stretch (of a material), stretch material	
ストロー	ストロー	drinking straw	
ストローク	ストローク	stroke (of a racket, in swimming, etc.)	
ストロベリー	ストロベリー	strawberry	
ストロボ	ストロボ	stroboscope, strobe lamp, stroboscopic lamp	
ストロンチウム	ストロンチウム	strontium (Sr)	
スナック	スナック	snack, light meal	
スナッチ	スナッチ	snatch (weightlifting)	
スナップ	スナップ	snap (of the wrist; in baseball, golf, etc.)	
スニーカー	スニーカー	sneaker, sneakers, trainers	
スネーク	スネーク	snake	
スノー	スノー	snow	
スノーボート	スノーボート	(plastic) toboggan	
スパーク	スパーク	spark	
スパート	スパート	spurt	
スパーリング	スパーリング	sparring	
スパイ	スパイ	spy, spying	
スパイク	スパイク	spike (on a shoe or tyre), stud, cleat	
スパイス	スパイス	spice	
スパイラル	スパイラル	spiral	
スパゲティ	スパゲティ	spaghetti	
スパッツ	スパッツ	leggings (stretchy skin-tight trousers)	
スパン	スパン	span	
スピーカー	スピーカー	speaker	
スピーチ	スピーチ	speech	
スピーディー	スピーディー	speedy	
スピード	スピード	speed	
スピードアップ	スピードアップ	speeding up, speed-up	
スピードウェイ	スピードウェイ	speedway	
スピリット	スピリット	spirit	
スピルリナ	スピルリナ	Spirulina (algae)	
スピン	スピン	spin, rotation	
獅子女	スフィンクス	sphinx	
スプーン	スプーン	spoon	
スプリット	スプリット	split	
スプリンクラー	スプリンクラー	sprinkler	
スプリング	スプリング	(coil) spring	
スプリンター	スプリンター	sprinter	
スプリント	スプリント	sprint	
スプレー	スプレー	spray	
スペーシング	スペーシング	spacing	
スペース	スペース	space, room	
スペースシャトル	スペースシャトル	space shuttle	
スペア	スペア	spare (part, tire, etc.)	
スペイン語	スペインご	Spanish (language)	
スペクタクル	スペクタクル	spectacle, striking display	
スペクトル	スペクトル	spectrum	
スペシャリスト	スペシャリスト	specialist	
スペシャル	スペシャル	special	
スペル	スペル	spelling	
スペンサージャケット	スペンサージャケット	spencer jacket	
スポーク	スポーク	spoke	
スポークスマン	スポークスマン	spokesman	
スポーツ	スポーツ	sport, sports	
スポーツカー	スポーツカー	sports car	
スポーツマン	スポーツマン	sportsman	
スポーツ新聞	スポーツしんぶん	sports newspaper	
スポーティ	スポーティ	sporty (esp. garments, accessories, etc.)	
スポット	スポット	spot, dot, mark	
スポットライト	スポットライト	spotlight	
スポンサー	スポンサー	sponsor	
スポンジ	スポンジ	sponge	
スポンジケーキ	スポンジケーキ	sponge cake	
スマート	スマート	smart (clothing, etc.), stylish	
スマイル	スマイル	smile	
スマッシュ	スマッシュ	smash	
スムーズ	スムーズ	smooth (i.e. without problems)	
スモーカー	スモーカー	smoker	
スモッグ	スモッグ	smog	
スライス	スライス	slice	
スライダー	スライダー	slider	
スライディング	スライディング	sliding	
スライド	スライド	slide (for projection), transparency	
スラック	スラック	slack	
スラックス	スラックス	slacks	
スラローム	スラローム	slalom	
スランプ	スランプ	slump	
スリーサイズ	スリーサイズ	bust-waist-hip measurements, vital statistics	
スリット	スリット	slit	
スリッパ	スリッパ	slipper, slippers	
スリップ	スリップ	slip, skid, slide	
スリム	スリム	slim	
スリラー	スリラー	thriller (movie, story)	
スリリング	スリリング	thrilling	
スリル	スリル	thrill	
スルー	スルー	ignoring, looking the other way, letting pass	
スレート	スレート	slate	
スレーブ	スレイブ	slave (device)	
スレンダー	スレンダー	slender	
スロー	スロー	slow	
スローガン	スローガン	slogan	
スロープ	スロープ	slope	
スロット	スロット	slot	
スロバキア	スロバキア	Slovakia	
スロベニア	スロベニア	Slovenia	
スワップ	スワップ	swap	
スワヒリ語	スワヒリご	Swahili (language), Kiswahili	
スワン	スワン	swan	
ズーム	ズーム	zoom	
ズームレンズ	ズームレンズ	zoom lens	
洋袴	ズボン	trousers, pants	
セーター	セーター	sweater, jumper	
セーフ	セーフ	safe	
セーフティードライブ	セーフティードライブ	driving safely	
セーブ	セーブ	saving (e.g. energy), cutting down on (e.g. alcohol), going easy on, checking (e.g. impulses), curbing, restraining	
セーラー服	セーラーふく	sailor suit, middy uniform	
セール	セール	sale	
セールス	セールス	sales, selling	
セールスマン	セールスマン	salesman	
セオリー	セオリー	theory	
セカンド	セカンド	second	
セキュリティ	セキュリティ	security	
セクシー	セクシー	sexy	
セクション	セクション	section	
セクター	セクター	sector	
セクハラ	セクハラ	sexual harassment	
セシウム	セシウム	cesium (Cs), caesium	
セゾン	セゾン	season	
セダン	セダン	sedan	
セックス	セックス	sex, sexual intercourse	
セッション	セッション	session	
セッティング	セッティング	setting, installing, mounting, arranging	
セット	セット	set (of things), combo	
セピア	セピア	sepia	
セブン	セブン	seven	
セミコロン	セミコロン	semicolon	
セミナー	セミナー	seminar	
セメント	セメント	cement	
セラー	セラー	seller	
セラミック	セラミック	ceramic	
セル	セル	cell	
塞爾維	セルビア	Serbia	
セルフ	セルフ	self-service	
セルフサービス	セルフサービス	self-service	
セルロイド	セルロイド	celluloid	
セレクション	セレクション	selection	
セレクト	セレクト	selection	
セレナーデ	セレナーデ	serenade	
セレモニー	セレモニー	ceremony	
セロハンテープ	セロハンテープ	cellophane tape, (transparent) adhesive tape, Sellotape, Scotch tape	
セロリ	セロリ	celery	
センサー	センサー	sensor	
センス	センス	taste (in fashion, music, etc.), sense (e.g. of humour), flair	
センセーショナル	センセーショナル	sensational	
センセーション	センセーション	sensation	
センター	センター	centre, center	
センタリング	センタリング	centering, centring	
センチ	センチ	centimeter, centimetre	
糎	センチメートル	centimeter, centimetre	
センチメンタル	センチメンタル	sentimental	
仙	セント	cent (monetary unit)	
ゼネコン	ゼネコン	general contractor, main contractor, major construction company	
ゼネスト	ゼネスト	general strike	
ゼネラルマネージャー	ゼネラルマネージャー	general manager	
ゼミ	ゼミ	seminar	
ゼラチン	ゼラチン	gelatin, gelatine	
ゼリー	ゼリー	jello, jelly, gelatin dessert	
ゼロックス	ゼロックス	Xerox	
ソーイングセット	ソーイングセット	sewing kit, sewing set	
ソース	ソース	sauce	
ソーセージ	ソーセージ	sausage	
ソープ	ソープ	soap	
ソープランド	ソープランド	soapland, brothel where one can bathe with prostitutes	
ソサイエティ	ソサエティ	society	
ソーシャルワーカー	ソーシャルワーカー	social worker	
ソックス	ソックス	socks	
ソナタ	ソナタ	sonata	
蘇維埃	ソビエト	soviet	
ソファ	ソファ	sofa, couch	
ソフト	ソフト	soft	
ソフトウェア	ソフトウェア	software	
ソフトボール	ソフトボール	softball	
ソプラノ	ソプラノ	soprano	
ソユーズ	ソユーズ	Soyuz (Russian spacecraft)	
ソリスト	ソリスト	soloist	
ソル	ソル	solar day (esp. on planets other than Earth)	
ソロ	ソロ	solo	
ソング	ソング	song	
ソ連	ソれん	Soviet Union, USSR	
ゾーン	ゾーン	zone	
ターゲット	ターゲット	target	
タービン	タービン	turbine	
ターボ	ターボ	turbo	
ターミナル	ターミナル	terminal	
タール	タール	tar	
ターン	ターン	turn	
タイ	タイ	tie, necktie	
タイアップ	タイアップ	tie-in, collaboration, partnership, cooperation	
タイゲーム	タイゲーム	tie game, tied game, drawn game	
タイツ	タイツ	tights, pantyhose	
タイト	タイト	tight	
タイトル	タイトル	title	
タイピスト	タイピスト	typist	
タイプ	タイプ	type, kind, sort, style	
タイプライター	タイプライター	typewriter	
タイマー	タイマー	timer, time switch	
タイミング	タイミング	timing	
タイム	タイム	time (for, to do)	
タイムスタンプ	タイムスタンプ	time-stamp	
タイムズ	タイムズ	times	
タイムマシン	タイムマシン	time machine	
タイムリー	タイムリー	timely, well-timed	
タイヤ	タイヤ	tire, tyre	
タイル	タイル	tile	
タウン	タウン	town	
タオル	タオル	towel	
タキシード	タキシード	tuxedo, dinner suit	
タクシー	タクシー	taxi	
タグ	タグ	tag, label	
タグボート	タグボート	tugboat	
タスク	タスク	task	
タック	タック	tuck (clothing, sewing)	
タッチ	タッチ	touch, touching	
タップ	タップ	tap, faucet	
タフ	タフ	tough	
タブ	タブ	tab (character, key)	
タブー	タブー	taboo	
タブロイド	タブロイド	tabloid	
タルク	タルク	talc	
タレント	タレント	(TV or radio) entertainer, television personality, radio personality	
タワー	タワー	tower	
タン	タン	tongue (beef, pork, etc.)	
タンカー	タンカー	tanker	
タンク	タンク	tank (of fluid), cistern, vat	
タンクローリー	タンクローリー	tank truck, tanker truck, tanker	
タンザニア	タンザニア	Tanzania	
タンデム	タンデム	tandem, (riding with a) passenger on a motorcycle	
ダーク	ダーク	dark	
打	ダース	dozen	
ダーリン	ダーリン	darling	
ダイアグラム	ダイアグラム	diagram	
ダイエット	ダイエット	diet, dieting	
ダイオード	ダイオード	diode	
ダイジェスト	ダイジェスト	digest, summary, abridgment	
ダイナースクラブ	ダイナースクラブ	Diner's Club (credit card)	
ダイナマイト	ダイナマイト	dynamite	
ダイナミクス	ダイナミクス	dynamics	
ダイナミズム	ダイナミズム	dynamism	
ダイナミック	ダイナミック	dynamic	
ダイニング	ダイニング	dining	
ダイビング	ダイビング	diving	
ダイヤ	ダイヤ	diamond	
ダイヤモンド	ダイヤモンド	diamond	
ダイヤル	ダイヤル	dial (e.g. telephone, radio, clock, gauge)	
ダイレクト	ダイレクト	direct	
ダウン	ダウン	fall, decrease, drop, going down	
ダウンサイジング	ダウンサイジング	downsizing	
ダウンタウン	ダウンタウン	downtown	
ダウンロード	ダウンロード	download	
ダカ	ダカ	daka-, 10^1, da	
ダクト	ダクト	duct	
ダッシュ	ダッシュ	dash	
ダビング	ダビング	dubbing, mixing, re-recording	
ダブル	ダブル	double	
ダミー	ダミー	dummy	
ダム	ダム	dam	
ダメージ	ダメージ	damage	
達頼喇嘛	ダライラマ	Dalai Lama	
ダラス	ダラス	Dallas (US)	
ダンク	ダンク	dunk	
ダンサー	ダンサー	dancer	
ダンシング	ダンシング	dancing	
ダンス	ダンス	dance, dancing	
ダンスホール	ダンスホール	dance hall, ballroom	
断トツ	ダントツ	far and away the best, the very best, cream of the crop, crème de la crème, decisive lead, commanding lead	
ダンプ	ダンプ	dump	
ダンプカー	ダンプカー	dump truck	
チーズ	チーズ	cheese	
チーフ	チーフ	chief, head	
チーム	チーム	team	
チームワーク	チームワーク	teamwork	
チア	チア	cheer	
チアガール	チアガール	cheerleader	
チェッ	チェッ	tsk, tut, shoot, darn, dang	
チェーン	チェーン	chain (bicycle, measuring, tire, etc.)	
チェア	チェア	chair	
チェアマン	チェアマン	chairman	
チェコ	チェコ	Czech Republic, Czechia	
チェス	チェス	chess	
チェチェン	チェチェン	Chechnya (Russia), Chechen Republic	
チェッカー	チェッカー	checkers (board game), draughts	
チェック	チェック	check (pattern), plaid	
チェックアウト	チェックアウト	checking out (of a hotel), check-out	
チェックイン	チェックイン	check-in	
チェリー	チェリー	cherry	
チェルノブイリ	チェルノブイリ	Chernobyl (Ukraine)	
チェロ	チェロ	cello, violoncello	
チェンジ	チェンジ	change, changing	
チェンジャー	チェンジャー	changer	
チェンバロ	チェンバロ	harpsichord	
チキン	チキン	chicken	
ちくり	ちくり	prickling, stinging, biting	
チケット	チケット	ticket	
チタン	チタン	titanium (Ti)	
チップ	チップ	tip, gratuity	
禿び	ちび	small child, pipsqueak, small fry, small, cute versions of manga, anime, etc. characters, typically with oversized heads	
窒扶斯	チフス	typhoid, paratyphoid	
西蔵	チベット	Tibet	
チャージ	チャージ	charge (electrical), recharging	
チャーター	チャーター	charter	
チャーチ	チャーチ	church	
チャート	チャート	chart	
チャーミング	チャーミング	charming	
チャールストン	チャールストン	Charleston	
チャイナ	チャイナ	China	
チャイニーズ	チャイニーズ	Chinese	
チャイム	チャイム	chime, bell (e.g. doorbell)	
チャイルド	チャイルド	child	
チャック	チャック	zip fastener, zipper, zip	
チャット	チャット	chat	
チャネリング	チャネリング	channelling, channeling	
チャネル	チャネル	channel	
チャプター	チャプター	chapter	
チャペル	チャペル	chapel	
チャリティー	チャリティー	charity	
チャレンジ	チャレンジ	taking on (a challenge), attempt, try, tackling, challenging (someone to a contest)	
チャンス	チャンス	chance, opportunity	
チャンピオン	チャンピオン	champion	
チューター	チューター	tutor	
チューナー	チューナー	tuner (of a radio, TV, etc.)	
チューブ	チューブ	tube	
チューリップ	チューリップ	tulip	
突尼斯	チュニジア	Tunisia	
チョーキング	チョーキング	bending (a guitar string)	
チョーク	チョーク	chalk	
チョコ	チョコ	chocolate	
チョコレート	チョコレート	chocolate	
智利	チリ	Chile	
チルダ	チルダ	tilde	
ツーピース	ツーピース	(women's) two piece suit	
ツーリスト	ツーリスト	tourist	
ツーリング	ツーリング	touring (by car, bike, etc.)	
ツール	ツール	tool	
ツアー	ツアー	tour	
ツイン	ツイン	twin	
ツナ	ツナ	tuna (esp. canned)	
ツリー	ツリー	tree (esp. a Christmas tree)	
テーゼ	テーゼ	thesis, statement	
テーピング	テーピング	taping (e.g. an injured joint)	
テーブル	テーブル	table	
テープ	テープ	tape	
テーマ	テーマ	theme, topic, subject matter, motif, project, slogan	
テーマソング	テーマソング	theme song	
テーマパーク	テーマパーク	theme park	
テーラー	テーラー	tailor	
ティー	ティー	tea	
ティッシュ	ティッシュ	tissue, facial tissue	
ティッシュペーパー	ティッシュペーパー	tissue paper, tissue, facial tissue	
ティラニー	ティラニー	tyranny	
ティンパニ	ティンパニ	timpani, tympany	
テイスト	テイスト	taste, flavor	
テキ	テキ	beefsteak	
得撒	テキサス	Texas	
テキスト	テキスト	text	
テク	テク	technology	
テクスチャ	テクスチャ	texture	
テクニカル	テクニカル	technical	
テクニシャン	テクニシャン	technician	
テクニック	テクニック	technique	
テクノクラート	テクノクラート	technocrat	
テクノロジー	テクノロジー	technology	
テスター	テスター	multimeter, multitester, volt-ohm-milliammeter	
テスト	テスト	test (of ability, knowledge, etc.), exam, examination, quiz	
テストケース	テストケース	test case	
テックス	テックス	(soft) fiberboard, fibreboard, wallboard	
テトラクロロエチレン	テトラクロロエチレン	tetrachloroethylene	
テナー	テナー	tenor	
テナント	テナント	tenant (usu. office block, shopping center, etc.)	
テニス	テニス	tennis	
テニスコート	テニスコート	tennis court	
テネシー	テネシー	Tennessee	
テノール	テノール	tenor	
第希蘭	テヘラン	Tehran (Iran)	
テラス	テラス	terrace	
テリーヌ	テリーヌ	terrine	
テリトリー	テリトリー	territory	
テルアビブ	テルアビブ	Tel Aviv (Israel)	
テレカンファレンス	テレカンファレンス	teleconference	
テレクラ	テレクラ	telephone dating or sex service, sex chat line	
テレグラフ	テレグラフ	telegraph	
テレコム	テレコム	telecommunication	
テレスキャン	テレスキャン	telescan	
テレックス	テレックス	telex, teletypewriter exchange	
テレビ	テレビ	television, TV	
ＴＶゲーム	テレビゲーム	video game (played on a home console)	
テレビジョン	テレビジョン	television	
テレビ局	テレビきょく	television station	
テレホン	テレホン	telephone	
テレメーター	テレメーター	telemeter	
テロ	テロ	terror, terrorism	
テロップ	テロップ	device used to superimpose text or images on a television screen	
テロリスト	テロリスト	terrorist	
テロリズム	テロリズム	terrorism	
テン	テン	10, ten	
テンション	テンション	spirits, excitement, energy level, (good) mood	
テント	テント	tent	
テンペラ	テンペラ	tempera	
テンポ	テンポ	tempo	
テンポラリー	テンポラリー	temporary	
デーゲーム	デーゲーム	day game	
データ	データ	data, datum	
データバンク	データバンク	data bank, databank	
データベース	データベース	database	
データ通信	データつうしん	data communication	
デート	デート	date (with someone), (social) outing (for two), date night	
デーモン	デーモン	demon	
デイリー	デイリー	daily (newspaper, etc.)	
ディーゼル	ディーゼル	diesel	
ディープ	ディープ	deep	
ディーラー	ディーラー	dealer (esp. in cars), dealership	
ディクショナリ	ディクショナリ	dictionary	
ディスカウント	ディスカウント	discount	
ディスカッション	ディスカッション	discussion	
ディスカバー	ディスカバー	discover	
ディスク	ディスク	disk, disc	
ディスクジョッキー	ディスクジョッキー	disk jockey, disc jockey	
ディスクロージャー	ディスクロージャー	disclosure	
ディスコ	ディスコ	disco, discotheque	
ディストーション	ディストーション	distortion	
ディスプレイ	ディスプレイ	display	
ディテール	ディテール	detail	
ディナー	ディナー	dinner	
ディフェンス	ディフェンス	defense (esp. in sports), defence	
ディベート	ディベート	debate	
ディミヌエンド	ディミヌエンド	diminuendo	
ディレクター	ディレクター	director	
ディレクトリ	ディレクトリ	directory, folder	
ディンギー	ディンギー	dinghy	
デイリーニュース	デイリーニュース	daily news	
デカルコマニー	デカルコマニー	transfer, decalcomanie, decalcomania	
デコーダ	デコーダ	decoder	
デコレーション	デコレーション	decoration	
デザート	デザート	dessert	
デザイナー	デザイナー	designer	
デザイン	デザイン	design	
デシ	デシ	deci-, 10^-1	
デシベル	デシベル	decibel, dB	
デジタル	デジタル	digital	
デスク	デスク	desk	
デタント	デタント	detente	
デッキ	デッキ	deck (of a ship)	
デッサン	デッサン	rough sketch	
デッド	デッド	dead (money, stock, etc.)	
デッドヒート	デッドヒート	fiercely fought contest, close game (match, race, etc.)	
デニール	デニール	denier	
デニム	デニム	denim	
デノミ	デノミ	denomination (reducing the face value of currency after inflation)	
デバイス	デバイス	device	
デパート	デパート	department store	
デビスカップ	デビスカップ	Davis Cup (tennis tournament)	
デビュー	デビュー	debut, doing something for the first time	
デフォルメ	デフォルメ	distortion (often used for caricature in manga, etc.), deformation	
デフレ	デフレ	deflation	
デブ	デブ	fat, chubby	
デベロッパー	デベロッパー	developer	
デポジット	デポジット	deposit	
デマ	デマ	false rumor (rumour), groundless rumor, misinformation	
デマンド	デマンド	demand	
デメリット	デメリット	disadvantage, drawback, demerit, bad point, minus	
デモ	デモ	demonstration, protest	
デモクラシー	デモクラシー	democracy	
デモクラット	デモクラット	democrat	
デモンストレーション	デモンストレーション	demonstration, protest	
デューティーフリー	デューティーフリー	duty-free	
デュエット	デュエット	duet	
デュオ	デュオ	duo	
デラックス	デラックス	deluxe	
デリート	デリート	delete	
デリカ	デリカ	delicatessen	
デリケート	デリケート	sensitive (person, heart, etc.)	
Δ	デルタ	delta	
デレゲーション	デレゲーション	delegation	
デンバー	デンバー	Denver	
トーキー	トーキー	talkie (motion picture with sound)	
トーク	トーク	talk (esp. by a talk-show host, or by a stage musician to the audience between songs), banter, chat	
トークショー	トークショー	talk show, chat show	
トースター	トースター	toaster	
トースト	トースト	toast	
トータル	トータル	total, totalling, adding up	
トーチ	トーチ	torch	
トーナメント	トーナメント	tournament	
トール	トール	toll	
トーン	トーン	tone	
トイレ	トイレ	toilet, restroom, bathroom, lavatory	
トイレット	トイレット	toilet	
トイレットペーパー	トイレットペーパー	toilet paper, lavatory paper	
トス	トス	toss (of a ball), tossing	
トタン	トタン	corrugated iron, corrugated sheet metal, galvanised sheet iron	
トッパー	トッパー	topper	
トップ	トップ	top	
トップクラス	トップクラス	top-class	
トップスター	トップスター	top star (esp. male lead role in the all-female Takarazuka musical theater troupe), major celebrity	
トップニュース	トップニュース	top news, front-page news, lead story	
トップバッター	トップバッター	leadoff batter, first batter	
トップレス	トップレス	topless	
トトカルチョ	トトカルチョ	football pool	
トピック	トピック	topic	
トマト	トマト	tomato (Solanum lycopersicum)	
トマホーク	トマホーク	tomahawk	
トミーガン	トミーガン	tommy gun	
トライ	トライ	try, attempt	
トライアスロン	トライアスロン	triathlon	
トライアル	トライアル	trial	
トライアングル	トライアングル	triangle (musical instrument)	
トラウマ	トラウマ	(psychological) trauma	
トラクター	トラクター	tractor	
ドラスチック	ドラスチック	drastic	
トラスト	トラスト	trust	
トラック	トラック	truck, lorry	
トラッド	トラッド	traditional (esp. fashion), trad	
トラップ	トラップ	trap	
トラバーユ	トラバーユ	job change, change of occupation	
トラフ	トラフ	trough	
トラフィック	トラフィック	traffic	
トラブル	トラブル	trouble, difficulty, problem, quarrel, conflict, dispute, fight	
トラベラーズチェック	トラベラーズチェック	traveller's cheque, traveler's check	
トラベル	トラベル	travel	
トランキライザー	トランキライザー	tranquilizer, tranquiliser	
トランク	トランク	suitcase, trunk	
トランクス	トランクス	trunks (swimming, boxing, etc.)	
トランシーバー	トランシーバー	transceiver	
トランジスタ	トランジスタ	transistor	
トランジット	トランジット	transit	
トランス	トランス	transformer	
トランスポンダー	トランスポンダー	transponder	
トランプ	トランプ	(Western) playing cards	
トランペット	トランペット	trumpet	
トリートメント	トリートメント	treatment (esp. hair treatment)	
トリウム	トリウム	thorium (Th)	
トリオ	トリオ	trio	
トリガー	トリガー	trigger	
トリクロロエチレン	トリクロロエチレン	trichloroethylene	
トリック	トリック	trick	
トリップ	トリップ	trip, excursion	
トリニトロトルエン	トリニトロトルエン	trinitrotoluene, TNT	
トリビューン	トリビューン	tribune	
トリプル	トリプル	triple	
トリュフ	トリュフ	truffle	
トルエン	トルエン	toluene, toluol	
トルク	トルク	torque	
土耳古	トルコ	Turkey, Türkiye	
トレー	トレー	tray	
トレース	トレース	tracing	
トレード	トレード	trade, trading	
トレードマーク	トレードマーク	trademark	
トレーナー	トレーナー	trainer (person who trains people or animals)	
トレーニング	トレーニング	training (for a skill, job, sport, etc.), practice	
トレーラー	トレーラー	trailer (vehicle)	
トレッカー	トレッカー	trekker	
トレンチコート	トレンチコート	trench coat	
トレンディー	トレンディー	trendy	
トレンド	トレンド	trend	
トロール	トロール	trawl (net)	
トロイ	トロイ	troy, weight system used for gold, silver, etc.	
トロフィー	トロフィー	trophy	
トロント	トロント	Toronto	
トロンボーン	トロンボーン	trombone	
トワイライト	トワイライト	twilight	
トンネル	トンネル	tunnel	
ト長調	トちょうちょう	G major	
ドーク	ドーク	moderates (politics), centrists	
ドーナツ	ドーナツ	doughnut, donut	
ドーピング	ドーピング	doping (in sports)	
ドーマーウインドー	ドーマーウインドー	dormer window	
ドーム	ドーム	dome	
ドア	ドア	door	
ドイツ語	ドイツご	German (language)	
ドキュメンタリー	ドキュメンタリー	documentary	
ドキュメント	ドキュメント	document	
ドクター	ドクター	doctor	
ドクトリン	ドクトリン	doctrine	
ドッキング	ドッキング	docking	
ドック	ドック	dock	
ドッグファイト	ドッグファイト	dogfight (aircraft), dog fight	
ドッジボール	ドッジボール	dodgeball	
ドット	ドット	dot, point	
ドナー	ドナー	donor (blood, organ, etc.)	
ドミノ	ドミノ	domino (game), dominoes	
ドライ	ドライ	dry	
ドライバー	ドライバー	driver (of a vehicle), motorist	
ドライフラワー	ドライフラワー	dried flowers, dried flower	
ドライブ	ドライブ	drive, trip by car, driving	
ドライヤー	ドライヤー	dryer (esp. hair), drier, blower	
ドラゴン	ドラゴン	dragon (as depicted in Western myths)	
ドラッグ	ドラッグ	drug, medicine	
ドラッグストア	ドラッグストア	drugstore, pharmacy	
ドラフト	ドラフト	draft (esp. in baseball)	
ドラマ	ドラマ	(non-documentary) television series, TV drama, teledrama, play	
ドラマー	ドラマー	drummer	
ドラマチック	ドラマチック	dramatic	
ドラム	ドラム	drum, drums, drum kit	
ドラ息子	どらむすこ	lazy son, profligate son	
ドリー	ドリー	dolly	
ドリーム	ドリーム	dream	
ドリアン	ドリアン	durian (fruit)	
ドリブル	ドリブル	dribble (of a ball or puck), dribbling	
ドリル	ドリル	drill bit, drill	
ドリンク	ドリンク	drink	
弗	ドル	dollar	
ドルフィンキック	ドルフィンキック	dolphin kick (swimming)	
ドレス	ドレス	dress	
ドレッシング	ドレッシング	dressing	
ドロー	ドロー	draw, tie	
ドローイング	ドローイング	drawing	
ドロップ	ドロップ	drop (candy)	
ナーサリー	ナーサリー	nursery	
ナース	ナース	nurse	
ナーバス	ナーバス	nervous	
ナイーブ	ナイーブ	innocent, sensitive, uncomplicated, unpretentious, straightforward	
ナイジェリア	ナイジェリア	Nigeria	
ナイス	ナイス	nice, good, well-executed	
ナイター	ナイター	game under lights (e.g. baseball), night game	
ナイチンゲール	ナイチンゲール	nightingale (Luscinia megarhynchos)	
ナイト	ナイト	knight	
ナイトクラブ	ナイトクラブ	nightclub	
ナイフ	ナイフ	knife	
尼羅	ナイル	Nile (river)	
ナイロン	ナイロン	nylon	
ナイン	ナイン	nine	
ナウ	ナウ	trendy, in, now	
ナショナリズム	ナショナリズム	nationalism	
ナショナル	ナショナル	national	
ナショナルチェーン	ナショナルチェーン	national chain	
ナショナルリーグ	ナショナルリーグ	National League	
ナチ	ナチ	Nazi, Nationalsozialist	
ナチズム	ナチズム	Nazism, national socialism	
ナチュラリスト	ナチュラリスト	naturalist	
ナチュラル	ナチュラル	natural	
ナックル	ナックル	knuckle	
ナッシング	ナッシング	nothing	
ナット	ナット	nut (as in nut and bolt)	
ナップザック	ナップザック	knapsack, rucksack, backpack	
ナトリウム	ナトリウム	sodium (Na)	
ナノ	ナノ	nano-, 10^-9	
ナビゲーター	ナビゲーター	navigator	
ナフサ	ナフサ	naphtha	
ナプキン	ナプキン	(table) napkin, serviette	
ナポレオン	ナポレオン	Napoleon	
ナミビア	ナミビア	Namibia	
ナレーション	ナレーション	narration	
ナレーター	ナレーター	narrator	
ナローキャスティング	ナローキャスティング	narrowcasting	
ナンセンス	ナンセンス	nonsense	
ナンバー	ナンバー	number	
ナンバープレート	ナンバープレート	number plate, license plate, licence plate	
ナンバーワン	ナンバーワン	number one	
ニー	ニー	knee	
ニーズ	ニーズ	needs, demands, requests	
ニアミス	ニアミス	near miss	
尼加拉瓦	ニカラグア	Nicaragua	
ニコチン	ニコチン	nicotine	
ニコニコ	ニコニコ	with a friendly grin, smilingly	
ニッカーズ	ニッカーズ	knickers	
ニック	ニック	nick	
ニックネーム	ニックネーム	nickname	
ニッケル	ニッケル	nickel (Ni)	
ニット	ニット	knit, knitted fabric, knitted garments	
ニヒル	ニヒル	nihilistic	
ニュー	ニュー	new	
新西蘭	ニュージーランド	New Zealand	
ニュージャージー	ニュージャージー	New Jersey	
ニュース	ニュース	news	
ニュースソース	ニュースソース	news source	
ニュースレター	ニュースレター	newsletter	
ニュータウン	ニュータウン	new town (esp. planned satellite towns of Osaka Prefecture), new housing development	
ニュートラ	ニュートラ	new traditional	
ニュートン	ニュートン	newton (unit of force)	
ニューハンプシャー	ニューハンプシャー	New Hampshire	
ニューフェイス	ニューフェイス	new star, newcomer, freshman	
ニューメキシコ	ニューメキシコ	New Mexico	
ニューメディア	ニューメディア	new media	
ニューヨーカー	ニューヨーカー	New Yorker	
紐育	ニューヨーク	New York	
ニューリーダー	ニューリーダー	new leader	
ニューロ	ニューロ	neuro-	
ニューロン	ニューロン	neuron	
ニュアンス	ニュアンス	nuance	
ヌード	ヌード	nude	
ヌードル	ヌードル	noodle, noodles	
ヌーベル	ヌーベル	mid-length novel	
ヌーボー	ヌーボー	modern, up-to-date	
ネイビー	ネイビー	navy	
ネーミング	ネーミング	naming (esp. of a commercial product or company), branding	
ネーム	ネーム	name	
ネアンデルタール	ネアンデルタール	Neanderthal	
ネイキッド	ネイキッド	naked	
ネオ	ネオ	neo	
ネオナチ	ネオナチ	neo-Nazi	
ネオン	ネオン	neon (Ne)	
ネガ	ネガ	negative	
ネガティブ	ネガティブ	negative (e.g. thinking)	
ネクタイ	ネクタイ	tie, necktie	
ネス	ネス	-ness	
ネスト	ネスト	nest, hive, rookery	
ネッカチーフ	ネッカチーフ	neckerchief	
ネック	ネック	neck	
ネックレス	ネックレス	necklace	
ネット	ネット	network	
ネットプレー	ネットプレー	net play (tennis, etc.), playing close to the net	
ネットワーク	ネットワーク	network	
ネブラスカ	ネブラスカ	Nebraska	
ノーコメント	ノーコメント	no comment	
ノーサイド	ノーサイド	no side (rugby), full time, end of game	
ノースカロライナ	ノースカロライナ	North Carolina	
ノータッチ	ノータッチ	without touching, no touching	
ノート	ノート	notebook, copy-book, exercise book	
ノーヒットノーランゲーム	ノーヒットノーランゲーム	no-hit no-run game	
ノーブル	ノーブル	noble	
ノーベル賞	ノーベルしょう	Nobel Prize	
ノーマーク	ノーマーク	not under observation, not on one's radar, unnoticed	
ノーマライズ	ノーマライズ	normalize, normalise	
ノーマル	ノーマル	normal	
ＮＯＲ	ノア	NOR (Boolean operator)	
ノイズ	ノイズ	noise	
ノイローゼ	ノイローゼ	neurosis, nervous breakdown, mental problem, identity crisis, obsession	
ノウハウ	ノウハウ	know-how, expertise, the ropes, the knack	
ノエル	ノエル	Noel, Christmas	
ノスタルジー	ノスタルジー	nostalgia	
ノスタルジア	ノスタルジア	nostalgia	
ノズル	ノズル	nozzle	
ノッカー	ノッカー	knocker	
ノック	ノック	knock, knocking	
ノックダウン	ノックダウン	knockdown	
ノブ	ノブ	knob	
ノミネート	ノミネート	nomination	
ノルディック	ノルディック	Nordic	
ノン	ノン	non-	
ノンストップ	ノンストップ	nonstop (journey)	
ノンフィクション	ノンフィクション	nonfiction	
ハート	ハート	heart	
ハード	ハード	hard, tough	
ハードウェア	ハードウェア	hardware	
ハードカバー	ハードカバー	hardcover, hardback	
ハードディスク	ハードディスク	hard disk (drive), hard drive	
ハードトップ	ハードトップ	hardtop	
ハードボイルド	ハードボイルド	hard-boiled (person, style, etc.), tough	
ハードル	ハードル	hurdle	
ハードロック	ハードロック	hard rock	
ハーバー	ハーバー	harbor, harbour	
ハーフ	ハーフ	half	
ハーフタイム	ハーフタイム	half time, halftime	
ハーブ	ハーブ	herb	
ハープ	ハープ	harp	
ハーモニー	ハーモニー	harmony	
ハーモニカ	ハーモニカ	harmonica, mouth organ	
ハーラーダービー	ハーラーダービー	race to be the pitcher with the most wins in the season	
ハーレム	ハーレム	harem	
ハイ	ハイ	high (spirits), euphoric, intoxicated	
ハイウェイ	ハイウェイ	highway	
ハイカー	ハイカー	hiker	
ハイキング	ハイキング	hiking	
ハイク	ハイク	hike	
ハイジャック	ハイジャック	hijack, highjack	
ハイスクール	ハイスクール	high school	
ハイツ	ハイツ	heights	
ハイティーン	ハイティーン	late teens	
ハイテク	ハイテク	high-tech	
ハイパー	ハイパー	hyper	
ハイヒール	ハイヒール	high heels, high-heeled shoes	
ハイビジョン	ハイビジョン	high-definition television, HDTV	
ハイビスカス	ハイビスカス	hibiscus	
ハイファイ	ハイファイ	hi-fi	
ハイブリッド	ハイブリッド	hybrid	
ハイペース	ハイペース	quick pace	
ハイム	ハイム	home	
ハイヤー	ハイヤー	hired car with driver, chauffeur-driven vehicle for hire	
ハイライト	ハイライト	highlight	
ハイランド	ハイランド	highland	
ハイレグ	ハイレグ	high cut (leotard, swimsuit)	
ハイレベル	ハイレベル	high-level	
ハウ	ハウ	how	
ハウジング	ハウジング	housing (i.e. accommodation)	
ハウス	ハウス	house	
ハウツー	ハウツー	how-to (guide)	
ハスキー	ハスキー	husky, huskie	
ハッカー	ハッカー	hacker	
ハッスル	ハッスル	hustle, working hard, doing with enthusiasm, showing eagerness, being full of vigour	
ハッチ	ハッチ	hatch	
ハット	ハット	hat	
ハッピー	ハッピー	happy	
ハッピーエンド	ハッピーエンド	happy ending	
ハネムーン	ハネムーン	honeymoon	
ハプニング	ハプニング	(unexpected) incident, unforeseen event, surprising occurrence	
ハム	ハム	ham (cured pig meat)	
ハムスター	ハムスター	hamster	
ハラハラ	ハラハラ	to feel anxious, to feel nervous, to be kept in suspense, to feel excited, to feel thrilled	
ハリケーン	ハリケーン	hurricane	
ハロー	ハロー	hello	
ハロウィン	ハロウィン	Halloween	
ハロゲン	ハロゲン	halogen	
ハロン	ハロン	halon	
布哇	ハワイ	Hawaii, Hawai'i	
ハンカチ	ハンカチ	handkerchief	
ハンガー	ハンガー	(coat) hanger	
ハング	ハング	hanging (up)	
ハングリー	ハングリー	hungry (e.g. for success)	
ハングル	ハングル	hangul (Korean script)	
ハンサム	ハンサム	handsome	
ハンスト	ハンスト	hunger strike	
ハンター	ハンター	hunter	
ハンティング	ハンティング	hunting	
ハンディキャップ	ハンディキャップ	handicap	
ハンド	ハンド	hand	
ハンドバッグ	ハンドバッグ	handbag, purse	
ハンドブック	ハンドブック	handbook	
ハンドボール	ハンドボール	handball	
ハンドメイド	ハンドメイド	handmade	
ハンドル	ハンドル	handle	
ハンバーガー	ハンバーガー	hamburger (in a bun), burger	
ハンバーグ	ハンバーグ	Hamburg steak, hamburger steak	
ハンマー	ハンマー	hammer	
バー	バー	bar, tavern, barroom, pub	
バーガー	バーガー	burger, hamburger	
バーゲン	バーゲン	bargain	
バーゲンセール	バーゲンセール	bargain sale	
バーコード	バーコード	barcode, bar code	
バージニア	バージニア	Virginia	
バージョン	バージョン	version	
バージン	バージン	virgin, virginity	
バースデー	バースデー	birthday	
バースト	バースト	burst (tire, pipe, etc.), rupture, blowout	
バーター	バーター	barter	
バーチャル	バーチャル	virtual	
バーテン	バーテン	bartender	
バーディー	バーディー	birdie	
バードコール	バードコール	birdcall	
バーナー	バーナー	burner	
バーバー	バーバー	barber, barbershop, barber shop	
ＢＢＱ	バーベキュー	barbecue, barbeque, BBQ	
バーベル	バーベル	barbell	
バーボン	バーボン	bourbon	
バーミンガム	バーミンガム	Birmingham	
バール	バール	crowbar	
バーレスク	バーレスク	burlesque	
バレル	バレル	barrel	
バイアスロン	バイアスロン	biathlon	
バイオ	バイオ	bio-	
バイオテクノロジー	バイオテクノロジー	biotechnology	
ヴァイオリニスト	ヴァイオリニスト	violinist	
バイオリン	バイオリン	violin	
バイキング	バイキング	Viking	
バイク	バイク	motorcycle, motorbike, bike	
バイタリティ	バイタリティ	vitality	
バイト	バイト	part-time job, side job	
バイパス	バイパス	bypass	
バイブル	バイブル	Bible	
バイヤー	バイヤー	buyer	
バイリンガル	バイリンガル	bilingual	
バウサイド	バウサイド	bow side	
バウムクーヘン	バウムクーヘン	baumkuchen (German spit cake)	
バウンド	バウンド	bounce, bound	
バカンス	バカンス	holidays, vacation	
バガボンド	バガボンド	vagabond	
バギー	バギー	all-terrain vehicle, quad bike	
バクテリア	バクテリア	bacteria, bacillus, germ	
巴格達	バグダッド	Baghdad (Iraq)	
馬穴	バケツ	bucket, pail	
バザー	バザー	bazaar, bazar	
バス	バス	bus	
バスク	バスク	Basque (country)	
バスケット	バスケット	basket	
バスケットボール	バスケットボール	basketball	
バスター	バスター	fake bunt, slash bunt	
バスト	バスト	bust (measurement)	
バスルーム	バスルーム	bathroom	
バス停	バスてい	bus stop	
バター	バター	butter	
バタバタ	バタバタ	flapping, rattling, fluttering	
バタフライ	バタフライ	butterfly (swimming stroke)	
バタン	バタン	bang, slam, thud, crash	
バック	バック	back, rear	
バックアップ	バックアップ	backing (an initiative, candidate, etc.), support	
バックグラウンド	バックグラウンド	background (of a scene, picture, etc.)	
バックス	バックス	back (player), the backs	
バックスクリーン	バックスクリーン	batter's eye screen, centerfield screen	
バックネット	バックネット	backstop, back screen	
バックハンド	バックハンド	backhand	
バックボーン	バックボーン	(emotional) backbone, support	
バッグ	バッグ	bag	
バッジ	バッジ	badge	
バッティング	バッティング	batting	
バッテリー	バッテリー	battery	
バット	バット	bat (in baseball, cricket, etc.)	
バッハ	バッハ	Bach (German composer, 1685-1750)	
バトン	バトン	baton (relay, orchestral conducting, etc.)	
バトンタッチ	バトンタッチ	passing the baton (in a relay race), baton pass, baton handoff	
バドミントン	バドミントン	badminton	
バナナ	バナナ	banana	
バニラ	バニラ	vanilla	
発条	ばね	spring (device)	
バブル	バブル	bubble	
バプテスト	バプテスト	Baptist, baptist	
バベルの塔	バベルのとう	Tower of Babel	
バムバム	バムバム	bawm bawm (phenomenon) (name of Japanese pop song)	
バラード	バラード	ballade (narrative poetry, musical composition)	
バラエティ	バラエティ	variety	
バラック	バラック	shack, shanty, hut, temporary shelter	
バランス	バランス	balance	
バランスシート	バランスシート	balance sheet	
バリア	バリア	barrier, protective wall, bulwark	
バリウム	バリウム	barium (Ba)	
バリエーション	バリエーション	variation	
バリカン	バリカン	barber's clippers	
バリケード	バリケード	barricade	
バリトン	バリトン	baritone	
バルーン	バルーン	balloon	
バルカンラバー	バルカンラバー	vulcanized rubber, vulcanised rubber	
バルコニー	バルコニー	balcony	
バルセロナ	バルセロナ	Barcelona (Spain)	
バルブ	バルブ	valve	
バレー	バレー	volleyball	
バレーボール	バレーボール	volleyball	
バレエ	バレエ	ballet	
バレリーナ	バレリーナ	ballerina	
バレンタイン	バレンタイン	(Saint) Valentine	
バレンタインデー	バレンタインデー	Valentine's Day	
バロック	バロック	baroque	
バロメーター	バロメーター	barometer (instrument)	
バン	バン	bun (hairstyle)	
バンカー	バンカー	bunker	
バンク	バンク	bank (financial institution)	
晩香波	バンクーバー	Vancouver	
曼谷	バンコク	Bangkok (Thailand)	
バンス	バンス	advance (payment)	
バント	バント	bunt, bunting	
バンド	バンド	band (group of musicians)	
バンパー	バンパー	bumper	
パー	パー	par	
パーカー	パーカー	hooded sweatshirt, hoodie, hoody	
パーカッション	パーカッション	percussion	
パーキング	パーキング	parking	
パーク	パーク	park (public, amusement, etc.)	
パージ	パージ	purging (data)	
パース	パース	(architectural) perspective drawing, perspective view	
パーセプトロン	パーセプトロン	perceptron	
パーセント	パーセント	percent, per cent, percentage	
パーソナリティー	パーソナリティー	personality, individuality	
パーソナル	パーソナル	personal	
パーツ	パーツ	part, component	
パーティー	パーティー	party (social gathering)	
パート	パート	part	
パートタイマー	パートタイマー	part-timer	
パートタイム	パートタイム	part-time (work)	
パートナー	パートナー	(dance) partner	
パーフェクト	パーフェクト	perfect	
パープル	パープル	purple	
パープレー	パープレー	scoring even-par for the entire round	
パーマ	パーマ	perm (hairstyle), permanent wave	
パームボール	パームボール	palm ball	
パーラー	パーラー	parlor, parlour	
パール	パール	pearl	
パーレン	パーレン	parentheses, round brackets	
パイ	パイ	pie, tart	
パイオニア	パイオニア	pioneer	
パイナップル	パイナップル	pineapple (Ananas comosus)	
パイプ	パイプ	pipe, tube	
パイロット	パイロット	pilot	
パインジュース	パインジュース	pineapple juice	
パウダー	パウダー	powder	
巴基斯担	パキスタン	Pakistan	
パゴダ	パゴダ	pagoda	
パサパサ	パサパサ	dried-out, dry (e.g. hair), stale (bread)	
パシフィック	パシフィック	Pacific (Ocean)	
パジャマ	パジャマ	pajamas, pyjamas	
パス	パス	passing (an examination, inspection, etc.)	
パスカル	パスカル	pascal (unit of pressure)	
パスタ	パスタ	pasta	
パステル	パステル	pastel	
パスポート	パスポート	passport	
パスワード	パスワード	password	
パズル	パズル	puzzle	
パセリ	パセリ	parsley (Petroselinum crispum)	
パソコン	パソコン	personal computer, PC	
パター	パター	putter	
パターン	パターン	pattern	
パチパチ	パチパチ	crackling, cracking, snapping, popping, clicking	
パチンコ	パチンコ	pachinko, mechanical gambling game superficially resembling pinball	
パッキング	パッキング	packing (items in a suitcase, etc.)	
パック	パック	pack, packet, carton	
パッケージ	パッケージ	package	
パッション	パッション	passion, ardor, enthusiasm	
パッシング	パッシング	headlight flashing (as a signal to another driver), high beaming	
パッチワーク	パッチワーク	patchwork	
パッティング	パッティング	patting	
パット	パット	putt	
パッド	パッド	pad, padding	
パテ	パテ	putty, filler	
パティオ	パティオ	patio	
パトカー	パトカー	patrol car, police car, squad car, cruiser	
パトリオティズム	パトリオティズム	patriotism	
パトロール	パトロール	patrol	
パトロン	パトロン	patron (of the arts, an artist, etc.), patroness, financial supporter	
パドック	パドック	paddock	
パドル	パドル	paddle	
巴奈馬	パナマ	Panama	
パニック	パニック	panic	
パネラー	パネラー	panellist (panelist)	
パネリスト	パネリスト	panelist	
パネル	パネル	panel	
パノラマ	パノラマ	panorama	
パパ	パパ	dad, daddy, papa	
パパイヤ	パパイヤ	papaya (Carica papaya), pawpaw	
パビリオン	パビリオン	pavilion	
パフォーマンス	パフォーマンス	performance (e.g. music, dance, drama)	
パブ	パブ	pub	
パブリシティー	パブリシティー	publicity	
パブリック	パブリック	public	
パラグライダー	パラグライダー	paraglider	
パラシュート	パラシュート	parachute	
パラソル	パラソル	parasol (esp. one that is secured to the ground), sunshade, (beach) umbrella	
パラダイス	パラダイス	paradise	
パラダイム	パラダイム	paradigm	
パラドックス	パラドックス	paradox	
ぱらぱら	ぱらぱら	sprinkling (of rain, salt, etc.), pattering	
パラボラ	パラボラ	parabola (antenna, microphone reflector, etc.), (satellite) dish	
パラボラアンテナ	パラボラアンテナ	parabolic antenna	
パラリンピック	パラリンピック	Paralympics	
巴里	パリ	Paris (France)	
パリーグ	パリーグ	Pacific League (Japanese baseball league)	
パルサー	パルサー	pulsar	
パルス	パルス	pulse	
パルチザン	パルチザン	partisan	
パルプ	パルプ	pulp	
パレード	パレード	parade	
パレス	パレス	palace	
パレスチナ	パレスチナ	Palestine	
パレット	パレット	palette	
パロディー	パロディー	parody	
パワー	パワー	power	
パワーアップ	パワーアップ	powering up	
パワーステアリング	パワーステアリング	power steering	
パワフル	パワフル	powerful	
パン	パン	bread, (sweet) pastry	
パンアメリカニズム	パンアメリカニズム	Pan-Americanism	
パンク	パンク	puncture, flat tyre (tire), blowout	
パンジー	パンジー	pansy (Viola tricolor var. hortensis), garden pansy	
パンタグラフ	パンタグラフ	pantograph	
パンダ	パンダ	panda	
パンチ	パンチ	punch (with the fist)	
パンチパーマ	パンチパーマ	curly men's hairstyle, usu. associated with yakuza or delinquents	
パンツ	パンツ	underpants, pants, briefs, panties, shorts, knickers	
パンティー	パンティー	panties, knickers	
パント	パント	punt (in rugby, American football, etc.)	
パントマイム	パントマイム	mime, dumb show, silent drama, pantomime	
パンフ	パンフ	pamphlet, brochure, leaflet	
パンフレット	パンフレット	pamphlet, brochure, leaflet	
パンプス	パンプス	pumps, court shoe	
パン屋	パンや	bakery, baker	
パン粉	パンこ	breadcrumbs, panko	
ヒーター	ヒーター	heater	
ヒート	ヒート	heat	
ヒール	ヒール	heel (of a shoe)	
ヒーロー	ヒーロー	hero	
ヒア	ヒア	hear	
ヒアリング	ヒアリング	listening (esp. in foreign language education), listening comprehension	
ヒステリー	ヒステリー	hysteria	
ヒステリック	ヒステリック	hysterical, hysteric	
ヒッチハイク	ヒッチハイク	hitch-hike, hitchhiking	
ヒット	ヒット	hit, base hit, safe hit, single	
ヒッピー	ヒッピー	hippy, hippie	
ヒップ	ヒップ	hips, buttocks, backside	
ヒマラヤ	ヒマラヤ	Himalayas	
ヒューズ	ヒューズ	fuse	
ヒューマニズム	ヒューマニズム	humanism	
ヒューマン	ヒューマン	human	
ヒレ	ヒレ	fillet, tenderloin	
ヒロイズム	ヒロイズム	heroism	
ヒロイン	ヒロイン	heroine, female protagonist	
ヒンドゥー	ヒンドゥー	Hindu	
ヒント	ヒント	hint, clue	
ビーカ	ビーカ	beaker	
ビーグル	ビーグル	beagle	
ビーズ	ビーズ	beads	
ビーチ	ビーチ	beach	
ビート	ビート	beet	
ビーバー	ビーバー	beaver	
ビーフ	ビーフ	beef	
ビーム	ビーム	beam	
ビアガーデン	ビアガーデン	beer garden	
ビエンナーレ	ビエンナーレ	biennale (biennial art exhibition)	
ビオラ	ビオラ	viola	
ビキニ	ビキニ	bikini (swimwear)	
ビギナー	ビギナー	beginner	
ビクター	ビクター	victor	
ビクトリー	ビクトリー	victory	
ビクトリア	ビクトリア	Victoria (Seychelles)	
ビザ	ビザ	visa	
ビジター	ビジター	visitor	
ビジネス	ビジネス	business	
ビジネスマン	ビジネスマン	businessman	
ビジネスライク	ビジネスライク	businesslike, professional	
ビジュアル	ビジュアル	visual	
ビジョン	ビジョン	vision	
ビス	ビス	screw	
ビスケット	ビスケット	cookie, biscuit	
ビスタカー	ビスタカー	vista car, double-decker observation car operated by Kintetsu Railway	
ビタミン	ビタミン	vitamin	
ビッグ	ビッグ	big	
ビッグイベント	ビッグイベント	big event	
ビッグバン	ビッグバン	big bang	
ビット	ビット	bit	
ビデオ	ビデオ	video (esp. a televised image)	
ビデオテープ	ビデオテープ	video tape	
ビニール	ビニール	vinyl, plastic	
ビバーク	ビバーク	bivouac	
ビビッド	ビビッド	vivid	
ビュー	ビュー	view	
ビューティフル	ビューティフル	beautiful	
ビューロー	ビューロー	bureau	
ビュッフェ	ビュッフェ	buffet, self-service meal	
ビラ	ビラ	villa, holiday house	
ビリヤード	ビリヤード	billiards, pool, snooker, cue sports	
ビル	ビル	multi-floor building, multi-storey building	
ビルディング	ビルディング	multi-floor building, multi-storey building, tall building	
ビルトイン	ビルトイン	built-in	
ビルボード	ビルボード	billboard	
ビレッジ	ビレッジ	village	
ビンゴ	ビンゴ	bingo	
ヴィンテージ	ヴィンテージ	vintage (year, wine)	
ピーク	ピーク	peak	
ピース	ピース	peace	
ピーターパンシンドローム	ピーターパンシンドローム	Peter Pan syndrome	
ピーチ	ピーチ	peach	
ピーナッツ	ピーナッツ	peanut	
ピーピングトム	ピーピングトム	Peeping Tom	
ピープル	ピープル	people	
ピープルズキャピタリズム	ピープルズキャピタリズム	people's capitalism	
ピーマン	ピーマン	bell pepper (esp. green), green pepper, sweet pepper, capsicum	
ピアジェ	ピアジェ	Piaget	
ピアス	ピアス	earrings (for pierced ears)	
ピアニスト	ピアニスト	pianist	
ピアノ	ピアノ	piano (instrument)	
ピエロ	ピエロ	clown	
ピカソ	ピカソ	Picasso	
ピクチャー	ピクチャー	picture	
ピクニック	ピクニック	picnic	
ピケ	ピケ	pique	
ピコ	ピコ	pico-, 10^-12	
ピザ	ピザ	pizza	
ピストル	ピストル	pistol	
ピストン	ピストン	piston, plunger	
ピッキング	ピッキング	order picking (taking goods from a warehouse to fulfil customer orders)	
ピック	ピック	pick, plectrum	
ピックアップサービス	ピックアップサービス	pickup service	
ピッチ	ピッチ	pace, speed, rate	
ピッチャー	ピッチャー	pitcher	
ピッチング	ピッチング	pitching	
ピット	ピット	pit (hole or sunken area)	
ピュア	ピュア	pure	
ピラニア	ピラニア	piranha	
ピラフ	ピラフ	pilaf, pilau, pulao	
ピラミッド	ピラミッド	pyramid	
ピリ	ピリ	period (interval of a game)	
ピリオド	ピリオド	period (esp. in European languages), full stop	
ピル	ピル	pill	
ピン	ピン	pin (e.g. hairpin, safety pin)	
ピンク	ピンク	pink	
ピンセット	ピンセット	tweezers, forceps	
ピンチ	ピンチ	pinch, tough spot, bind, crisis, predicament	
ピンチヒッター	ピンチヒッター	pinch hitter	
ピント	ピント	focus (of a lens), focal point	
ピンポイント	ピンポイント	pinpoint	
ピンポン	ピンポン	ping-pong, table tennis	
フーガ	フーガ	fugue	
フード	フード	hood	
ファースト	ファースト	first	
ファーム	ファーム	farm	
ファイア	ファイア	fire	
ファイター	ファイター	fighter	
ファイティングスピリット	ファイティングスピリット	fighting spirit	
ファイト	ファイト	fight	
ファイナル	ファイナル	final	
ファイナルセット	ファイナルセット	final set	
ファイナンス	ファイナンス	finance	
ファイバー	ファイバー	fiber, fibre	
ファイブスター	ファイブスター	five-star	
ファイリングシステム	ファイリングシステム	filing system	
ファイル	ファイル	file (for holding papers)	
ファインダー	ファインダー	viewfinder, finder	
ファインプレー	ファインプレー	fine play	
ファウル	ファウル	foul	
ファクシミリ	ファクシミリ	facsimile	
ファクター	ファクター	factor	
ファクトリー	ファクトリー	factory	
ファシスト	ファシスト	fascist	
ファシズム	ファシズム	fascism	
ファシリティ	ファシリティ	facility	
ファジー	ファジー	fuzzy	
ファストフード	ファストフード	fast food	
ファスナー	ファスナー	zip fastener, zipper, zip	
ＦＡＸ	ファックス	fax, facsimile	
ファッショ	ファッショ	fascism, fascist	
ファッショナブル	ファッショナブル	fashionable	
ファッション	ファッション	fashion	
ファッションショー	ファッションショー	fashion show	
ファミリー	ファミリー	family	
ファミリア	ファミリア	familiar	
ファラウェイ	ファラウェイ	far away	
ファルス	ファルス	(theatrical) farce	
ファン	ファン	fan, enthusiast, lover (of)	
ファンキー	ファンキー	funky	
ファンク	ファンク	funk	
ファン倶楽部	ファンクラブ	fan club	
ファンタジー	ファンタジー	fantasy	
ファンタスティック	ファンタスティック	fantastic	
ファンダメンタルズ	ファンダメンタルズ	fundamentals	
ファンデーション	ファンデーション	foundation (makeup)	
ファントム	ファントム	phantom	
ファンド	ファンド	fund	
フィーダ	フィーダ	feeder	
呎	フィート	feet, foot	
フィードバック	フィードバック	feedback (on a product, person's performance, etc.)	
フィーバー	フィーバー	fever (state of excitement)	
フィーリング	フィーリング	feeling	
フィールド	フィールド	field	
フィールドワーク	フィールドワーク	fieldwork	
フィアンセ	フィアンセ	fiance, fiancee	
フィギュア	フィギュア	figure, form, shape	
フィクサー	フィクサー	fixer	
フィクション	フィクション	fiction	
フィスカルポリシー	フィスカルポリシー	fiscal policy	
フィッシュ	フィッシュ	fish	
フィッティング	フィッティング	fitting (of clothing)	
フィット	フィット	fit	
フィットネス	フィットネス	fitness	
フィナカップ	フィナカップ	Fédération Internationale de Natation Amateur cup, FINA cup	
フィニッシュ	フィニッシュ	finish, end, conclusion	
フィフティーフィフティー	フィフティーフィフティー	fifty-fifty	
フィヨルド	フィヨルド	fjord	
フィラデルフィア	フィラデルフィア	Philadelphia	
比律賓	フィリピン	Philippines	
フィル	フィル	philharmonic	
フィルター	フィルター	filter	
フィルダースチョイス	フィルダースチョイス	fielder's choice	
フィルハーモニー	フィルハーモニー	philharmonic	
フィルム	フィルム	film	
フィン	フィン	(diving) fin, swim fin, flipper	
芬蘭	フィンランド	Finland	
フェア	フェア	fair	
フェアウェイ	フェアウェイ	fairway	
フェアプレー	フェアプレー	fair play	
フェイク	フェイク	fake	
フェイス	フェイス	face	
フェイント	フェイント	feint	
フェスティバル	フェスティバル	festival (esp. music, film, etc.)	
フェデレーション	フェデレーション	federation	
フェニックス	フェニックス	phoenix (bird of Egyptian mythology)	
フェミニスト	フェミニスト	feminist	
フェミニズム	フェミニズム	feminism	
フェラチオ	フェラチオ	fellatio, blow job	
フェリー	フェリー	ferry	
フェルト	フェルト	felt	
フェレット	フェレット	ferret (Mustela furo)	
フェローシップ	フェローシップ	fellowship	
フェロモン	フェロモン	pheromone	
フェンシング	フェンシング	fencing	
フェンス	フェンス	fence	
フォーカス	フォーカス	focus (of a camera, microscope, etc.)	
フォーク	フォーク	fork	
フォークソング	フォークソング	folk song, folk music	
フォークボール	フォークボール	forkball	
フォース	フォース	force	
フォーチュン	フォーチュン	fortune	
フォード	フォード	ford	
フォーマット	フォーマット	format, form	
フォーマル	フォーマル	formal	
フォーミュラカー	フォーミュラカー	formula car	
フォーム	フォーム	form	
フォーメーション	フォーメーション	formation	
フォーラム	フォーラム	forum	
フォール	フォール	fall (esp. in wrestling)	
フォールト	フォールト	fault	
フォア	フォア	four	
フォアグラ	フォアグラ	foie gras	
フォアハンド	フォアハンド	forehand	
フォアボール	フォアボール	base on balls, walk, pass	
フォアマン	フォアマン	foreman	
フォスターチャイルド	フォスターチャイルド	foster child	
フォックストロット	フォックストロット	foxtrot	
フォト	フォト	photo	
フォロー	フォロー	follow	
フォワード	フォワード	forward (position), attacker	
フッカー	フッカー	hooker (rugby)	
フック	フック	hook	
フットボール	フットボール	football (soccer, rugby, American football, etc.; esp. soccer)	
フットワーク	フットワーク	footwork	
フュージョン	フュージョン	fusion	
フューチャー	フューチャー	future	
フライ	フライ	deep-fried food	
フライト	フライト	flight	
フライドチキン	フライドチキン	fried chicken (esp. American-style)	
フライパン	フライパン	fry pan, frying pan	
フライホイール	フライホイール	flywheel	
フライング	フライング	flying	
フラグ	フラグ	flag, boolean value	
フラスコ	フラスコ	(laboratory) flask	
フラストレーション	フラストレーション	frustration	
フラッグ	フラッグ	flag	
フラッシュ	フラッシュ	flash (esp. of a camera), flashlight, flashbulb	
フラップ	フラップ	flap (of an aircraft wing)	
フラメンコ	フラメンコ	flamenco	
フラワーアレンジメント	フラワーアレンジメント	flower arrangement	
フラン	フラン	franc (currency)	
フランク	フランク	frank, candid	
フランクフルト	フランクフルト	Frankfurt (Germany)	
フランスパン	フランスパン	French bread (esp. baguette), breadstick	
フランス語	フランスご	French (language)	
フランチャイズ	フランチャイズ	franchise	
フリー	フリー	free (of restraint, controls, etc.)	
フリーエージェント	フリーエージェント	free agent	
フリーキック	フリーキック	free kick	
フリースタイル	フリースタイル	freestyle	
フリーズ	フリーズ	freezing, turning into ice	
フリーター	フリーター	(young) person subsisting on part-time work, person whose livelihood is provided by part-time work	
フリーダイヤル	フリーダイヤル	toll-free number	
フリーダム	フリーダム	freedom	
フリーハンド	フリーハンド	free-hand	
フリーパス	フリーパス	free pass	
フリーマーケット	フリーマーケット	flea market	
フリーランサー	フリーランサー	freelancer	
フリーランス	フリーランス	freelance	
フリゲート	フリゲート	frigate	
フリップフロップ	フリップフロップ	flip flop, bistable (trigger) circuit	
フリンジ	フリンジ	fringe	
フル	フル	full	
フルーツ	フルーツ	fruit	
フルート	フルート	flute	
フレーズ	フレーズ	phrase	
フレーバー	フレーバー	flavor, flavour	
フレーム	フレーム	frame	
フレア	フレア	flare	
フレキシブル	フレキシブル	flexible	
フレックス	フレックス	flexible-hours system, flextime, flexitime	
フレッシュ	フレッシュ	fresh	
フレッシュマン	フレッシュマン	freshman	
フレンズ	フレンズ	friends	
フレンチ	フレンチ	French	
フレンド	フレンド	friend	
フレンドリー	フレンドリー	friendly	
フロー	フロー	flow	
フローズンフード	フローズンフード	frozen food	
フロート	フロート	float, pontoon	
フローリング	フローリング	wooden flooring	
フロア	フロア	floor	
フロスト	フロスト	frost	
フロック	フロック	fluke, chance, unexpected event, lucky shot (e.g. in billiards)	
フロッピー	フロッピー	floppy (disk)	
フロッピーディスク	フロッピーディスク	floppy disk	
フロリダ	フロリダ	Florida	
フロン	フロン	fluorocarbon, chlorofluorohydrocarbon, CFC	
フロンガス	フロンガス	chlorofluorocarbon gas, CFC gas	
フロンティア	フロンティア	frontier (esp. the American frontier)	
フロント	フロント	front (aspect, weather, war-front, etc.)	
ふわふわ	ふわふわ	lightly (floating, drifting, etc.), buoyantly	
ブーイング	ブーイング	booing	
ブーケ	ブーケ	bouquet	
ブース	ブース	booth	
ブーツ	ブーツ	boots, boot	
ブーム	ブーム	boom, craze, fad	
ブーメラン	ブーメラン	boomerang	
ブール	ブール	boule (round loaf of white bread)	
ブイ	ブイ	buoy	
ブザー	ブザー	buzzer, personal alarm (loud buzzer to attract attention in case of attack)	
ブタン	ブタン	butane	
ブッカー	ブッカー	booker	
ブック	ブック	book	
ブックメーカー	ブックメーカー	bookmaker	
ブックレット	ブックレット	booklet	
ブティック	ブティック	boutique	
ブライダル	ブライダル	bridal, nuptial	
ブラインド	ブラインド	window blind, blinds	
ブラウス	ブラウス	blouse	
ブラウン管	ブラウンかん	cathode-ray tube, CRT, Braun tube	
ブラジャー	ブラジャー	bra, brassiere	
伯剌西爾	ブラジル	Brazil	
ブラスバンド	ブラスバンド	brass band	
ブラチスラバ	ブラチスラバ	Bratislava (Slovakia)	
ブラック	ブラック	black	
ブラッシー	ブラッシー	brassie, 2-wood	
ブラボー	ブラボー	bravo	
ブランク	ブランク	blank, blank space	
ブランチ	ブランチ	branch	
ブランデー	ブランデー	brandy	
ブランド	ブランド	brand	
ブリージング	ブリージング	breathing	
ブリーフ	ブリーフ	briefs	
ブリスベン	ブリスベン	Brisbane	
ブリタニア	ブリタニア	Britannia	
フリッカー	フリッカー	flicker	
ブリッジ	ブリッジ	bridge (road, railway, ship, etc.)	
ブリュッセル	ブリュッセル	Brussels (Belgium)	
ブル	ブル	bull	
ブルー	ブルー	blue	
ブルーカラー	ブルーカラー	blue-collar (worker)	
ブルース	ブルース	blues	
ブルーバード	ブルーバード	bluebird	
勃牙利	ブルガリア	Bulgaria	
ブルジョア	ブルジョア	bourgeois	
ブルセラ	ブルセラ	used women's clothing such as bloomers and high-school sailor-suit uniforms (esp. as a source of sexual arousal)	
ブルゾン	ブルゾン	blouson, jacket gathered at the waist	
ブルネット	ブルネット	brunette	
ブルペン	ブルペン	bull pen	
ブレーカー	ブレーカー	(circuit) breaker	
ブレーキ	ブレーキ	brake	
ブレード	ブレード	blade	
ブレーン	ブレーン	brains (of an operation), advisor, brain trust	
ブレイク	ブレイク	break (rest)	
ブレザー	ブレザー	blazer	
ブレスト	ブレスト	breast	
ブレスレット	ブレスレット	bracelet	
プレゼンテーション	プレゼンテーション	presentation	
ブレッド	ブレッド	bread	
ブレンド	ブレンド	blend	
ブロー	ブロー	blow-drying	
ブローカー	ブローカー	broker	
ブローチ	ブローチ	brooch	
ブロード	ブロード	broadcloth	
ブロイラー	ブロイラー	broiler	
ブロッカー	ブロッカー	blocker (person or device)	
ブロック	ブロック	block (solid piece of material), chunk (e.g. of meat)	
ブロマイド	ブロマイド	postcard-sized photographic portrait of a celebrity	
ブロンズ	ブロンズ	bronze	
ブンド	ブンド	bond	
プー太郎	プータロー	unemployed person, vagabond, floater, vagrant	
プール	プール	(swimming) pool	
プチ	プチ	small	
プッシュ	プッシュ	push	
プッシュホン	プッシュホン	push-button telephone	
プライス	プライス	price	
プライド	プライド	pride, dignity, self-worth	
プライバシー	プライバシー	privacy	
プライベート	プライベート	private	
プライムタイム	プライムタイム	prime time	
プライムレート	プライムレート	prime (lending) rate	
プラカード	プラカード	placard	
プラグ	プラグ	plug, connector	
プラグマティズム	プラグマティズム	pragmatism	
プラザ	プラザ	plaza	
プラス	プラス	plus, addition	
プラスチック	プラスチック	plastic	
プラズマ	プラズマ	plasma	
プラチナ	プラチナ	platinum (Pt)	
プラットホーム	プラットホーム	platform	
プラネタリウム	プラネタリウム	planetarium	
プラハ	プラハ	Prague (Czech Republic)	
プラモデル	プラモデル	plastic model	
プラン	プラン	plan, scheme	
プランクトン	プランクトン	plankton	
プランター	プランター	planter (container)	
プランタン	プランタン	springtime, spring	
プラント	プラント	plant (i.e. equipment, machinery, etc.)	
プランナー	プランナー	planner	
プランニング	プランニング	planning	
プリ	プリ	pre-	
プリーツ	プリーツ	pleat, pleats, plait, plaits	
プリズム	プリズム	prism	
プリティ	プリティ	pretty	
プリン	プリン	pudding (esp. custard)	
プリンス	プリンス	prince	
プリンセス	プリンセス	princess	
プリンタ	プリンタ	printer	
プリント	プリント	print, printing, (printed) copy	
プルトニウム	プルトニウム	plutonium (Pu)	
プレイ	プレイ	play, recreation	
プレーオフ	プレーオフ	play-off, playoff	
プレート	プレート	plate (e.g. nameplate, license plate)	
プレーボール	プレーボール	play ball!	
プレイヤー	プレイヤー	player	
プレーン	プレーン	plain	
プレイガール	プレイガール	playgirl	
プレイボーイ	プレイボーイ	playboy	
プレジデント	プレジデント	president	
プレス	プレス	pressing, stamping, printing	
プレスクラブ	プレスクラブ	press club	
プレスセンター	プレスセンター	press center, press centre	
プレスリリース	プレスリリース	press release	
プレゼント	プレゼント	present, gift	
プレタポルテ	プレタポルテ	ready-made clothing, ready-to-wear clothing	
プレッシャー	プレッシャー	pressure	
プレトリア	プレトリア	Pretoria (South Africa)	
プレハブ	プレハブ	prefab, prefabrication, prefabricated building	
プレミアム	プレミアム	premium	
プレリュード	プレリュード	prelude	
プロ	プロ	professional, pro	
プログラム	プログラム	program (of events, music, etc.), programme	
プロジェクター	プロジェクター	projector	
プロジェクト	プロジェクト	project	
プロセス	プロセス	process	
プロセッサー	プロセッサー	processor	
プロダクション	プロダクション	production	
プロダクト	プロダクト	product	
プロップジェット	プロップジェット	propjet	
プロテスタント	プロテスタント	Protestant	
プロデューサー	プロデューサー	producer (film, TV, etc.)	
プロデュース	プロデュース	to produce (e.g. movie, play, show, event, musical recording, etc.), to design (e.g. new commercial product, restaurant concept, etc.), to create	
プロパー	プロパー	proper	
プロパガンダ	プロパガンダ	propaganda	
プロパン	プロパン	propane	
プロフィール	プロフィール	profile	
プロフェッショナル	プロフェッショナル	professional	
プロペラ	プロペラ	propeller	
プロポーザル	プロポーザル	proposal	
プロポーズ	プロポーズ	(marriage) proposal	
プロモーション	プロモーション	promotion	
プロモーター	プロモーター	promoter	
プロモート	プロモート	promotion (of a product, event, cause, etc.)	
プロレス	プロレス	professional wrestling	
プロレタリア	プロレタリア	proletarian	
プロローグ	プロローグ	prologue	
プロンプター	プロンプター	teleprompter, autocue	
プンプン	プンプン	(smelling) strongly, pungently	
ヘア	ヘア	hair (on the head)	
ヘアケア	ヘアケア	hair care	
ヘアスタイル	ヘアスタイル	hairstyle	
ヘクタール	ヘクタール	hectare	
ヘクト	ヘクト	hecto-, 10^2	
ヘザー	ヘザー	heather (color, colour)	
ヘッジ	ヘッジ	hedge	
ヘッダー	ヘッダー	header (on a document, email, etc.)	
ヘッド	ヘッド	head	
ヘッドコーチ	ヘッドコーチ	head coach	
ヘッドホン	ヘッドホン	headphone, headphones	
ヘッドライト	ヘッドライト	headlight (on a vehicle)	
ヘディング	ヘディング	heading (of a document, article, etc.)	
ヘドロ	ヘドロ	sludge, slime, chemical ooze	
ヘビー	ヘビー	heavy	
ヘビースモーカー	ヘビースモーカー	heavy smoker	
ヘブライズム	ヘブライズム	Hebraism	
ヘム	ヘム	hem	
ヘモグロビン	ヘモグロビン	hemoglobin, haemoglobin	
ヘラルド	ヘラルド	herald	
ヘリ	ヘリ	helicopter	
ヘリウム	ヘリウム	helium (He)	
ヘリコプター	ヘリコプター	helicopter	
ヘリポート	ヘリポート	heliport	
ヘリンボーン	ヘリンボーン	herringbone	
ヘル	ヘル	hell	
ヘルシー	ヘルシー	healthy	
ヘルシンキ	ヘルシンキ	Helsinki (Finland)	
ヘルス	ヘルス	health	
ヘルスクラブ	ヘルスクラブ	fitness club, health club, gym	
ヘルツ	ヘルツ	hertz (unit of frequency), Hz	
ヘルツェゴビナ	ヘルツェゴビナ	Herzegovina	
ヘルニア	ヘルニア	hernia	
ヘルパー	ヘルパー	helper	
ヘルメット	ヘルメット	helmet, hard hat, protective headgear	
ヘレニズム	ヘレニズム	Hellenism	
ヘロイン	ヘロイン	heroin	
ベーカリー	ベーカリー	bakery	
ベーコン	ベーコン	bacon	
ベーシック	ベーシック	basic	
ベージュ	ベージュ	beige	
ベース	ベース	base, basis, theme, basic ingredient	
ベースアップ	ベースアップ	raise of the basic wage rate, increase in base pay, salary increase	
ベースキャンプ	ベースキャンプ	base camp	
Β	ベータ	beta	
ベートーヴェン	ベートーヴェン	Beethoven	
ベール	ベール	veil	
ベア	ベア	increase in basic salary	
ベアリング	ベアリング	bearing	
ベイルート	ベイルート	Beirut (Lebanon)	
ベオグラード	ベオグラード	Belgrade (Serbia)	
ベクター	ベクター	vector	
ベクトル	ベクトル	vector	
ベジタブル	ベジタブル	vegetable	
ベスト	ベスト	best	
ベストセラー	ベストセラー	bestseller	
ベストテン	ベストテン	top ten, the ten best	
ベタ	ベタ	betta (esp. the Siamese fighting fish, Betta splendens)	
ベター	ベター	better, preferable	
ベッド	ベッド	bed	
ベテラン	ベテラン	veteran (in a particular field), person with a lot of experience, old hand	
ベドウィン	ベドウィン	Bedouin	
ベニヤ	ベニヤ	veneer	
ベニヤ板	ベニヤいた	plywood	
ベネチアングラス	ベネチアングラス	Venetian glass	
ベネフィット	ベネフィット	benefit	
ベビー	ベビー	baby	
ベビーカー	ベビーカー	stroller, buggy, pushchair, pram	
ベビーシッター	ベビーシッター	babysitter	
ベランダ	ベランダ	balcony	
ベリーダンス	ベリーダンス	belly dance	
ベル	ベル	bell	
白耳義	ベルギー	Belgium	
ベルト	ベルト	belt (worn around the waist)	
ベルトコンベア	ベルトコンベア	conveyor belt, belt conveyor	
ベルファスト	ベルファスト	Belfast (Northern Ireland, UK)	
ベルマーク	ベルマーク	Bellmark, Bell Mark, tokens collected from product packaging and exchanged for school supplies	
ベルモット	ベルモット	vermouth	
ベレー	ベレー	beret	
ベロ	ベロ	tongue	
ベンジン	ベンジン	gasoline, petrol	
ベンチ	ベンチ	bench	
ベンチャー	ベンチャー	venture	
頁	ページ	page	
ペース	ペース	pace	
ペースメーカー	ペースメーカー	pacemaker	
ペーソス	ペーソス	pathos	
ペーパー	ペーパー	paper	
ペール	ペール	pale	
ペア	ペア	pair, set of two	
ペアリング	ペアリング	couple's ring, couple rings	
ペイ	ペイ	pay, salary	
ペインクリニック	ペインクリニック	pain clinic	
ペイント	ペイント	paint	
ペシミスティック	ペシミスティック	pessimistic	
ペスト	ペスト	plague, black plague	
ペダル	ペダル	pedal	
ペッサリー	ペッサリー	pessary, contraceptive diaphragm for vaginal use	
ペット	ペット	pet	
ペドメーター	ペドメーター	pedometer	
ペナルティー	ペナルティー	penalty	
ペナント	ペナント	pennant	
ペニシリン	ペニシリン	penicillin	
ペプシン	ペプシン	pepsin	
ペリカン	ペリカン	pelican	
秘露	ペルー	Peru	
ペン	ペン	pen	
番瀝青	ペンキ	paint	
ペンギン	ペンギン	penguin	
ペンクラブ	ペンクラブ	PEN club, club for poets, play-wrights, essayists, editors, novelists	
ペンション	ペンション	pension (Western-style boarding house)	
ペンシルベニア	ペンシルベニア	Pennsylvania	
ペンタゴン	ペンタゴン	pentagon	
ペンダント	ペンダント	pendant (jewelry)	
ペンチ	ペンチ	cutting pliers, lineman's pliers, combination pliers	
ペンネーム	ペンネーム	pen-name	
ペン先	ペンさき	pen nibs	
ホース	ホース	hose	
ホープ	ホープ	hope	
ホーマー	ホーマー	homer, home run	
ホーミング	ホーミング	homing	
ホーム	ホーム	platform	
ホームイン	ホームイン	getting home, crossing home plate, scoring	
ホームグラウンド	ホームグラウンド	home ground, home field	
ホームシック	ホームシック	homesickness	
ホームステイ	ホームステイ	homestay	
ホームセキュリティ	ホームセキュリティ	home security (system)	
ホームターミナル	ホームターミナル	home terminal	
ホームドラマ	ホームドラマ	family-centered sitcom, TV drama of family life, soap opera	
ホームヘルパー	ホームヘルパー	caregiver, care worker, carer	
ホームラン	ホームラン	home run	
ホームルーム	ホームルーム	homeroom, form room, form class	
ホール	ホール	hall (dance, concert, etc.)	
ホーン	ホーン	horn (speaker, klaxon, etc.)	
ホイール	ホイール	wheel (esp. of a vehicle)	
ホイッスル	ホイッスル	whistle	
ホステス	ホステス	hostess	
ホステル	ホステル	hostel	
ホスト	ホスト	host (of a party, summit, etc.)	
ホスピス	ホスピス	hospice	
ホック	ホック	hook (esp. for clothing), hook and eye	
ホッケー	ホッケー	(field) hockey	
ホット	ホット	hot	
ホットライン	ホットライン	hot line, hotline	
ホップ	ホップ	hop, hopping, jumping on one foot	
ホテル	ホテル	hotel	
ホノルル	ホノルル	Honolulu	
ホモ	ホモ	homo, homosexual (esp. a male), homosexuality (esp. male-male)	
ホラー	ホラー	horror	
ホリデー	ホリデー	holiday	
ホルスター	ホルスター	holster	
ホルダー	ホルダー	holder	
ホルモン	ホルモン	hormone	
ホルン	ホルン	horn (musical instrument)	
ホログラフィ	ホログラフィ	holography	
ホロコースト	ホロコースト	Holocaust, Shoah	
ホワイト	ホワイト	white	
ホワイトカラー	ホワイトカラー	white-collar (worker)	
ボー	ボー	bow (weapon)	
ボーイ	ボーイ	boy	
ボーイスカウト	ボーイスカウト	Boy Scouts	
ボーイフレンド	ボーイフレンド	boyfriend, male friend	
ボーイング	ボーイング	bowing (of a string instrument)	
ボーカラー	ボーカラー	bow collar	
ボーカリスト	ボーカリスト	vocalist	
ボーカル	ボーカル	vocal (performance), vocals, singing	
ボーク	ボーク	balk	
ボーダー	ボーダー	border, boundary	
ボーダーライン	ボーダーライン	border line	
ボート	ボート	boat	
ボートピープル	ボートピープル	boat people (esp. from Vietnam), boat refugees, refugees fleeing by boat	
ボード	ボード	board	
ボードセーリング	ボードセーリング	boardsailing, windsurfing	
ボーナス	ボーナス	bonus	
ボウリング	ボウリング	bowling (esp. tenpin)	
ボール	ボール	ball	
ボールド	ボールド	bold	
ボールペン	ボールペン	ball-point pen	
ボーン	ボーン	bone	
ボイコット	ボイコット	boycott	
ボイジャー	ボイジャー	voyager	
ボイス	ボイス	voice	
ボイスレコーダー	ボイスレコーダー	cockpit voice recorder, CVR	
ボイラー	ボイラー	boiler	
ボウル	ボウル	bowl	
ボギー	ボギー	bogey	
ボクサー	ボクサー	boxer (fighter)	
ボクシング	ボクシング	boxing	
ボコーダー	ボコーダー	vocoder	
ボサノバ	ボサノバ	bossa nova	
ボス	ボス	boss, leader, head	
ボストン	ボストン	Boston	
ボスニア	ボスニア	Bosnia	
釦	ボタン	button (clothing)	
ボックス	ボックス	box, container, bin	
ボツワナ	ボツワナ	Botswana	
ボディー	ボディー	body	
ボディーブロー	ボディーブロー	body blow	
ボディコン	ボディコン	body-conscious (look), tight-fitting (clothing)	
ボトム	ボトム	bottom	
ボトル	ボトル	bottle	
ボブ	ボブ	bob (haircut)	
ボブスレー	ボブスレー	bobsleigh, bobsled	
ぼやぼや	ぼやぼや	to be careless, to be inattentive, to be absentminded, to be slow	
ボランティア	ボランティア	volunteer	
ボリューム	ボリューム	volume (sound level)	
ボルテージ	ボルテージ	voltage	
ボルト	ボルト	volt	
ボレー	ボレー	volley	
ボレロ	ボレロ	bolero (dance)	
ボン	ボン	good	
ボンド	ボンド	bond	
ボンネット	ボンネット	bonnet, (car) hood	
ボンベ	ボンベ	compressed gas cylinder, aerosol spray can	
ポーカー	ポーカー	poker	
ポーズ	ポーズ	pose	
ポーター	ポーター	porter	
ポータブル	ポータブル	portable	
ポート	ポート	port, harbor	
ポートフォリオ	ポートフォリオ	portfolio	
ポール	ポール	pole	
ポイント	ポイント	point (of a story, argument, etc.), key point, important part	
ポエム	ポエム	poem	
ポケット	ポケット	pocket	
ポケットサイズ	ポケットサイズ	pocket-size	
ポケットベル	ポケットベル	pager, beeper	
ポケットマネー	ポケットマネー	pocket money	
ポシビリティ	ポシビリティ	possibility	
ポシェット	ポシェット	pochette, pouch (usu. hung from the shoulder by a long cord)	
ポジショニング	ポジショニング	positioning	
ポジション	ポジション	position	
ポジティブ	ポジティブ	positive (e.g. thinking)	
ポスター	ポスター	poster	
ポスト	ポスト	postbox, mailbox, mail box, pillar box	
ポタージュ	ポタージュ	potage (thick soup)	
ポット	ポット	pot (esp. teapot, coffee pot)	
ポップ	ポップ	pop, popular, fashionable	
ポップアート	ポップアート	pop art	
ポップス	ポップス	pop music, popular music	
ポテト	ポテト	potato	
ポテトチップス	ポテトチップス	potato chips, potato crisps	
ポテンシャル	ポテンシャル	potential	
ポトフ	ポトフ	pot-au-feu	
ポニーテール	ポニーテール	ponytail	
ポピュラー	ポピュラー	popular, well-liked	
ポプリ	ポプリ	potpourri	
ポリ	ポリ	poly-	
ポリープ	ポリープ	polyp	
ポリエチレン	ポリエチレン	polyethylene	
ポリオ	ポリオ	polio, poliomyelitis	
ポリシー	ポリシー	policy	
ポリス	ポリス	police, police officer	
ポリネシア	ポリネシア	Polynesia	
ポリプロピレン	ポリプロピレン	polypropylene	
ポリマー	ポリマー	polymer	
ポルカ	ポルカ	polka	
葡萄牙	ポルトガル	Portugal	
ポルノ	ポルノ	pornography, porn, porno	
ポロ	ポロ	polo	
听	ポンド	pound (unit of weight)	
ポンプ	ポンプ	pump	
ポンポン	ポンポン	pompom, pompon, pom-pom, pom-pon	
マーカー	マーカー	marker (pen)	
マーガリン	マーガリン	margarine	
マーク	マーク	mark, sign, symbol, emblem, logo, label, brand	
マークシート	マークシート	computer-scored answer sheet, optical answer sheet, scantron, bubble sheet	
マーケット	マーケット	market	
マーケティング	マーケティング	marketing	
マージン	マージン	margin	
マーチ	マーチ	march	
マート	マート	mart	
マーブル	マーブル	marble	
マーメイド	マーメイド	mermaid	
マイ	マイ	my, one's own, personal, privately owned	
マイアミ	マイアミ	Miami	
マイカー	マイカー	one's own car, privately owned car	
マイク	マイク	mike, mic, microphone	
マイクロ	マイクロ	micro-, micro, 10^-6	
マイクロバス	マイクロバス	minibus	
マイクロフィルム	マイクロフィルム	microfilm	
マイコン	マイコン	microcomputer, personal computer, home computer	
マイナー	マイナー	minor, small, unimportant, obscure	
マイナス	マイナス	minus, subtraction, taking away	
マイノリティー	マイノリティー	minority	
マイペース	マイペース	(doing things at) one's own pace	
マイホーム	マイホーム	one's (own) house, one's (own) home	
マイム	マイム	mime	
哩	マイル	mile	
マイルド	マイルド	mild	
マインド	マインド	mind, mindset, mentality, sentiment	
マウス	マウス	mouse (esp. a laboratory mouse)	
マウンテン	マウンテン	mountain	
マウント	マウント	mount, stand, fixture	
マウンド	マウンド	(pitcher's) mound	
マエストロ	マエストロ	maestro	
マカダム	マカダム	Macadam	
マカロニ	マカロニ	macaroni	
マガジン	マガジン	magazine	
マキシ	マキシ	maxi (skirt, coat, etc.)	
マクラメ	マクラメ	macramé	
マクロ	マクロ	macro	
マグナム	マグナム	magnum (cartridge, gun)	
マグニチュード	マグニチュード	magnitude	
マグネシウム	マグネシウム	magnesium (Mg)	
マグネット	マグネット	magnet	
マグマ	マグマ	magma	
マケドニア	マケドニア	Macedonia	
マサチューセッツ	マサチューセッツ	Massachusetts	
マザーグース	マザーグース	Mother Goose	
マザコン	マザコン	being a mama's boy, having an (overly) strong attachment to one's mother	
マザリング	マザリング	mothering	
マシン	マシン	machine	
マシンガン	マシンガン	machine gun	
マジシャン	マジシャン	magician, illusionist	
マジック	マジック	magic	
マス	マス	mass	
マスク	マスク	(face) mask	
マスゲーム	マスゲーム	massed calisthenics, massed gymnastics	
マスコット	マスコット	mascot	
マスコミ	マスコミ	mass communication, mass media	
マスター	マスター	to master (a skill)	
マスタード	マスタード	mustard	
マスト	マスト	mast (of ship)	
マスメディア	マスメディア	mass media	
マゾ	マゾ	masochist	
マダム	マダム	madam, (married) woman, lady, housewife	
マッキントッシュ	マッキントッシュ	Macintosh (brand of personal computer manufactured by Apple), Mac	
マック	マック	McDonald's (fast food restaurant)	
マックス	マックス	max, maximum	
マッサージ	マッサージ	massage	
マッシュルーム	マッシュルーム	common mushroom (Agaricus bisporus), white mushroom	
燐寸	マッチ	match (for lighting a fire)	
マッチプレー	マッチプレー	match play	
マット	マット	mat	
マットレス	マットレス	mattress, mattress pad (under a futon)	
マッハ	マッハ	Mach (number)	
マップ	マップ	map	
マテリアル	マテリアル	material	
マドラス	マドラス	Madras	
マドレーヌ	マドレーヌ	madeleine (cake)	
マドンナ	マドンナ	madonna	
マナー	マナー	manners, etiquette, polite behaviour	
マニア	マニア	enthusiast	
マニアック	マニアック	maniac (as in rabid sport fan), enthusiast	
マニキュア	マニキュア	manicure	
マニフェスト	マニフェスト	manifesto	
マニュアル	マニュアル	(instruction) manual	
馬尼剌	マニラ	Manila (Philippines)	
マネー	マネー	money	
マネーゲーム	マネーゲーム	money game	
マネーサプライ	マネーサプライ	money supply	
マネジメント	マネジメント	management	
マネージャー	マネージャー	manager	
マネキン	マネキン	mannequin	
マフィア	マフィア	Mafia	
マフラー	マフラー	(thick) scarf, muffler	
ママ	ママ	mom, mommy, mum, mummy, mother, mama, mamma	
マヤ	マヤ	Maya (ancient Indian tribe in Central America)	
マヨネーズ	マヨネーズ	mayonnaise	
マラカス	マラカス	maracas	
マラソン	マラソン	marathon, long-distance race	
マラリア	マラリア	malaria	
マリーナ	マリーナ	marina	
マリン	マリン	marine	
マリファナ	マリファナ	marijuana, marihuana, cannabis, hemp, pot	
マリンバ	マリンバ	marimba (musical instrument)	
馬克	マルク	mark (former currency of Germany)	
マルターゼ	マルターゼ	maltase	
マルチ	マルチ	multi-	
マルチナショナル	マルチナショナル	multinational	
マルチメディア	マルチメディア	multimedia	
馬来西亜	マレーシア	Malaysia	
マロン	マロン	chestnut	
マン	マン	man	
満俺	マンガン	manganese (Mn)	
マングローブ	マングローブ	mangrove	
芒果	マンゴー	mango (Mangifera indica)	
マンション	マンション	condominium (usu. mid or high-rise), apartment building, apartment house, block of flats, apartment, flat	
マンスリー	マンスリー	monthly (publication)	
マンチェスター	マンチェスター	Manchester	
マンツーマン	マンツーマン	man-to-man, one-to-one	
マント	マント	mantle, cloak, manteau	
マントル	マントル	mantle	
マンドリン	マンドリン	mandolin	
マンネリ	マンネリ	becoming stereotyped, becoming tedious, becoming repetitive, becoming routine, getting stuck in a rut, humdrum, mannerism (art, etc.)	
マンパワー	マンパワー	manpower, labor force, workers	
マンホール	マンホール	manhole	
マンボ	マンボ	mambo	
マンモス	マンモス	mammoth (esp. the woolly mammoth, Mammuthus primigenius)	
ミーイズム	ミーイズム	me-ism	
ミーティング	ミーティング	meeting	
ミート	ミート	meat	
ミーハー	ミーハー	faddist, follow-the-crowd type, poser, trend junkie, sheep	
ミール	ミール	meal (ground grain)	
木乃伊	ミイラ	mummy	
ミキサー	ミキサー	mixer (audio, concrete, etc.)	
ミクロ	ミクロ	micro	
ミクロネシア	ミクロネシア	Micronesia	
ミクロン	ミクロン	micron	
ＭｉＧ	ミグ	Mig (Russian aeroplane, airplane), MIG	
弥撒	ミサ	(Catholic) Mass	
ミサイル	ミサイル	missile	
ミシガン	ミシガン	Michigan	
ミシン	ミシン	sewing machine	
ミス	ミス	mistake, error, blunder	
ミスター	ミスター	mister, Mr	
ミステリー	ミステリー	mystery	
ミステリアス	ミステリアス	mysterious	
ミスプリント	ミスプリント	misprint	
ミスマッチ	ミスマッチ	mis-match	
ミズ	ミズ	Ms	
ミズーリ	ミズーリ	Missouri	
ミセス	ミセス	Mrs	
ミックス	ミックス	mix, mixture, mixing	
ミッション	ミッション	mission, delegation	
ミット	ミット	mitt	
ミッドナイト	ミッドナイト	midnight	
ミディ	ミディ	midi (skirt, coat, etc.)	
ミトコンドリア	ミトコンドリア	mitochondria	
ミドル	ミドル	middle	
ミドルホール	ミドルホール	par-four hole	
ミドル級	ミドルきゅう	middleweight class	
ミニ	ミニ	mini-	
ミニコミ	ミニコミ	communications within a small range	
ミニスカート	ミニスカート	miniskirt, mini-skirt	
ミニチュア	ミニチュア	miniature	
ミニディスク	ミニディスク	minidisc, MD	
ミニバッファ	ミニバッファ	minibuffer	
ミニマム	ミニマム	minimum	
ミネソタ	ミネソタ	Minnesota	
ミネラル	ミネラル	mineral	
ミミック	ミミック	mimic	
ミャンマー	ミャンマー	Myanmar	
ミュージアム	ミュージアム	museum	
ミュージカル	ミュージカル	musical	
ミュージシャン	ミュージシャン	musician	
ミュージック	ミュージック	music	
ミュンヘン	ミュンヘン	Munich (Germany)	
ミラー	ミラー	mirror	
ミラージュ	ミラージュ	mirage	
ミラクル	ミラクル	miracle	
ミリ	ミリ	milli-, 10^-3	
ミリオン	ミリオン	million	
ミリオンセラー	ミリオンセラー	million seller, book, record, etc. which sells a million copies	
ミリグラム	ミリグラム	milligram, mg	
ミリタリールック	ミリタリールック	military look	
ミリバール	ミリバール	millibar	
粍	ミリメートル	millimeter, millimetre	
竓	ミリリットル	millilitre, milliliter, mL	
ミルウォーキー	ミルウォーキー	Milwaukee	
ミルク	ミルク	milk	
ミンク	ミンク	mink	
ミンチ	ミンチ	minced meat, ground meat	
ミント	ミント	mint, peppermint	
ミューズ	ミューズ	Muse, one's muse	
ムース	ムース	mousse	
ムーディー	ムーディー	having a good atmosphere, atmospheric, romantic	
ムード	ムード	mood, atmosphere	
ムービー	ムービー	movie, film	
ムーブメント	ムーブメント	movement (political, social, artistic, etc.)	
ムーラン	ムーラン	moulin	
ムール	ムール	mussels	
ムーン	ムーン	moon	
ムスタング	ムスタング	mustang	
ムラート	ムラート	mulatto	
メーカー	メーカー	manufacturer (esp. a major company), producer, maker	
メイクアップ	メイクアップ	make-up, makeup	
メイク	メイク	make-up, makeup	
メーター	メーター	meter, gauge	
メート	メート	mate	
米	メートル	metre (unit of length), meter	
メイド	メイド	maid	
メール	メール	email	
メイン	メイン	main, principal	
メインストリート	メインストリート	main street	
メインバンク	メーンバンク	(company's) main financing bank, principal bank	
メカ	メカ	mechanism, mechanics, machines, (mechanical) equipment	
メカニズム	メカニズム	mechanism	
メカニック	メカニック	mechanic	
メガ	メガ	mega- (i.e. 10^6)	
メガヘルツ	メガヘルツ	megahertz, MHz	
メガホン	メガホン	megaphone	
墨西哥	メキシコ	Mexico	
メコンデルタ	メコンデルタ	Mekong delta	
メシア	メシア	Messiah	
メジャー	メジャー	major, large, important, famous, mainstream	
メス	メス	scalpel, surgical knife	
メソジスト	メソジスト	Methodist	
メソポタミア	メソポタミア	Mesopotamia	
メゾソプラノ	メゾソプラノ	mezzo-soprano	
メゾン	メゾン	house	
メタノール	メタノール	methanol, methyl alcohol, methylated spirits	
メタリック	メタリック	metallic	
メタル	メタル	metal	
メタン	メタン	methane	
メタンガス	メタンガス	methane gas	
メダリスト	メダリスト	medalist	
メダル	メダル	medal	
メチル	メチル	methyl-	
メッカ	メッカ	Mecca, Makkah	
メッシュ	メッシュ	mesh, grid	
メッセ	メッセ	trade fair, exhibition center	
メッセージ	メッセージ	message	
メディア	メディア	media	
メディカルエンジニアリング	メディカルエンジニアリング	medical engineering	
メトリック	メトリック	metric	
メトロ	メトロ	metro, subway, underground railway	
メトロノーム	メトロノーム	metronome	
メトロポリタン	メトロポリタン	metropolitan	
メドレー	メドレー	medley	
メドレーリレー	メドレーリレー	medley relay (swimming)	
メニュー	メニュー	menu	
メモ	メモ	note, memo, memorandum	
メモリー	メモリー	memory	
メモリアル	メモリアル	memorial, testimonial, commemorative	
メモリアルホール	メモリアルホール	memorial hall	
メモリーカード	メモリーカード	memory card	
メラニン	メラニン	melanin	
メリー	メリー	merry	
メリット	メリット	advantage, benefit, merit, good point, plus	
メルクマール	メルクマール	characteristic	
メルシー	メルシー	thank you	
メルヘン	メルヘン	fairy tale	
メルボルン	メルボルン	Melbourne	
メレンゲ	メレンゲ	meringue	
メロディー	メロディー	melody, tune	
メロドラマ	メロドラマ	melodrama, soap opera	
メロン	メロン	melon (esp. a muskmelon, Cucumis melo)	
メンタリティ	メンタリティ	mentality	
メンタル	メンタル	mental	
メンタルヘルス	メンタルヘルス	mental health	
メンテナンス	メンテナンス	maintenance	
メンバー	メンバー	member, participant, attendee, lineup (sport)	
メンフィス	メンフィス	Memphis	
モーゲージ	モーゲージ	mortgage	
モーション	モーション	motion	
モーゼル	モーゼル	Mauser	
モーター	モーター	motor	
モーターサイクル	モーターサイクル	motorcycle	
モーターショー	モーターショー	motor show, auto show, car show	
モータリゼーション	モータリゼーション	motorization, motorisation	
モーツァルト	モーツァルト	Mozart	
モード	モード	mode, manner, way	
モーニング	モーニング	morning	
モービルハウス	モービルハウス	mobile house	
モール	モール	(shopping) mall, shopping centre	
モアレ	モアレ	moire (fabric), moiré	
モサド	モサド	Mossad (Israeli secret service)	
モザイク	モザイク	mosaic	
モザンビーク	モザンビーク	Mozambique	
モスク	モスク	mosque	
莫斯科	モスクワ	Moscow (Russia)	
モスグリーン	モスグリーン	moss green	
モダニズム	モダニズム	modernism	
モダン	モダン	modern	
モダンダンス	モダンダンス	modern dance	
モチーフ	モチーフ	motif	
モックアップ	モックアップ	mock-up	
モットー	モットー	motto	
モディスト	モディスト	modiste	
モデム	モデム	modem	
モデル	モデル	model, dummy, mock-up	
モデルガン	モデルガン	replica firearm, realistic toy gun with no firing mechanism	
モデルケース	モデルケース	model case, typical case	
モトクロス	モトクロス	motocross	
モニター	モニター	monitor (device, software or person), monitoring	
モニタリング	モニタリング	monitoring	
モニュメント	モニュメント	monument	
モノ	モノ	mono	
モノクロ	モノクロ	monochrome	
モノトーン	モノトーン	monotone	
モノラル	モノラル	monaural, monophonic, mono	
モノレール	モノレール	monorail	
モノローグ	モノローグ	monologue	
モミズム	モミズム	momism	
モラトリアム	モラトリアム	moratorium, period of grace, extension (of time, e.g. to make payments), cessation (for a period, e.g. nuclear testing)	
モラル	モラル	morals, morality, ethics	
モリスダンス	モリスダンス	Morris dance	
モルグ	モルグ	morgue, mortuary	
モルタル	モルタル	mortar	
モルドバ	モルドバ	Moldova	
モルヒネ	モルヒネ	morphine	
モルモット	モルモット	guinea pig (Cavia porcellus)	
摩洛哥	モロッコ	Morocco	
モンキー	モンキー	monkey	
モンゴリズム	モンゴリズム	mongolism, Down's syndrome	
モンスーン	モンスーン	monsoon	
モンスター	モンスター	monster, monstrosity	
モンタージュ	モンタージュ	montage	
モンタナ	モンタナ	Montana	
モンテカルロ	モンテカルロ	Monte Carlo (Monaco)	
モンパリ	モンパリ	my Paris	
碼	ヤード	yard (unit of distance)	
ヤンガージェネレーション	ヤンガージェネレーション	younger generation	
ヤンキー	ヤンキー	delinquent (youth), delinquency	
ヤング	ヤング	young	
ヤンマ	ヤンマ	lamenting	
ユー	ユー	you	
ユーカラ	ユーカラ	yukar (Ainu oral saga)	
ユーカリ	ユーカリ	eucalyptus	
ユーゴ	ユーゴ	Yugoslavia	
ユーゴスラビア	ユーゴスラビア	Yugoslavia	
ユーザー	ユーザー	user	
ユース	ユース	youth	
ユースホステル	ユースホステル	youth hostel	
ユートピア	ユートピア	utopia	
ユーモア	ユーモア	humor, humour, joke	
ユーモラス	ユーモラス	humorous	
ユーレカ	ユーレカ	eureka	
ユーロ	ユーロ	euro (currency), EUR	
ユタ	ユタ	Utah	
猶太	ユダヤ	Judea (southern Palestine)	
ユニーク	ユニーク	unique, original, individual, unusual	
ユニオン	ユニオン	union	
ＵＮＩＣＥＦ	ユニセフ	United Nations Children's Fund (formerly Children's Emergency Fund), UNICEF	
ユニット	ユニット	unit	
ユニバーサル	ユニバーサル	universal	
ユニバーシアード	ユニバーシアード	Universiade, international multi-sport event for university athletes	
ユニバース	ユニバース	universe	
ユニフォーム	ユニフォーム	uniform	
ユリア	ユリア	urea, carbamide	
ヨガ	ヨガ	yoga	
ヨーク	ヨーク	yoke	
ヨーグルト	ヨーグルト	yogurt, yoghurt	
欧羅巴	ヨーロッパ	Europe	
ヨット	ヨット	yacht (esp. a sailing boat with one mast), sailing boat, sailboat	
ヨットハーバー	ヨットハーバー	yacht harbor, yacht harbour	
ヨルダン	ヨルダン	Jordan	
ラーゲ	ラーゲ	sex position	
ラード	ラード	lard	
ラーニング	ラーニング	learning	
拉麺	ラーメン	ramen, Chinese-style noodles	
ライアビリティー	ライアビリティー	liability	
ライオン	ライオン	lion (Panthera leo)	
ライス	ライス	rice (esp. when served on a plate)	
ライセンス	ライセンス	license, licence	
ライター	ライター	lighter	
ライダー	ライダー	rider (of a motorcycle, horse, etc.), biker	
ライト	ライト	light	
ライトバン	ライトバン	light van	
ライド	ライド	ride	
ライナー	ライナー	liner, line drive	
ライバル	ライバル	rival, competitor, competition	
ライフ	ライフ	life	
ライフル	ライフル	rifle	
ライフワーク	ライフワーク	lifework, life's work	
ライブ	ライブ	live (broadcasting, music, etc.)	
ライブハウス	ライブハウス	shop, bar, etc. where live jazz, pop, rock, etc. is performed, live music club	
ライブラリー	ライブラリー	library	
ライン	ライン	line	
ラインアップ	ラインアップ	line-up (of players, products, etc.), lineup	
ラウドスピーカー	ラウドスピーカー	loudspeaker	
ラウンジ	ラウンジ	lounge	
ラウンド	ラウンド	round (table, collar, etc.)	
羅宇	ラオス	Laos	
ラガー	ラガー	rugger, rugby, rugby player	
ラグ	ラグ	rug	
ラグビー	ラグビー	rugby	
ラケット	ラケット	racket, paddle (in table-tennis)	
ラジアル	ラジアル	radial	
ラジウム	ラジウム	radium (Ra)	
ラジエーター	ラジエーター	radiator	
ラジオ	ラジオ	radio	
ラジカセ	ラジカセ	radio-cassette player	
ラジカル	ラジカル	radical	
ラス	ラス	lath	
ラスト	ラスト	last, final	
ラストスパート	ラストスパート	last spurt, final spurt, home stretch	
ラダー	ラダー	rudder	
ラッキー	ラッキー	lucky	
ラッキーゾーン	ラッキーゾーン	area between the regular outfield wall and a lower home-run fence set up at a shorter distance from home plate	
ラック	ラック	rack	
ラッシュ	ラッシュ	rush (of people or activity)	
ラッシュアワー	ラッシュアワー	rush hour	
ラッセル	ラッセル	(Russell) snowplow, track-clearing vehicle	
ラッチ	ラッチ	latch	
ラッピング	ラッピング	wrapping	
ラップ	ラップ	plastic wrap, cling film, cling wrap, food wrap	
ラテックス	ラテックス	latex	
拉丁	ラテン	Latin (language)	
ラテンアメリカ	ラテンアメリカ	Latin America	
ラテン語	ラテンご	Latin (language)	
ラトビア	ラトビア	Latvia	
ラドン	ラドン	radon (Rn)	
ラバトリー	ラバトリー	lavatory	
ラビオリ	ラビオリ	ravioli	
ラフ	ラフ	rough	
ラフト	ラフト	raft	
ラフプレー	ラフプレー	rough play	
ラフマニノフ	ラフマニノフ	Rachmaninoff	
ラブ	ラブ	love	
ラブコメ	ラブコメ	romantic comedy, rom-com	
ラブソング	ラブソング	love song	
ラブレター	ラブレター	love letter	
ラベル	ラベル	label	
ラボ	ラボ	lab	
ラマ	ラマ	llama (Lama glama)	
ラミネート	ラミネート	laminate	
ラム	ラム	lamb	
ラメ	ラメ	lamé (cloth made from gold or silver thread)	
ララバイ	ララバイ	lullaby, cradle song	
ラリー	ラリー	rally	
ラワン	ラワン	lauan (tree, wood)	
ラン	ラン	run	
ランキング	ランキング	ranking	
ランク	ランク	rank, standing	
ラング	ラング	language	
ランジェリー	ランジェリー	lingerie	
ランダム	ランダム	random	
ランチ	ランチ	lunch	
ランディング	ランディング	landing	
ランド	ランド	land	
ランドサット	ランドサット	Landsat	
ランドセル	ランドセル	randoseru, firm-sided leather (or synthetic leather) backpack used by elementary school children	
ランドマーク	ランドマーク	landmark	
ランドリー	ランドリー	laundry	
ランナー	ランナー	runner	
ランニング	ランニング	running	
ランプ	ランプ	lamp, light	
リーガー	リーガー	leaguer (e.g. major leaguer)	
リーク	リーク	leak (of information)	
リーグ	リーグ	league	
リース	リース	lease	
リーズナブル	リーズナブル	reasonable (esp. of a price), fair	
リーダー	リーダー	leader	
リーダーシップ	リーダーシップ	leadership	
リーチ	リーチ	reach (in boxing, tennis, etc.)	
リーディング	リーディング	reading	
リート	リート	lied (German song, usually for solo voice and piano)	
リード	リード	lead, leading, taking the lead	
リードオフマン	リードオフマン	lead-off man	
リーフレット	リーフレット	leaflet	
リーマン	リーマン	office worker, company employee, company man, salaryman	
リール	リール	reel	
リア	リア	rear	
リアクション	リアクション	reaction, response	
リアリズム	リアリズム	realism	
リアル	リアル	real, realistic, true to life	
リキッド	リキッド	liquid	
リキュール	リキュール	liqueur	
リクード	リクード	Likud (Israeli political party)	
リクエスト	リクエスト	request	
リクルーター	リクルーター	recruiter	
リクルート	リクルート	recruit	
レコーダー	レコーダー	recorder (e.g. tape recorder, time recorder), recording device	
リコール	リコール	recall (of an elected official), removal of an elected official from office though a petition and popular vote	
リサーチ	リサーチ	research	
リサイクル	リサイクル	recycling	
リサイクルショップ	リサイクルショップ	second-hand shop, recycle shop	
リサイタル	リサイタル	recital	
リザーブ	リザーブ	reserve	
リス	リス	fracture	
リスク	リスク	risk	
リスト	リスト	list	
リスナー	リスナー	(radio) listener	
リスボン	リスボン	Lisbon (Portugal)	
リズミカル	リズミカル	rhythmical, rhythmic, well-paced	
リズム	リズム	rhythm	
リセ	リセ	lycée	
リセッション	リセッション	recession	
リゾート	リゾート	resort	
リゾートホテル	リゾートホテル	resort hotel	
リゾット	リゾット	risotto	
リターン	リターン	return, restoring	
リターンマッチ	リターンマッチ	return match (esp. boxing), rematch	
リタイア	リタイア	retirement	
リチウム	リチウム	lithium (Li)	
リッターカー	リッターカー	car with 1000cc engine	
リッチ	リッチ	rich, wealthy, affluent	
リットル	リットル	litre, liter	
リップサービス	リップサービス	lip service	
リトアニア	リトアニア	Lithuania	
リトグラフ	リトグラフ	lithograph	
リトル	リトル	little	
リトルロック	リトルロック	Little Rock	
リニア	リニア	linear	
リニアモーターカー	リニアモーターカー	linear motor train, linear induction motor train, magnetic levitation train, maglev train	
リネーム	リネーム	rename	
リハーサル	リハーサル	rehearsal	
リハビリ	リハビリ	rehabilitation	
リハビリテーション	リハビリテーション	rehabilitation	
リバーシブル	リバーシブル	reversible	
リバイバル	リバイバル	revival	
リバウンド	リバウンド	rebound	
リバティ	リバティ	liberty	
リビジョン	リビジョン	revision	
リビング	リビング	living, lifestyle	
リピーター	リピーター	repeater	
リファイナンス	リファイナンス	refinance	
リフォーム	リフォーム	renovation (e.g. a house), redecoration, refurbishment, makeover, alteration (e.g. of clothes), re-tailoring, repair (e.g. of shoes)	
リフト	リフト	chairlift (e.g. at a ski resort), ski lift	
リフレッシュ	リフレッシュ	refreshment, refreshing oneself, refreshing one's spirit	
リブ	リブ	rib (cut of meat)	
リプライ	リプライ	reply	
リベート	リベート	rebate	
リベラリスト	リベラリスト	liberalist	
リベラリズム	リベラリズム	liberalism	
リベラル	リベラル	liberal	
利比利亜	リベリア	Liberia	
リボン	リボン	ribbon	
リマ	リマ	Lima (Peru)	
リミット	リミット	limit	
リミテッド	リミテッド	limited	
リム	リム	rim	
リムジン	リムジン	limousine (stretched car)	
リメイク	リメイク	remake	
リモート	リモート	remote (work, device, etc.)	
リモコン	リモコン	remote control	
リュージュ	リュージュ	luge, toboggan, sledge	
リュート	リュート	lute	
リュックサック	リュックサック	rucksack, knapsack, backpack	
リラ	リラ	lilac (Syringa vulgaris)	
リラックス	リラックス	relaxing, relaxation	
リリース	リリース	release (of a film, product, etc.), publication	
リリーフ	リリーフ	relief	
リレー	リレー	relay	
リンク	リンク	link, linking, linkage	
リング	リング	ring	
リングサイド	リングサイド	ringside	
リンケージ	リンケージ	linkage	
リンス	リンス	(hair) conditioner, rinse	
リンチ	リンチ	beating (inflicted as punishment), mob violence, mob justice	
淋巴	リンパ	lymph	
ルー	ルー	roux	
ルーキー	ルーキー	rookie	
ルージュ	ルージュ	rouge (esp. lip rouge), lipstick	
ルーズ	ルーズ	loose (e.g. belt)	
ルーチン	ルーチン	routine, routine duties, routine work	
ルーツ	ルーツ	roots, origin	
ルート	ルート	route, path	
ルーフ	ルーフ	roof	
ルーブル	ルーブル	Louvre (museum)	
ループ	ループ	loop, band, ring	
ルーム	ルーム	room	
ルール	ルール	rule	
ルーレット	ルーレット	roulette	
ルアー	ルアー	lure	
ルイジアナ	ルイジアナ	Louisiana	
ルクス	ルクス	lux (unit of illuminance)	
ルサンチマン	ルサンチマン	resentment	
ルック	ルック	look	
ルックス	ルックス	looks	
ルネサンス	ルネサンス	Renaissance	
ルビー	ルビー	ruby	
ルポ	ルポ	reportage, report, reporting	
ルポルタージュ	ルポルタージュ	reportage, report, reporting	
ルミノール	ルミノール	luminol	
ルンゲ	ルンゲ	lung	
レーク	レーク	lake	
レーサー	レーサー	racer	
レーザー	レーザー	laser	
レーザーディスク	レーザーディスク	laserdisc, laser disc, LD	
レーシングカー	レーシングカー	racing car, race car	
レース	レース	race	
レーダー	レーダー	radar	
レート	レート	rate	
レーヨン	レーヨン	rayon	
レール	レール	rail (track)	
レーン	レーン	(vehicle) lane	
レア	レア	rare, uncommon, unusual	
レイアウト	レイアウト	layout	
レイオフ	レイオフ	(temporary) layoff	
レイプ	レイプ	rape, sexual assault	
レインコート	レインコート	raincoat, mackintosh, macintosh, trench coat	
レインボーフィッシュ	レインボーフィッシュ	rainbow fish	
レオタード	レオタード	leotard	
レガース	レガース	leg guards, shin guards, shin pads	
レガッタ	レガッタ	regatta	
レギュラー	レギュラー	regular, standard	
レクイエム	レクイエム	requiem	
レクチャー	レクチャー	lecture	
レクリエーション	レクリエーション	recreation	
レゲエ	レゲエ	reggae	
レコーディング	レコーディング	recording	
レコード	レコード	record (e.g. LP)	
レザー	レザー	leather	
レシート	レシート	receipt, cash-register slip	
レシーバー	レシーバー	receiver	
レシーブ	レシーブ	receiving (the ball)	
レジ	レジ	(cash) register	
レジスター	レジスター	(cash) register	
レジスタンス	レジスタンス	resistance (movement)	
レジデンス	レジデンス	residence	
レジャー	レジャー	leisure	
レス	レス	reply, response	
レスキュー	レスキュー	rescue	
レスト	レスト	rest	
レストラン	レストラン	restaurant (esp. Western-style)	
レスリング	レスリング	wrestling	
レズ	レズ	lesbian, dyke, lesbo	
レセプション	レセプション	reception	
レター	レター	letter	
レタス	レタス	lettuce (Lactuca sativa)	
レタリング	レタリング	lettering	
レッカー	レッカー	tow truck, wrecker	
レッスン	レッスン	lesson	
レッテル	レッテル	label, sticker	
レッド	レッド	red	
レディー	レディー	lady	
レトリック	レトリック	rhetoric	
レトルト	レトルト	retort (vessel used for distillation)	
レトロ	レトロ	retro, nostalgic, old-fashioned	
レバー	レバー	liver	
黎巴嫩	レバノン	Lebanon	
レパートリー	レパートリー	repertoire, repertory	
レビュー	レビュー	review	
レフェリー	レフェリー	referee	
レフト	レフト	left	
レプラ	レプラ	leprosy	
レプリカ	レプリカ	replica	
レベル	レベル	level, standard, grade, class, rank	
リポーター	リポーター	reporter	
レポート	レポート	report, paper	
檸檬	レモン	lemon	
レングス	レングス	length	
レンジ	レンジ	range, stove, cooker	
レンジャー	レンジャー	ranger	
レンズ	レンズ	lens	
レンタカー	レンタカー	rental car, rent-a-car, hire car, hired car	
レンタル	レンタル	rental	
レンタルビデオ	レンタルビデオ	rental video	
レントゲン	レントゲン	X-ray	
ロー	ロー	low	
ローカル	ローカル	local	
ローション	ローション	lotion	
ロース	ロース	sirloin, pork loin	
ロースト	ロースト	roast	
ローズ	ローズ	rose	
ロゼ	ロゼ	rosé (wine)	
ローター	ローター	rotor	
ロータス	ロータス	lotus	
ロータリー	ロータリー	rotary, roundabout, traffic circle	
ローテーション	ローテーション	rotation	
ロード	ロード	road	
ロードショー	ロードショー	roadshow (theatrical release)	
ロードレース	ロードレース	road race	
ロープ	ロープ	rope	
ロープウェイ	ロープウェイ	ropeway, cableway, aerial lift, cable car	
ローマ字	ローマじ	Latin alphabet, Roman alphabet	
ローム	ローム	loam	
ローラー	ローラー	roller	
ローラースケート	ローラースケート	roller skating, roller skates	
ローリング	ローリング	rolling (of a ship, etc.)	
ロール	ロール	roll, rolling up	
ローレル	ローレル	laurel	
ローン	ローン	loan	
ロイヤル	ロイヤル	royal	
ロイヤリティ	ロイヤリティ	royalty (payment)	
ロカビリー	ロカビリー	rockabilly	
ログ	ログ	log	
ロケ	ロケ	location (e.g. of film shoot), remote (shoot at a remote location)	
ロケーション	ロケーション	location	
ロケット	ロケット	rocket	
ロケハン	ロケハン	location scouting	
ロココ	ロココ	rococo	
ロゴ	ロゴ	logo	
ロサンゼルス	ロサンゼルス	Los Angeles	
ロジアナ	ロジアナ	logic analyzer	
ロジック	ロジック	logic	
ロス	ロス	loss, waste (e.g. of time)	
ロッカー	ロッカー	locker	
ロッカールーム	ロッカールーム	locker room	
ロック	ロック	lock	
ロックウール	ロックウール	rock wool, mineral wool	
ロックンロール	ロックンロール	rock 'n' roll, rock and roll	
ロッジ	ロッジ	lodge	
ロッド	ロッド	rod, pole, stick	
ロデオ	ロデオ	rodeo	
ロビー	ロビー	lobby, lounge	
ロビイスト	ロビイスト	lobbyist	
ロビング	ロビング	lobbing (a ball)	
ロフト	ロフト	loft	
ロブ	ロブ	lob (esp. in tennis)	
ロボット	ロボット	robot	
浪漫	ロマン	romance (e.g. Arthurian romances), heroic tale	
ロマンス	ロマンス	romance, love story	
ロマンチック	ロマンチック	romantic	
ＲＯＭ	ロム	read-only memory, ROM	
ロング	ロング	long	
ロングセラー	ロングセラー	longtime best seller, product with steady sales over a long time	
ロングホール	ロングホール	par-five hole	
ロングラン	ロングラン	long run (of a film, play, product, etc.)	
倫敦	ロンドン	London (UK)	
ワーカー	ワーカー	worker	
ワーキング	ワーキング	working	
ワーク	ワーク	work	
ワークショップ	ワークショップ	workshop	
ワークステーション	ワークステーション	workstation	
ワースト	ワースト	worst	
ワード	ワード	word	
ワープ	ワープ	warp (fictional faster-than-light spacecraft propulsion)	
ワープロ	ワープロ	word processor	
ワールド	ワールド	world	
ワールドカップ	ワールドカップ	World Cup (e.g. soccer)	
ワールドシリーズ	ワールドシリーズ	World Series (annual championship series of Major League Baseball)	
Ｙシャツ	ワイシャツ	(formal) shirt, dress shirt, business shirt, button-up shirt	
ワイズ	ワイズ	wise	
ワイド	ワイド	wide	
ワイドショー	ワイドショー	infotainment television program, TV gossip show, (tabloid) talk show, talk show featuring discussion of current news, etc.	
ワイパー	ワイパー	windshield wiper, windscreen wiper	
ワイヤ	ワイヤ	wire	
ワイヤレス	ワイヤレス	wireless	
ワイルド	ワイルド	wild	
ワイン	ワイン	wine	
ワウ	ワウ	wow (audio)	
ワクチン	ワクチン	vaccine	
ワゴン	ワゴン	wagon	
華盛頓	ワシントン	Washington, D.C. (United States)	
ワックス	ワックス	wax (esp. for polishing)	
ワット	ワット	watt	
ワッペン	ワッペン	badge (sewn on clothing), embroidered badge, emblem	
ワラビー	ワラビー	wallaby	
ワラント	ワラント	warrant	
１	ワン	one	
ワンタッチ	ワンタッチ	single touch (of a button, etc.), one-touch operation	
ワンピース	ワンピース	dress	
ワンポイントリリーフ	ワンポイントリリーフ	relief pitcher brought in to face one batter	
ワンマン	ワンマン	one-man (show, team, etc.)	
ワンルームマンション	ワンルームマンション	studio apartment, studio flat	
亜鉛	あえん	zinc (Zn)	
亜熱帯	あねったい	subtropics	
亜米利加	アメリカ	(United States of) America, United States, US, USA	
アメリカ合衆国	アメリカがっしゅうこく	United States of America	
阿弥陀	あみだ	Amitabha (Buddha), Amida	
哀れ	あわれ	pity, sorrow, grief, misery, compassion, pathos	
哀れむ	あわれむ	to pity, to feel sympathy for, to sympathize with, to sympathise with, to commiserate with, to have mercy on	
哀愁	あいしゅう	pathos, sorrow, grief	
哀悼	あいとう	condolence, regret, tribute, sorrow, sympathy, lament	
愛	あい	love, affection, care	
愛しい	いとしい	lovely, dear, beloved, darling, dearest	
愛する	あいする	to love	
愛嬌	あいきょう	charm, attractiveness, amiability, winsomeness	
愛犬	あいけん	pet dog, beloved dog	
愛護	あいご	protection, tender care	
愛好	あいこう	love, adoration	
愛国	あいこく	love of one's country, patriotism	
愛称	あいしょう	pet name, nickname, affectionate name, term of endearment	
愛情	あいじょう	love, affection	
愛人	あいじん	lover, mistress	
愛読	あいどく	reading with pleasure	
愛用	あいよう	favorite, favourite, habitually used	
挨拶	あいさつ	greeting, greetings, salutation, salute, polite set phrase used when meeting or parting from someone	
悪	あく	evil, wickedness	
悪い	わるい	bad, poor, undesirable	
悪さ	わるさ	badness, mean mischief	
悪しからず	あしからず	don't get me wrong, but ..., I'm sorry	
悪意	あくい	ill will, spite, evil intention, malice	
悪影響	あくえいきょう	bad influence, negative influence	
悪化	あっか	deterioration, getting worse, worsening, aggravation, degeneration, corruption	
悪寒	おかん	chill, shakes, ague	
悪気	わるぎ	ill will, malice, evil intent	
悪戯	いたずら	mischief, prank, trick, practical joke	
悪賢い	わるがしこい	cunning, crafty, wily, sly	
悪事	あくじ	evil deed, wrongdoing, crime, vice	
悪質	あくしつ	malicious, vicious, malignant, underhanded	
悪者	わるもの	bad guy, villain, evildoer, scoundrel	
悪臭	あくしゅう	bad smell, foul smell, offensive odor, stench, stink	
悪循環	あくじゅんかん	vicious circle, vicious cycle	
悪女	あくじょ	wicked woman	
悪人	あくにん	bad person, villain, scoundrel, wrongdoer, wicked person	
悪性	あくせい	malignant (cancer), virulent, pernicious (anemia, anaemia)	
悪天候	あくてんこう	bad weather	
悪徳	あくとく	vice, immorality, corruption	
悪魔	あくま	devil, demon, fiend	
悪夢	あくむ	nightmare, bad dream	
悪役	あくやく	villain, baddie, the villain's part	
悪用	あくよう	abuse, misuse, perversion	
握らす	にぎらす	to let (someone) take hold of your hand	
握り	にぎり	grasping, gripping, grasp, grip, clutch	
にぎり寿司	にぎりずし	nigirizushi, hand-pressed vinegared rice topped with seafood	
握り締める	にぎりしめる	to grasp tightly	
握る	にぎる	to clasp, to grasp, to grip, to clutch	
握手	あくしゅ	handshake	
握力	あくりょく	grip (of hand), grip strength	
圧巻	あっかん	highlight, best part	
圧縮	あっしゅく	compression	
圧勝	あっしょう	overwhelming victory, crushing victory, sweeping victory, landslide victory	
圧倒	あっとう	to overwhelm (e.g. an opponent), to overpower, to crush, to defeat completely	
圧倒的	あっとうてき	overwhelming	
圧迫	あっぱく	pressure	
圧力	あつりょく	pressure	
斡旋	あっせん	good offices, kind offices, services, influence, recommendation	
扱い	あつかい	treatment, service, dealing (with), handling, management	
扱う	あつかう	to deal with (a person), to treat, to handle, to take care of, to entertain	
飴	あめ	(hard) candy, toffee	
安い	やすい	cheap, inexpensive	
安っぽい	やすっぽい	cheap-looking, tawdry, insignificant	
安らか	やすらか	peaceful, tranquil, calm, restful	
安らぎ	やすらぎ	peace (of mind), tranquility, tranquillity, serenity	
安易	あんい	easy, simple	
安価	あんか	low-priced, cheap, inexpensive	
安楽死	あんらくし	euthanasia	
安住	あんじゅう	living in peace, living a quiet life	
安上がり	やすあがり	cheap, economical	
安心	あんしん	peace of mind, relief, (sense of) security, safety, assurance, confidence	
安静	あんせい	rest, quiet, repose	
安全	あんぜん	safety, security	
安全保障	あんぜんほしょう	(guarantee of) security	
安打	あんだ	safe hit	
安泰	あんたい	security, stability, safety, peace	
安値	やすね	low price	
安定	あんてい	stability, steadiness, consistency, equilibrium, balance, composure	
安売り	やすうり	bargain sale, selling cheaply, selling at a low price	
安否	あんぴ	safety, welfare, well-being	
安物	やすもの	cheap article, poor-quality article	
安保	あんぽ	security (e.g. national security)	
安眠	あんみん	sound sleep, good sleep, quiet sleep	
庵	いおり	hermitage, retreat	
あん摩	あんま	massage (esp. anma, a traditional form of Japanese massage)	
暗い	くらい	dark, gloomy, murky	
くらい	くらい	approximately, about, around, or so	
暗に	あんに	implicitly, indirectly, tacitly, by implication, obscurely	
暗闇	くらやみ	darkness, the dark	
暗雲	あんうん	dark clouds	
暗号	あんごう	code, password, cipher	
暗殺	あんさつ	assassination	
暗示	あんじ	hint, suggestion, clue, implication	
暗礁	あんしょう	reef, sunken rock	
暗黙	あんもく	tacit, unspoken, implicit	
案	あん	idea, plan, proposal, suggestion, (government) bill	
案の定	あんのじょう	as expected, just as one thought, as feared, sure enough	
案外	あんがい	unexpectedly, surprisingly	
案件	あんけん	matter (to discuss), item (on the agenda), issue, topic, case	
案内	あんない	guidance, leading (the way), showing around	
闇	やみ	darkness, the dark	
以て	もって	with, by, by means of	
以下	いか	not exceeding ..., not more than ..., ... and under, ... and below, ... or fewer	
以外	いがい	excluding, except (for), apart from, other than, besides, in addition to	
以後	いご	after this, from now on, hereafter	
以降	いこう	on and after, from ... onward, since	
以上	いじょう	not less than ..., ... and over, ... and above, ... and upwards, ... or more	
以前	いぜん	before, prior to, ago	
以内	いない	within, inside of, less than	
以来	いらい	since, henceforth	
伊達	だて	elegance, dandyism, sophistication, having style	
伊呂波	いろは	traditional ordering of the Japanese syllabary	
位	くらい	throne, crown, (nobleman's) seat	
位置付け	いちづけ	placement, fixed position, mapping out, location	
依然	いぜん	still, as yet, as it has been	
依然として	いぜんとして	still, as yet, as of old	
依頼	いらい	request, commission, entrusting (with a matter)	
偉い	えらい	great, excellent, admirable, commendable, laudable, honorable, wonderful, outstanding, extraordinary	
偉業	いぎょう	great achievement, great feat, great work, great undertaking	
偉人	いじん	great person, eminent figure	
偉大	いだい	great, grand, magnificent, outstanding, mighty	
囲い	かこい	enclosure, fence, wall, pen, paling	
囲う	かこう	to enclose, to surround, to encircle, to fence, to wall in	
囲む	かこむ	to surround, to encircle, to enclose, to fence, to wall in	
囲碁	いご	go (board game)	
委ねる	ゆだねる	to entrust (a matter) to, to leave to	
委員	いいん	committee member	
委員会	いいんかい	committee, commission, board, panel, committee meeting	
委員長	いいんちょう	chairperson (of a committee), chair, chairman, chairwoman, president	
委託	いたく	entrusting (something to a person), consignment (of goods), putting in someone's charge, trust, commission	
委任	いにん	entrusting, charge, delegation, authorization	
威嚇	いかく	threat, intimidation, menace	
威厳	いげん	dignity, majesty, solemnity, gravity	
威信	いしん	prestige, dignity	
威勢	いせい	power, might, authority, influence	
威張る	いばる	to put on airs, to act big, to throw one's weight about, to be overbearing, to be domineering, to be bossy, to be pushy, to be proud, to be haughty, to be arrogant, to swagger, to boast, to brag	
意外	いがい	unexpected, surprising	
意気	いき	spirit, heart, disposition	
意気込む	いきごむ	to be enthusiastic (about), to be eager (to do), to be keen, to be intent (on), to be determined	
意気地	いくじ	self-respect, self-confidence, guts, backbone, pride, drive, willpower	
意義	いぎ	meaning, significance	
意見	いけん	opinion, view, comment	
意志	いし	will, volition, intention, intent, determination	
意思	いし	intention, wish, purpose, mind (to do)	
意思決定	いしけってい	decision-making	
意思表示	いしひょうじ	expressing one's feelings, communicating one's intention	
意識	いしき	consciousness	
意匠	いしょう	design	
意図	いと	intention, aim, design	
意図的	いとてき	intentional, on purpose	
意地	いじ	stubbornness, obstinacy, willpower, pride	
意地悪	いじわる	malicious, ill-tempered, unkind, mean, nasty	
意表	いひょう	surprise, something unexpected	
意味	いみ	meaning, significance, sense	
意味合い	いみあい	implication, nuance, shade of meaning, connotation	
慰める	なぐさめる	to comfort, to console, to amuse	
慰安	いあん	solace, relaxation	
慰問	いもん	visit to console someone, giving comfort (to the sick, injured, etc.), expressing condolences (sympathy, concern, etc.), sympathy call	
慰霊祭	いれいさい	memorial service	
易い	やすい	easy	
易しい	やさしい	easy, plain, simple	
椅子	いす	chair, seat, stool, bench	
為	ため	good, advantage, benefit, welfare	
為さる	なさる	to do	
成す	なす	to form, to make, to constitute	
為に	ために	for, for the sake of, to one's advantage, in favor of, in favour of, on behalf of	
為る	する	to do, to carry out, to perform	
し過ぎる	しすぎる	to overdo, to do too much	
為政者	いせいしゃ	statesman, administrator, politician, policymaker	
し続ける	しつづける	to continue to do, to persist in doing	
為替	かわせ	money order, draft	
為替相場	かわせそうば	exchange rate, rate of exchange	
異なる	ことなる	to differ, to be different, to disagree, to vary, to diverge	
異議	いぎ	objection, dissent, protest	
異口同音	いくどうおん	(saying) with one voice, unanimously, in chorus, in unison, as one	
異国	いこく	foreign country	
異質	いしつ	different (quality, nature), heterogeneous	
異常	いじょう	abnormal, unusual, extraordinary, remarkable, uncommon	
異状	いじょう	something wrong, something unusual, abnormality, disorder, trouble, change	
異色	いしょく	unique, distinctive, novel, singular, unusual, special	
異性	いせい	the opposite sex	
異端	いたん	heresy, nonconformism, heathenism, paganism	
異動	いどう	(personnel) change, transfer, relocation, reassignment, reshuffle	
異物	いぶつ	foreign substance, foreign body, foreign contamination, foreign material	
異変	いへん	unusual event, strange occurrence, strange phenomenon, something abnormal, change (for the worse), accident, disaster	
異名	いみょう	another name, nickname, alias	
異様	いよう	strange, odd, peculiar, weird, bizarre, unusual	
異例	いれい	exceptional, unusual, extraordinary, unprecedented, singular	
異論	いろん	different opinion, objection	
移す	うつす	to transfer (to a different place, group, etc.), to change, to swap, to substitute	
移り変わり	うつりかわり	change (e.g. season)	
移る	うつる	to move (house), to transfer (department)	
移管	いかん	transfer of control	
移行	いこう	transition, changeover, switchover, shift	
移住	いじゅう	migration, move, emigration, immigration	
移植	いしょく	transplanting (a plant), transplant, grafting	
移籍	いせき	transfer (of one's name into another family register)	
移送	いそう	transfer, transport, transportation	
移転	いてん	moving, relocation, change of address	
移動	いどう	movement, transfer, migration, removal, travel	
移民	いみん	immigration, emigration	
維持	いじ	maintenance, preservation, improvement	
維新	いしん	reformation, revolution, renewal	
緯度	いど	latitude	
胃	い	stomach	
胃袋	いぶくろ	stomach	
胃腸	いちょう	stomach and intestines, gastrointestinal tract, digestive organs	
萎える	なえる	to lose strength, to become weak, to disappear (of energy, drive, etc.)	
萎れる	しおれる	to wither, to wilt, to droop, to fade	
衣	ころも	clothes, garment	
衣装	いしょう	clothing, costume, outfit, garment, dress	
衣食住	いしょくじゅう	food, clothing and shelter, necessities of life	
衣服	いふく	clothes	
衣料	いりょう	clothing	
違い	ちがい	difference, distinction, discrepancy	
違う	ちがう	to differ (from), to be different, to be distinct, to be unlike, to vary, to disagree (with)	
違憲	いけん	unconstitutionality	
違反	いはん	violation, offense, offence, breach, transgression, infringement, contravention	
違法	いほう	illegal, illicit, unlawful	
違和感	いわかん	uncomfortable feeling, feeling out of place, sense of discomfort	
遺影	いえい	portrait of a deceased person	
遺憾	いかん	regrettable, unsatisfactory, deplorable, lamentable	
遺言	ゆいごん	will, testament, one's dying wish, one's last words	
遺構	いこう	(archaeological) remains, remnants (of ancient structures), ancient foundation	
遺骨	いこつ	cremated remains (esp. the bones), ashes	
遺恨	いこん	grudge, ill will, enmity	
遺作	いさく	posthumous works	
遺産	いさん	inheritance, bequest, legacy, heritage	
遺志	いし	wishes of a deceased person, dying wish	
遺児	いじ	orphan, child left by the deceased	
遺失物	いしつぶつ	lost article, lost property	
遺書	いしょ	note left by a dead person, suicide note, testamentary letter, will, testament	
遺跡	いせき	(archeological) remains, ruins, relics	
遺族	いぞく	bereaved family, surviving family, family of the deceased	
遺体	いたい	(dead) body, corpse, remains	
遺伝	いでん	heredity, (genetic) inheritance	
遺伝子	いでんし	gene	
遺品	いひん	things left (to one) by the deceased, inherited item, estate, memento, keepsake	
遺物	いぶつ	relic, remains, memento	
医	い	medicine, the healing art, healing, curing	
医院	いいん	doctor's office, doctor's surgery, clinic	
医科	いか	medical science, medical department	
医学	いがく	medicine, medical science	
医学部	いがくぶ	faculty of medicine, college of medicine, department of medicine, school of medicine, medical school	
医局	いきょく	medical office (esp. in a hospital), doctor's office	
医師	いし	doctor, physician	
医師会	いしかい	medical association	
医者	いしゃ	doctor, physician	
医大	いだい	medical university, medical college, medical school	
医長	いちょう	medical director, chief physician	
医薬	いやく	medicine, (pharmaceutical) drug, medical treatment	
医薬品	いやくひん	medical and pharmaceutical products, medicinal supplies, drugs, pharmaceuticals, medicine	
医療	いりょう	medical treatment, medical care	
井戸	いど	water well	
域外	いきがい	outside the area	
域内	いきない	inside the area	
育ち	そだち	growth, breeding	
育つ	そだつ	to be raised (e.g. child), to be brought up, to grow (up)	
育てる	そだてる	to raise, to rear, to bring up	
育英	いくえい	education of gifted young people, providing financial support to gifted students	
育児	いくじ	childcare, child-rearing, nursing, upbringing	
一	いち	one, 1	
一つ	ひとつ	one	
一つ一つ	ひとつひとつ	one-by-one, separately, in detail	
一握り	ひとにぎり	a handful (of)	
一安心	ひとあんしん	feeling of relief (for the time being), peace of mind (for now)	
一位	いちい	first place, first rank	
一員	いちいん	one person, one member	
一因	いちいん	one cause, one reason, one factor	
一円	いちえん	one yen	
一応	いちおう	more or less, though not quite satisfactorily, after a fashion, pretty much, roughly, so far as it goes, technically	
一億	いちおく	100,000,000, one hundred million	
一過	いっか	passing (e.g. of a typhoon), going past	
一回	いっかい	once, one time, one round, one game, one bout, one heat, one inning	
一回り	ひとまわり	one round, one turn, a circuit (of)	
一階	いっかい	first floor, ground floor	
一概に	いちがいに	unconditionally, as a rule	
一角	いっかく	corner, section, point, part	
１割	いちわり	ten percent	
一括	いっかつ	lumping together, summing up, bundle, lump, batch	
一環	いっかん	link (e.g. in a chain of events), part (of a plan, campaign, activities, etc.)	
一貫	いっかん	consistency, coherence, integration	
一丸	いちがん	one lump, one body, one group	
一喜一憂	いっきいちゆう	alternating between happiness and anxiety, swinging between joy and sorrow, being glad and sad by turns, oscillating between optimism and pessimism	
一期	いちご	one's whole life, one's lifetime	
一気	いっき	one breath	
一気に	いっきに	in one go, in one gulp, in one breath, without stopping, without pausing, without a rest, in one sitting, at a stretch	
一義	いちぎ	one meaning	
一休み	ひとやすみ	(short) rest, breather, break	
一級	いっきゅう	one grade, first-class, primary	
一挙	いっきょ	one effort, one action	
一局	いっきょく	one game (of go, shogi, etc.)	
一曲	いっきょく	tune (melody, piece of music)	
一軍	いちぐん	an army	
一撃	いちげき	blow, hit, stroke	
１月	いちがつ	January	
一月	ひとつき	one month	
一件	いっけん	(one) matter, (one) item, (one) case	
一見	いっけん	look, glimpse, glance	
一軒	いっけん	one house	
一元	いちげん	unitary	
一元化	いちげんか	unification, centralization, centralisation	
一個	いっこ	one (thing), one piece, one item	
一戸建て	いっこだて	detached house, stand-alone house, single-family home	
一口	ひとくち	mouthful, morsel, bite	
一向	いっこう	completely, absolutely, totally	
一刻	いっこく	a moment, a minute, an instant	
一国	いっこく	one country	
一座	いちざ	the whole company, the party, all those present, everyone in attendance	
一冊	いっさつ	one copy (of a book, magazine, etc.), one volume	
一酸化炭素	いっさんかたんそ	carbon monoxide	
一字	いちじ	(one) letter, (one) character	
ひと時	ひととき	a (short) time, a while, moment	
一時間	いちじかん	one hour	
一時金	いちじきん	single amount (of money), one-off payment, lump sum	
一時的	いちじてき	temporary, transitory, short-lived	
一式	いっしき	(complete) set, outfit, kit, suite	
一室	いっしつ	one room	
一手	いって	one move (in go, shogi, etc.)	
一種	いっしゅ	a kind, a sort, a variety, a species	
一首	いっしゅ	one tanka, one poem	
一周年	いっしゅうねん	one full year	
一週間	いっしゅうかん	one week	
一瞬	いっしゅん	instant, moment, for an instant	
一緒	いっしょ	(doing) together	
一緒に	いっしょに	together (with)	
一助	いちじょ	(some small) help, an aid, some assistance	
一条	いちじょう	one line, one streak, one stripe, one ray (of light), one wisp (of smoke)	
一審	いっしん	first instance, first trial	
一心	いっしん	one mind	
一心に	いっしんに	wholeheartedly, single-mindedly, fervently, intently	
一新	いっしん	complete change, reform, restoration, remodeling, remodelling, renewal	
一身	いっしん	oneself, one's body	
一人で	ひとりで	alone, by oneself, on one's own	
一人前	いちにんまえ	one portion, one serving, one person	
一人息子	ひとりむすこ	only son	
一人物	いちじんぶつ	person to be reckoned with, person of importance	
一人歩き	ひとりあるき	taking on a life of its own (of a rumour, etc.)	
一人娘	ひとりむすめ	only daughter	
一寸	ちょっと	a little, a bit, slightly	
一生懸命	いっしょうけんめい	very hard, with utmost effort, as hard as one can, with all one's might, for dear life, eagerly, desperately	
一斉	いっせい	simultaneous, all at once	
一斉に	いっせいに	simultaneously, all at once, in unison	
一昔	ひとむかし	an age (ago), a long time (ago), a decade (ago)	
一石	いっせき	one game (of go)	
一石二鳥	いっせきにちょう	killing two birds with one stone	
一切	いっさい	all, everything, entirety, the whole	
１０００	いっせん	1,000, one thousand	
一戦	いっせん	battle, game, bout	
一線	いっせん	line	
一層	いっそう	even more, still more, all the more, more than ever	
一掃	いっそう	clean sweep, purging, doing away with, eradication	
一息	ひといき	one breath	
一足	いっそく	a pair (of shoes or socks)	
一足	ひとあし	a step	
一族	いちぞく	family, relatives, dependents	
一打	いちだ	stroke, blow	
一体	いったい	(what) the heck, (why) in the world, (who) on earth	
１対１	いちたいいち	one-to-one, one-on-one	
一帯	いったい	whole area, whole region	
一代	いちだい	generation, lifetime, age	
一台	いちだい	one machine, one vehicle	
一大	いちだい	one large ..., a great ...	
一旦	いったん	once	
一端	いったん	one end, an end	
一団	いちだん	body, group, party, gang, troupe, troop	
一段	いちだん	even more, still more, much more, further	
一段落	いちだんらく	reaching a stopping place, settling down (before the next stage), getting to a point where one can rest, completing the first stage (of the work)	
一男	いちなん	boy, eldest son	
一致	いっち	agreement, accord, correspondence, consistency, coincidence, match	
一着	いっちゃく	first place (in a race), first to arrive	
一丁	いっちょう	one leaf (of a book bound in Japanese style)	
一直線	いっちょくせん	straight line	
一通	いっつう	one copy (of a document), one letter	
一通り	ひととおり	generally, in the main, briefly (look over, explain, etc.), roughly, more or less	
一定	いってい	to fix, to settle, to standardize, to regularize	
一点	いってん	point, dot, speck	
一党	いっとう	one party, one faction, one clique	
一等	いっとう	first class, first rank, first grade, first place, first prize	
一同	いちどう	all present, all concerned, all of us	
一堂	いちどう	one building (hall, temple, shrine, room)	
一日中	いちにちじゅう	all day long, all the day, throughout the day	
一任	いちにん	entrusting (everything to), leaving (a matter) entirely with	
一年間	いちねんかん	(period of) one year	
一年生	いちねんせい	first-year student, first-year pupil	
一年中	いちねんじゅう	all year round	
一派	いっぱ	one school, one sect, one denomination	
一敗	いっぱい	one defeat	
一杯	いっぱい	one cup (of), one glass (of), one bowl (of), cupful, glassful, bowlful, spoonful	
一倍	いちばい	multiplying by one, original amount	
一泊	いっぱく	(staying) one night, overnight stay	
一発	いっぱつ	one shot, one charge, one explosion	
一般	いっぱん	general, universal	
一般に	いっぱんに	generally, in general, widely, commonly, universally	
一般人	いっぱんじん	ordinary person, member of the general public, non-celebrity	
一般的	いっぱんてき	general, popular, common, typical	
一晩	ひとばん	one night, one evening	
一番	いちばん	number one, first, first place	
一番手	いちばんて	first person (to do), person going first	
一番乗り	いちばんのり	first rider in a charge	
一匹	いっぴき	one (small animal)	
一票	いっぴょう	one vote, one ballot	
一品	いっぴん	item, article	
一部	いちぶ	one part, one portion, one section	
一部分	いちぶぶん	one part, one portion, one section	
一風	いっぷう	oddity, eccentricity, peculiarity	
一分	いちぶ	one tenth, one hundredth, one percent, one tenth of a sun, one quarter ryō (an old coin)	
一文	いちもん	tiny amount of money, a penny, a cent, a farthing	
一変	いっぺん	complete change, about-face	
一辺倒	いっぺんとう	complete devotion (to), total commitment (to), unvarying support (for), unwavering fixation (on), rigid preoccupation (with)	
一遍	いっぺん	once, one time	
一歩	いっぽ	(a) step, one step	
一方	いっぽう	one (esp. of two), the other, one way, the other way, one direction, the other direction, one side, the other side, one party, the other party	
一方通行	いっぽうつうこう	one-way traffic	
一方的	いっぽうてき	one-sided, unilateral, arbitrary	
一本	いっぽん	one long cylindrical thing, one film, TV show, etc., one goal, home run, etc., one telephone call	
一枚	いちまい	one (thin, flat object), one sheet	
一枚岩	いちまいいわ	monolith, large slab of rock	
一幕	ひとまく	one act (of a play)	
一抹	いちまつ	a touch (of sadness, unease, etc.), a tinge (of), a hint (of), a wreath (of smoke, cloud, etc.)	
一面	いちめん	one face, one surface	
一目	ひとめ	glance, look, glimpse	
一門	いちもん	family, clan, kin	
一躍	いちやく	suddenly (rising to fame, etc.), instantly, immediately, overnight	
一様	いちよう	uniform, equal, even, the same, identical	
一翼	いちよく	one wing	
一覧	いちらん	look, glance, sight, having a look at, looking over, glancing through, running one's eyes over	
一覧表	いちらんひょう	list, table, schedule, catalogue, catalog	
一里塚	いちりづか	milestone (1 ri apart)	
一律	いちりつ	uniform, even, across-the-board, equal	
一流	いちりゅう	first-class, first-rate, top-flight, top-ranking, leading, eminent, top	
一両	いちりょう	one vehicle	
一塁	いちるい	first base	
一例	いちれい	example, an instance	
一連	いちれん	series, chain, sequence	
溢れる	あふれる	to overflow, to brim over, to flood	
逸らす	そらす	to turn away (one's eyes, face, etc.), to avert, to divert (e.g. one's attention), to evade (e.g. a question), to change (e.g. the subject)	
いち早く	いちはやく	promptly, quickly, without delay	
逸脱	いつだつ	deviation, departure	
逸品	いっぴん	excellent article, fine item, rare beauty, masterpiece, gem	
逸話	いつわ	anecdote, story, episode	
稲	いね	rice plant (Oryza sativa)	
稲刈り	いねかり	rice reaping, rice harvesting	
稲妻	いなずま	lightning, flash of lightning, lightning bolt	
稲作	いなさく	rice cultivation, rice crop	
稲穂	いなほ	ear (head) of rice	
芋	いも	tuber, taro, potato, yam	
印	いん	stamp, seal, chop	
印	しるし	mark, sign	
印鑑	いんかん	stamp, seal	
印刷	いんさつ	printing	
印紙	いんし	(revenue) stamp	
印象	いんしょう	impression	
印象的	いんしょうてき	impressive, striking, memorable, impactful	
印税	いんぜい	royalty (on book)	
員	いん	member	
員数	いんずう	(total) number (of people or things), count, quota	
因	いん	cause, factor	
因みに	ちなみに	by the way, in this connection, incidentally, in passing	
依る	よる	to be due to, to be caused by	
因縁	いんねん	fate, destiny	
因果	いんが	cause and effect, causality	
因子	いんし	factor	
惹かれる	ひかれる	to be charmed by, to be attracted to, to be taken with, to be drawn to	
引き下げ	ひきさげ	reduction, cut	
引き起こす	ひきおこす	to cause, to induce, to bring about, to provoke	
引き継ぐ	ひきつぐ	to take over (someone's duties, business, etc.), to inherit, to succeed to, to carry on (a tradition), to continue	
引き取る	ひきとる	to take into one's possession, to receive, to accept, to collect, to claim	
引きずる	ひきずる	to drag, to trail, to pull along the ground, to lug	
引き締まる	ひきしまる	to become tense, to be tightened, to become firm (e.g. body)	
引き抜く	ひきぬく	to extract, to pull out, to draw out, to uproot	
引き分け	ひきわけ	draw (in competition), tie game	
引き返す	ひきかえす	to turn back, to go back, to come back, to return, to retrace one's steps	
引き戻す	ひきもどす	to bring back, to restore	
引き離す	ひきはなす	to pull apart, to separate	
引き裂く	ひきさく	to tear up, to tear off, to rip up, to tear to pieces	
引く	ひく	to pull, to tug, to lead (e.g. a horse)	
引け目	ひけめ	sense of inferiority, one's weak point	
ひっくり返る	ひっくりかえる	to be overturned, to be reversed, to turn over, to capsize	
引っ越す	ひっこす	to move (house), to change residence	
引っかかる	ひっかかる	to be caught in, to be stuck in	
引っ掛ける	ひっかける	to hang (something) on (something), to throw on (clothes)	
引っ込む	ひっこむ	to draw back, to sink, to cave in	
引責	いんせき	taking responsibility	
引退	いんたい	retirement	
引用	いんよう	quotation, citation, reference	
引力	いんりょく	attraction (e.g. magnetic, gravitation), affinity, gravitational pull	
飲む	のむ	to drink, to swallow, to take (medicine)	
飲酒	いんしゅ	drinking alcohol	
飲酒運転	いんしゅうんてん	drunk driving, drink-driving, driving while intoxicated, drinking and driving, driving under the influence (of alcohol)	
飲食	いんしょく	food and drink, eating and drinking	
飲食店	いんしょくてん	restaurant	
飲料	いんりょう	beverage, drink	
飲料水	いんりょうすい	drinking water	
院長	いんちょう	director (of a hospital, institution, academy, etc.), superintendent, rector	
陰気	いんき	gloomy, dismal, miserable, melancholy	
陰口	かげぐち	malicious gossip, backbiting, speaking ill behind someone's back	
陰性	いんせい	negative (result)	
陰謀	いんぼう	plot, intrigue, scheme	
隠し引き出し	かくしひきだし	secret drawer, hidden drawer	
隠す	かくす	to hide, to conceal	
隠れる	かくれる	to hide, to conceal oneself, to take cover	
隠居	いんきょ	retirement (from work), leading a quiet life (after retirement)	
隠語	いんご	secret language, jargon, cant, argot, slang	
隠匿	いんとく	concealment (esp. of wrongdoings or criminals), sheltering, harboring	
隠滅	いんめつ	destruction (esp. of evidence), spoliation, suppression	
韻	いん	rhyme	
韻律	いんりつ	metre (of a poem), meter, rhythm	
右	みぎ	right, right-hand side	
右往左往	うおうさおう	moving about in confusion, going every which way, going this way and that	
右下	みぎした	lower right	
右手	みぎて	right hand	
右上	みぎうえ	upper right	
右折	うせつ	turning to the right, right turn	
右足	みぎあし	right foot	
右派	うは	right wing	
右方	うほう	right side	
右翼	うよく	right wing	
右腕	みぎうで	right arm	
宇宙	うちゅう	universe, cosmos, space	
宇宙空間	うちゅうくうかん	(outer) space	
宇宙飛行士	うちゅうひこうし	astronaut	
烏	カラス	crow (Corvus spp.), raven	
烏賊	イカ	cuttlefish, squid	
羽	はね	feather, plume, down	
羽衣	はごろも	angel's raiment, robe of feathers	
羽織	はおり	haori (Japanese formal coat)	
羽毛	うもう	feather, plume, plumage, down	
羽目	はめ	panel, wainscoting, wainscotting	
雨	あめ	rain	
雨雲	あまぐも	rain cloud	
雨具	あまぐ	rain gear	
雨戸	あまど	sliding storm shutter	
雨宿り	あまやどり	taking shelter from rain	
雨天	うてん	rainy weather	
雨量	うりょう	(amount of) rainfall	
雨漏り	あまもり	roof leak	
丑	うし	the Ox (second sign of the Chinese zodiac)	
渦	うず	whirlpool, swirl, eddy, vortex, maelstrom	
渦巻き	うずまき	whirlpool, maelstrom, vortex, eddy, swirl	
渦中	かちゅう	vortex, maelstrom, whirlpool	
嘘	うそ	lie, fib, falsehood, untruth	
嘘つき	うそつき	liar, fibber	
鰻	うなぎ	eel (esp. the Japanese eel, Anguilla japonica)	
浦	うら	inlet	
噂	うわさ	rumour, rumor, report, hearsay, gossip, common talk	
運	うん	fortune, luck, chance	
運ぶ	はこぶ	to carry, to transport, to move, to convey	
運良く	うんよく	luckily	
運営	うんえい	management, administration, operation	
運河	うんが	(navigable) canal, waterway	
運休	うんきゅう	suspension (of a transportation service), cancellation, stoppage	
運航	うんこう	operation (of a ship or aircraft route), service, navigation, flight	
運行	うんこう	operation (of a bus or train service), service, running	
運賃	うんちん	(passenger) fare	
運転	うんてん	operation (of a machine), running, working	
運転士	うんてんし	(professional) driver (of a taxi, train, etc.), motorman	
運転手	うんてんしゅ	driver, chauffeur	
運転免許	うんてんめんきょ	driver's license, driver's licence, driving licence	
運動	うんどう	exercise, physical training, workout, sports, athletics	
運動会	うんどうかい	athletic meet (esp. at a school), sports day, field day, sports festival	
運動場	うんどうじょう	sports ground, playing field, playground	
運動不足	うんどうぶそく	lack of physical exercise, insufficient exercise, inactivity	
運搬	うんぱん	transport, transportation, conveyance, carriage	
運命	うんめい	fate, destiny, lot	
運輸	うんゆ	transportation	
運輸省	うんゆしょう	Ministry of Transport	
運用	うんよう	making use of, application, practical use, effective management (e.g. of funds)	
雲	くも	cloud	
雲行き	くもゆき	weather, look of the sky	
雲泥の差	うんでいのさ	wide difference, a world of difference	
餌	えさ	(animal) feed, fodder, pet food	
営み	いとなみ	activity, action, performance, execution	
営む	いとなむ	to run (a business), to operate, to conduct, to practice (law, medicine, etc.)	
営業	えいぎょう	business, trade, operations	
営業マン	えいぎょうマン	salesman, businessman	
営業時間	えいぎょうじかん	business hours, opening hours, office hours	
営繕	えいぜん	maintenance and repair, upkeep (of equipment)	
営団	えいだん	corporation, foundation	
営利	えいり	money-making, commercialized, commercialised	
影絵	かげえ	shadow picture, silhouette, shadowgraph	
影響	えいきょう	influence, effect, impact	
影響力	えいきょうりょく	influence, clout, leverage	
映る	うつる	to be reflected, to harmonize with (harmonise), to come out (photo), to be projected, to be displayed (on a screen)	
映画	えいが	movie, film, motion picture	
映画館	えいがかん	movie theatre, movie theater, cinema	
映像	えいぞう	image (on a screen), picture (e.g. on a TV)	
栄える	さかえる	to prosper, to flourish, to thrive	
栄冠	えいかん	laurels, garland	
栄枯	えいこ	vicissitudes, ups and downs	
栄光	えいこう	glory	
栄誉	えいよ	honour, honor	
栄養	えいよう	nutrition, nourishment	
栄養士	えいようし	dietitian, (licensed) nutritionist	
栄養失調	えいようしっちょう	malnutrition	
栄養素	えいようそ	nutrient	
永遠	えいえん	eternity, perpetuity, permanence, immortality	
永住	えいじゅう	permanent residence	
永続	えいぞく	permanence, continuation	
永代	えいたい	permanence, eternity	
泳ぐ	およぐ	to swim	
英会話	えいかいわ	English conversation	
英気	えいき	great wisdom, excellent disposition	
英語	えいご	English (language)	
英国	えいこく	United Kingdom, Britain, Great Britain	
英字	えいじ	English letter, alphabetic character	
英数字	えいすうじ	alphanumeric character, letters (of the English alphabet) and numbers	
英単語	えいたんご	English word	
英文	えいぶん	English writing, English sentence, English text	
英文学	えいぶんがく	English(-language) literature	
英訳	えいやく	English translation	
英雄	えいゆう	hero, heroine, great person	
英和	えいわ	English-Japanese	
衛星	えいせい	(natural) satellite, moon	
衛生	えいせい	hygiene, sanitation, health	
詠む	よむ	to compose (a Japanese poem), to write, to use as the theme of a poem	
鋭い	するどい	sharp (knife, claws, etc.), pointed	
鋭角	えいかく	acute angle	
鋭敏	えいびん	sharp (eyes, ears, etc.), keen, acute, sensitive	
鋭利	えいり	sharp, keen, acute	
液	えき	liquid, fluid	
液化	えきか	liquefaction	
液晶	えきしょう	liquid crystal	
液体	えきたい	liquid	
駅	えき	railway station, train station	
駅員	えきいん	(train) station attendant, station employee, station staff	
駅前	えきまえ	in front of a station	
駅長	えきちょう	station master	
駅伝	えきでん	long-distance relay race	
駅弁	えきべん	boxed lunch bought at a station (often a local specialty)	
越す	こす	to cross over (e.g. mountain), to go across	
越境	えっきょう	crossing a border (illegally), border violation, border transgression	
越権	えっけん	going beyond authority, unauthorized, unauthorised, ultra vires	
越冬	えっとう	passing the winter, hibernation	
越年	えつねん	seeing the old year out, greeting the New Year, passing the winter, hibernation	
閲覧	えつらん	inspection, reading, perusal	
円	えん	yen (Japanese monetary unit)	
円安	えんやす	depreciation of the yen, weak yen	
円建て	えんだて	yen basis (for trade, exchange, etc.)	
円弧	えんこ	arc	
円高	えんだか	appreciation of the yen, strong yen	
円周	えんしゅう	circumference	
円熟	えんじゅく	ripeness, mellowness, maturity	
円卓	えんたく	round table	
円柱	えんちゅう	column, shaft, cylinder	
円筒	えんとう	cylinder	
円盤	えんばん	disk, discus, platter	
円満	えんまん	harmonious, peaceful, happy, amicable, smooth, free from trouble	
園	その	garden, orchard, park	
園芸	えんげい	horticulture, gardening	
園児	えんじ	kindergarten pupil, kindergartener	
園長	えんちょう	head of a garden, kindergarten principal, nursery school principal, park director, zoo director, head of a plantation	
宴	うたげ	party, banquet, feast	
宴会	えんかい	party, banquet, reception, feast, dinner	
宴席	えんせき	banquet, dinner party	
延べ	のべ	futures	
延期	えんき	postponement, deferment, adjournment	
延滞	えんたい	arrears, (being) overdue, delay (e.g. in payment), procrastination	
延長	えんちょう	extension, elongation, prolongation, lengthening	
延命	えんめい	keeping alive longer, prolonging life, life extension, life-support	
援軍	えんぐん	reinforcement	
援助	えんじょ	assistance, aid, support	
沿う	そう	to run along, to run beside, to stick to (a line)	
沿って	そって	along, by, parallel to	
沿海	えんかい	sea along the coast, coastal waters, inshore waters	
沿革	えんかく	history, development	
沿岸	えんがん	coast, shore	
沿線	えんせん	places alongside a railway line, bus route, major thoroughfare, etc.	
沿道	えんどう	roadside, wayside, route	
演じる	えんじる	to act (a part), to play (a role)	
演ずる	えんずる	to act (a part), to play (a role)	
演歌	えんか	enka, traditional-style Japanese popular ballad	
演技	えんぎ	acting, performance	
演芸	えんげい	entertainment, performance	
演劇	えんげき	drama, theatre, theater, play	
演算	えんざん	operation, calculation	
演習	えんしゅう	practice, exercise, drill	
演出	えんしゅつ	direction (of a play, film, etc.), production	
演説	えんぜつ	speech, address	
演奏会	えんそうかい	concert, recital	
演壇	えんだん	rostrum, platform	
演目	えんもく	program (musical, concert, theatrical, etc.), programme	
炎	ほのお	flame, blaze	
炎症	えんしょう	inflammation, irritation	
炎上	えんじょう	going up in flames, destruction by fire (esp. of a large building)	
炎天	えんてん	blazing heat, scorching sun	
煙	けむり	smoke, fumes	
煙い	けむい	smoky	
煙たい	けむたい	smoky	
煙る	けむる	to smoke (e.g. fire), to billow smoke, to smoulder, to smolder	
煙突	えんとつ	chimney, smokestack, funnel (of a ship), stovepipe	
燕	つばめ	swallow (bird of the Hirundinidae family), martin	
猿	さる	monkey (esp. the Japanese macaque, Macaca fuscata), ape, non-human primate	
縁	ふち	rim, brim, edge, brink	
縁起	えんぎ	omen, sign of luck	
縁側	えんがわ	engawa, external corridor on the outer side of traditional Japanese houses	
縁談	えんだん	marriage proposal, marriage talks	
艶	つや	gloss, luster, lustre, shine, sheen, polish	
遠い	とおい	far, distant, far away, a long way off, in the distance	
遠く	とおく	far away, distant place, a (great) distance, a long way off, afar	
遠ざかる	とおざかる	to go away, to become more distant, to fade away, to die away	
遠泳	えんえい	long-distance swimming	
遠隔	えんかく	distant, remote, isolated	
遠距離	えんきょり	long distance, tele-	
遠近法	えんきんほう	perspective	
遠心力	えんしんりょく	centrifugal force	
遠征	えんせい	(military) expedition, campaign	
遠浅	とおあさ	shoal, wide shallow beach	
遠足	えんそく	school trip, field trip, excursion, outing	
遠方	えんぽう	distant place, faraway location, far away	
遠慮	えんりょ	reserve, constraint, restraint, modesty, diffidence, hesitation, holding back, discretion, tact, thoughtfulness	
鉛	なまり	lead (Pb)	
鉛筆	えんぴつ	pencil	
塩化	えんか	chloridation, salification	
塩基	えんき	base	
塩酸	えんさん	hydrochloric acid	
塩素	えんそ	chlorine (Cl)	
塩田	えんでん	saltpan, field for drying salt	
塩分	えんぶん	salt, salt content	
塩味	しおあじ	salty taste, saltiness	
汚い	きたない	dirty, filthy, foul, unclean	
汚す	よごす	to pollute, to contaminate, to soil, to make dirty, to stain	
汚れる	よごれる	to get dirty, to become dirty	
汚職	おしょく	corruption (esp. by a government employee), bribery, graft	
汚水	おすい	filthy water, sewage	
汚染	おせん	pollution, contamination	
汚濁	おだく	pollution, contamination, corruption, graft	
汚点	おてん	stain, blot, flaw, disgrace	
汚物	おぶつ	filth (esp. excrement, feces, urine), muck, waste, garbage, dirt, dust	
汚名	おめい	bad name, bad reputation, disgrace, dishonour, dishonor, stigma, infamy	
甥	おい	nephew	
凹む	へこむ	to be dented, to be indented, to yield, to give, to sink, to collapse, to cave in	
凹凸	おうとつ	unevenness, bumpiness, roughness, ruggedness	
奥	おく	inner part, interior, back (of a drawer, one's throat, etc.), depths (e.g. of a forest), recesses (e.g. of a cave), heart, end (of a road, garden, etc.)	
奥さん	おくさん	wife, your wife, his wife, married lady, madam	
奥行き	おくゆき	depth, length	
奥山	おくやま	remote mountain, mountain recesses	
奥様	おくさま	wife, your wife, his wife, married lady, madam	
往診	おうしん	doctor's visit, house call	
往生	おうじょう	passing on to the next life	
往年	おうねん	years gone by, earlier years, former years, the past	
往復	おうふく	making a round trip, going and returning, coming and going	
往来	おうらい	coming and going, traffic	
応える	こたえる	to respond, to answer, to meet (e.g. demands, expectations)	
応じる	おうじる	to respond, to satisfy, to accept, to comply with, to apply for	
応援	おうえん	aid, assistance, help, support, reinforcement	
応急	おうきゅう	emergency, first-aid	
応酬	おうしゅう	exchange (of words, views, punches, cups, etc.), give-and-take	
応召	おうしょう	responding to a call-up for military service, answering a call-up	
応接	おうせつ	reception (e.g. of visitors), dealing with	
応対	おうたい	dealing with (people, customers, complaints, etc.), receiving (callers, visitors, etc.), attending to, handling, serving	
応答	おうとう	reply, answer, response	
応分	おうぶん	according to one's abilities, appropriate, reasonable	
応募	おうぼ	application, subscription, entry (competition, raffle, etc.), enlistment	
応募者	おうぼしゃ	applicant	
応用	おうよう	(practical) application, putting to practical use	
押し	おし	push, pushing	
押し込む	おしこむ	to push into, to cram into, to stuff into, to crowd into	
押し切る	おしきる	to overcome (opposition), to push past, to force one's way	
押し入る	おしいる	to push in, to force into, to break in (e.g. into a house), to intrude	
押し付ける	おしつける	to press against, to push against, to force against	
押し問答	おしもんどう	arguing back and forth, bandying words, verbal tug-of-war	
押す	おす	to push, to thrust, to shove	
押収	おうしゅう	seizure, confiscation	
旺盛	おうせい	lively, vigorous, energetic, healthy, avid (e.g. desire), rich (e.g. imagination)	
横	よこ	horizontal (as opposed to vertical)	
横たわる	よこたわる	to lie down, to stretch out	
横顔	よこがお	profile, face in profile, face seen from the side	
横綱	よこづな	yokozuna (highest rank in sumo), grand champion	
横行	おうこう	being rampant, being widespread, being prevalent	
横取り	よこどり	snatching, stealing, seizure, usurpation	
横書き	よこがき	writing horizontally, horizontal writing	
横切る	よこぎる	to cross (e.g. road), to traverse	
横線	おうせん	horizontal line	
横断	おうだん	crossing (a road, river, etc.), cutting through (e.g. of a river through a town), cutting across, intersecting (e.g. a railway track)	
横断歩道	おうだんほどう	pedestrian crossing, crosswalk	
横着	おうちゃく	laziness, shirking	
横転	おうてん	toppling sideways, turning sideways, falling over sideways	
横道	よこみち	byway, side street, cross street	
横幅	よこはば	breadth, width	
横文字	よこもじ	horizontal script (esp. of a European language), European writing, Roman letters	
横柄	おうへい	arrogant, haughty, insolent	
横暴	おうぼう	violence, oppression, high-handedness, tyranny, despotism	
横目	よこめ	sidelong glance	
横領	おうりょう	embezzlement, misappropriation, usurpation	
欧州	おうしゅう	Europe	
殴り込み	なぐりこみ	raid, attack, assault	
殴る	なぐる	to strike, to hit, to beat, to punch	
殴打	おうだ	hit, strike, blow	
王位	おうい	the throne, the crown	
王冠	おうかん	crown, diadem	
王宮	おうきゅう	royal palace	
王国	おうこく	kingdom, monarchy	
王座	おうざ	throne	
王子	おうじ	prince	
王室	おうしつ	royal family	
王者	おうじゃ	king, monarch, ruler	
王手	おうて	check	
王女	おうじょ	princess	
王将	おうしょう	king (of the senior player)	
王族	おうぞく	royalty, royal family	
王朝	おうちょう	dynasty	
王妃	おうひ	queen (consort), empress (consort)	
王様	おうさま	king	
王立	おうりつ	royal (institution)	
襖	ふすま	fusuma, Japanese sliding screen	
鴎	カモメ	common gull (Larus canus)	
黄金	おうごん	gold (Au)	
黄金時代	おうごんじだい	golden age	
黄色い	きいろい	yellow	
黄身	きみ	egg yolk	
沖	おき	open sea	
沖縄	おきなわ	Okinawa (city, prefecture)	
荻	おぎ	Amur silvergrass (Miscanthus sacchariflorus)	
億	おく	hundred million, 100,000,000, 10^8	
屋外	おくがい	outdoors, outside	
屋根	やね	roof	
屋上	おくじょう	rooftop	
屋台	やたい	cart (esp. a food cart), stall, stand	
屋内	おくない	indoors	
臆病	おくびょう	cowardly, timid, easily frightened	
桶	おけ	bucket, pail, tub	
牡蠣	かき	oyster, oyster shell	
乙	おつ	(the) second (party, rank, etc.), B (grade), the latter	
卸す	おろす	to sell wholesale	
恩	おん	favour, favor, obligation, debt of gratitude	
恩給	おんきゅう	pension (esp. public servant's)	
恩恵	おんけい	grace, favor, favour, blessing, benefit	
恩師	おんし	teacher (to whom one owes a debt of gratitude), mentor, one's former teacher	
恩賜	おんし	Imperial gift	
恩赦	おんしゃ	amnesty, pardon	
恩人	おんじん	benefactor, patron, person to whom one owes a great deal, person to whom one is (deeply) indebted	
恩知らず	おんしらず	ungrateful	
恩返し	おんがえし	paying back a favour, repayment (of an obligation, kindness, etc.)	
温い	ぬるい	lukewarm, tepid	
温もり	ぬくもり	warmth	
温厚	おんこう	gentle, mild-mannered	
温室	おんしつ	greenhouse, hothouse, conservatory, glasshouse	
温床	おんしょう	hotbed, breeding ground	
温泉	おんせん	hot spring	
温存	おんぞん	preservation, retainment, keeping	
温帯	おんたい	temperate zone	
温暖	おんだん	warm, mild, temperate	
温度	おんど	temperature	
温度計	おんどけい	thermometer	
穏やか	おだやか	calm, quiet, gentle, peaceful, mild	
穏健	おんけん	moderate (view, politics, etc.), temperate, sensible, sober, non-radical	
穏当	おんとう	proper, reasonable, right, appropriate	
穏便	おんびん	gentle, peaceable, amicable, quiet	
音階	おんかい	scale	
音楽	おんがく	music	
音響	おんきょう	sound, noise, audio, acoustics, reverberation	
音訓	おんくん	kanji readings	
音質	おんしつ	tone quality, sound quality	
音声	おんせい	voice, speech, sound of a voice	
音程	おんてい	interval, step	
音頭	おんど	lead (in a cheer, toast, song, etc.), (someone's) lead	
音読	おんどく	reading aloud	
音読み	おんよみ	on reading, on'yomi, Chinese-derived reading of a kanji	
音符	おんぷ	musical note, note symbol	
音量	おんりょう	volume (sound)	
下	した	below, down, under, younger (e.g. daughter)	
下がる	さがる	to come down, to go down, to fall, to drop, to sink, to get lower	
下げる	さげる	to hang, to suspend, to wear (e.g. decoration)	
下さい	ください	please (give me)	
下さる	くださる	to give, to confer, to bestow	
下す	くだす	to make a decision, to draw a conclusion	
下っ腹	したっぱら	abdomen, stomach, under parts	
下らない	くだらない	trivial, trifling, insignificant, not worth bothering with, worthless, useless, good-for-nothing	
下り	くだり	down-train, train heading toward the ending point of its route	
下り坂	くだりざか	downhill, downward slope, descent	
下る	くだる	to descend, to go down, to come down	
下位	かい	low rank, lower position, subordinate position, lower order (e.g. byte)	
下院	かいん	lower house, lower legislative chamber	
下火	したび	burning low, waning, declining	
下界	げかい	the earth below, the ground below	
下期	しもき	second half of the (fiscal) year	
下記	かき	the following	
下級	かきゅう	lower grade, low class, junior (officer)	
下見	したみ	preliminary inspection, having a look in advance	
下限	かげん	lower limit	
下戸	げこ	non-drinker, someone who cannot drink	
下降	かこう	descent, fall, drop, decline, downturn, subsidence	
下山	げざん	descending a mountain, descent	
下肢	かし	lower limbs, legs	
下車	げしゃ	alighting (from a train, bus, etc.), getting off, getting out (of a car)	
下手	したて	humble position, inferior	
下手	へた	unskillful, poor, awkward	
下手投げ	したてなげ	underhand throw	
下手くそ	へたくそ	unskilled, clumsy, lousy, poor, awkward, shitty	
下宿	げしゅく	boarding, lodging, board and lodging, room and board	
下旬	げじゅん	last third of a month, 21st to the last day of a month	
下書き	したがき	draft, rough copy	
下水	げすい	drainage, ditch, gutter, sewerage	
下水道	げすいどう	sewer, sewer system, sewerage, drain	
下駄	げた	geta, traditional Japanese wooden sandal	
下値	したね	lowest price	
下地	したじ	groundwork, foundation	
下着	したぎ	underwear, undergarment, underclothes, lingerie	
下町	したまち	low-lying part of a city (usu. containing shops, factories, etc.)	
下調べ	したしらべ	preliminary investigation, preliminary inquiry	
下等	かとう	inferior, base, vulgar, low grade, lower class	
下品	げひん	vulgar, indecent, coarse, crude	
下敷き	したじき	desk pad, sheet of plastic (or cardboard, felt, etc.) placed under writing paper, underlay	
下部	かぶ	lower part, substructure	
下方	かほう	lower region, lower part, region below	
下野	げや	resigning from (public) office	
下落	げらく	depreciation, decline, fall, slump	
下痢	げり	diarrhea, diarrhoea	
下流	かりゅう	downstream, lower reaches of a river	
化ける	ばける	to take the form of (esp. in ref. to a spirit, fox, raccoon dog, etc.), to assume the shape of, to turn oneself into, to transform oneself into	
化学	かがく	chemistry	
化学肥料	かがくひりょう	chemical fertilizer, chemical fertiliser	
化学兵器	かがくへいき	chemical weapon	
化合	かごう	chemical combination	
化合物	かごうぶつ	compound	
化成	かせい	change, transformation	
化石	かせき	fossil	
化繊	かせん	synthetic fiber, synthetic fibre, chemical fiber, chemical fibre	
仮	かり	temporary, provisional, interim, tentative	
仮に	かりに	supposing, even if, granting that, for argument's sake	
仮処分	かりしょぶん	provisional disposition, temporary injunction	
仮称	かしょう	temporary name, provisional name	
仮想	かそう	imagination, supposition, virtual, potential (enemy)	
仮装	かそう	costume, fancy dress, masquerade, disguise	
仮定	かてい	assumption, supposition, hypothesis	
仮名遣い	かなづかい	kana orthography, syllabary spelling	
仮面	かめん	mask	
何か	なにか	something, some, any	
何しろ	なにしろ	in any case, at any rate, anyhow, anyway, as you know, for you see, particularly	
何だか	なんだか	(a) little, somewhat, somehow	
何だかんだ	なんだかんだ	something or other, one thing or another, this or that	
何て	なんて	how ...!, what ...!	
何と	なんと	what, how	
何とか	なんとか	something, something or other, so-and-so	
何という	なんという	how (beautiful, etc.), what a ...	
何も	なにも	(not) anything, (nothing) at all, (not) any, nothing	
何やら	なにやら	something, some kind of	
何より	なにより	above anything else, above all, more than anything	
何れ何れ	どれどれ	which	
何回	なんかい	how many times	
何気なく	なにげなく	unintentionally, calmly, inadvertently, innocently	
何とも	なんとも	really, very, extremely, terribly, awfully	
何歳	なんさい	how old, what age	
何事	なにごと	what, what sort of thing	
何時	いつ	when, at what time, how soon	
何時	なんじ	what time, which hour	
いつの間にか	いつのまにか	before one knows, before one becomes aware of, unnoticed, unawares	
何時までも	いつまでも	forever, eternally, for good, as long as one likes, indefinitely, endlessly, for a long time	
何時も	いつも	always, all the time, at all times	
何時間	なんじかん	how many hours	
いつ頃	いつごろ	about when, about what time, how soon	
何者	なにもの	who, what kind of person	
何処か	どこか	somewhere	
何処までも	どこまでも	anywhere, for all time, to the ends of the earth	
何人	なんにん	how many people, a number of people	
何千	なんぜん	many thousands	
どうぞ	どうぞ	please, kindly, pray, I beg (of you)	
何卒	なにとぞ	please, kindly, I beg of you, if it pleases you	
何度	なんど	how many times	
何度でも	なんどでも	any number of times	
何ら	なんら	(not) in any way, (not) at all, (none) whatsoever	
何日	なんにち	what day	
何年	なんねん	how many years, how long	
何かと	なにかと	one way or another, in many ways, in various ways	
何百	なんびゃく	hundreds	
何分	なにぶん	some, any, (a) little, of some kind, of some sort	
何分	なんぷん	what minute, how many minutes	
何遍	なんべん	how many times, how often	
何方	どちら	which way, which direction, where	
何方	どなた	who	
価格	かかく	price, value, cost	
価値	かち	value, worth, merit	
価値観	かちかん	sense of values, values, value system	
佳境	かきょう	most interesting part (of a story), climax, good part	
佳作	かさく	fine (piece of) work, excellent work	
加	か	addition	
加える	くわえる	to add, to add up, to sum up, to append, to annex	
加わる	くわわる	to be added to, to be appended	
加圧	かあつ	pressurization, applying pressure (to)	
加害者	かがいしゃ	perpetrator, wrong-doer, aggressor, assailant, offender, at-fault party (e.g. in an accident)	
加減	かげん	degree, extent, amount, balance, state, condition	
加工	かこう	manufacturing, processing, treatment, machining	
加算	かさん	addition, adding, supplement	
加速	かそく	acceleration, speeding up	
加入	かにゅう	joining (a club, organization, etc.), becoming a member, entry, admission, subscription, affiliation, signing (e.g. a treaty), taking out (insurance)	
加熱	かねつ	heating, application of heat	
加味	かみ	seasoning, flavoring, flavouring	
加盟	かめい	joining (an association, agreement, etc.), participation, affiliation, accession	
可	か	acceptable, satisfactory, allowed, permitted	
可愛がる	かわいがる	to be affectionate to, to treat tenderly, to dote on, to show one's love (for), to cherish	
可愛らしい	かわいらしい	lovely, sweet, pretty, cute, adorable	
可決	かけつ	approval, adoption (of a motion, bill, etc.), passage	
可笑しい	おかしい	funny, amusing, comical, laughable, ridiculous	
可燃性	かねんせい	combustibility, inflammability	
可燃物	かねんぶつ	combustibles, inflammables, flammables, burnables	
可能	かのう	possible, potential, practicable, feasible	
可能性	かのうせい	possibility, chance, likelihood, probability, potential	
可能性が高い	かのうせいがたかい	very likely, very probable	
可否	かひ	propriety, right and wrong, advisability, possibility	
可憐	かれん	sweet (e.g. young girls, flowers blooming), touchingly lovely, cute	
夏	なつ	summer	
夏休み	なつやすみ	summer vacation, summer holiday	
夏至	げし	summer solstice	
夏時間	なつじかん	daylight saving time, daylight savings time, summer time	
夏場	なつば	summertime, summer season	
夏場所	なつばしょ	Summer Tournament (held in Tokyo in May)	
夏物	なつもの	summer clothing, summer wear	
嫁	よめ	bride	
嫁ぐ	とつぐ	to marry (of a woman), to become a bride, to marry into (a family)	
嫁入り	よめいり	marriage, wedding	
家	いえ	house, residence, dwelling, home	
家	うち	one's house, one's home, one's family, one's household	
家	け	house, family	
家屋	かおく	house, building	
家鴨	アヒル	domestic duck	
家業	かぎょう	family business, family trade	
家具	かぐ	furniture	
家系	かけい	family lineage	
家計	かけい	household economy, family finances	
家計簿	かけいぼ	household account book	
家元	いえもと	head of a school (of music, dance), head family of a school	
家財	かざい	household belongings, household goods	
家事	かじ	housework, domestic chores	
家主	やぬし	landlord, landlady	
家出	いえで	running away from home, elopement	
家人	かじん	occupant of a house, family member, household member (incl. servants)	
家政	かせい	household economy, housekeeping, homemaking	
家政婦	かせいふ	housekeeper, maid	
家族	かぞく	family	
家族計画	かぞくけいかく	family planning	
家宅	かたく	domicile, premises	
家畜	かちく	domestic animals, livestock, cattle	
家賃	やちん	rent	
家庭	かてい	home, household, family, hearth	
家庭科	かていか	home economics	
家庭教師	かていきょうし	(home) tutor, private tutor, private teacher	
家電	かでん	household (electrical) appliances, home appliances, consumer electronics	
家内	かない	(my) wife	
家柄	いえがら	social standing of a family, lineage, parentage, pedigree	
家来	けらい	retainer, vassal, follower	
寡占	かせん	oligopoly, control of a market	
寡黙	かもく	untalkative, quiet, taciturn, reticent, uncommunicative	
科	か	department, section, faculty, school, arm	
科する	かする	to inflict, to impose (a fine, etc.)	
科学	かがく	science	
科学技術	かがくぎじゅつ	science and technology, technology, scientific techniques	
科学技術庁	かがくぎじゅつちょう	Science and Technology Agency (1956-2001)	
科学者	かがくしゃ	scientist	
科学的	かがくてき	scientific	
暇つぶし	ひまつぶし	killing time, keeping oneself occupied, time killer	
果たす	はたす	to accomplish, to achieve, to carry out, to fulfill, to fulfil, to realize, to execute, to perform, to do	
果て	はて	end, extremity, limit	
果てしない	はてしない	endless, boundless, everlasting	
果てる	はてる	to end, to be finished, to be exhausted	
果敢	かかん	resolute, determined, bold	
果実	かじつ	fruit, nut, berry	
果樹	かじゅ	fruit tree	
果汁	かじゅう	fruit juice	
果物	くだもの	fruit	
架空	かくう	fictitious, imaginary, fanciful, fabricated	
架設	かせつ	construction, building	
歌	うた	song, singing	
歌曲	かきょく	melody, tune, song	
歌劇	かげき	opera	
歌詞	かし	song lyrics, words of a song, libretto	
歌手	かしゅ	singer	
歌集	かしゅう	collection of waka poems, anthology	
歌唱	かしょう	song, singing	
歌人	かじん	poet (of tanka poems)	
歌姫	うたひめ	songstress, diva	
歌舞伎	かぶき	kabuki, traditional form of drama and music performed by male actors wearing makeup mainly in white and red	
歌謡	かよう	song, ballad	
歌謡曲	かようきょく	kayōkyoku, form of Japanese popular music that developed during the Showa era	
河川	かせん	rivers	
河畔	かはん	riverside	
火	ひ	fire, flame, blaze	
火炎瓶	かえんびん	Molotov cocktail, petrol bomb, gasoline bomb	
火花	ひばな	spark	
火器	かき	firearms, guns	
火災	かさい	conflagration, fire	
火災保険	かさいほけん	fire insurance	
火山	かざん	volcano	
火山灰	かざんばい	volcanic ash	
火事	かじ	fire, conflagration	
火種	ひだね	live coals (for firelighting)	
火星	かせい	Mars (planet)	
火葬	かそう	cremation	
火鉢	ひばち	brazier, hibachi	
火薬	かやく	gunpowder, powder	
火曜	かよう	Tuesday	
火曜日	かようび	Tuesday	
火力	かりょく	heating power, thermal power	
炬燵	こたつ	kotatsu, table over an electric heater, with a hanging quilt to retain heat (orig. over a charcoal brazier in a floor well)	
禍根	かこん	root of an evil, source of a problem, source of trouble, cause of misfortune	
稼ぎ	かせぎ	earnings	
稼ぐ	かせぐ	to earn (income), to make (money)	
稼業	かぎょう	trade, business, occupation, profession, job	
ヶ月	かげつ	counter for months	
花	はな	flower, blossom, bloom, petal	
花びら	はなびら	petal	
花屋	はなや	florist, flower shop	
花嫁	はなよめ	bride	
花火	はなび	fireworks	
花形	はながた	floral pattern, flourish, ornament	
花見	はなみ	cherry blossom viewing, flower viewing	
花盛り	はなざかり	flowers in full bloom, time of year in which flowers are in full bloom	
花束	はなたば	bunch of flowers, bouquet	
花鳥	かちょう	flowers and birds	
花道	はなみち	elevated walkway through the audience to the stage	
花瓶	かびん	(flower) vase	
花粉	かふん	pollen	
花粉症	かふんしょう	hay fever, pollinosis (allergy to pollen)	
花婿	はなむこ	bridegroom	
花柳界	かりゅうかい	red-light district, pleasure quarters, world of the geisha, demimonde	
花輪	はなわ	wreath, garland	
苛める	いじめる	to ill-treat, to bully, to torment, to pick on, to tease, to be cruel to, to persecute	
茄子	なす	eggplant (Solanum melongena), aubergine	
荷	に	load, baggage, cargo, freight, goods	
荷造り	にづくり	packing, baling, crating	
荷札	にふだ	label, tag	
荷台	にだい	(truck) load-carrying tray, (bicycle) luggage carrier, roof rack	
荷物	にもつ	luggage, baggage, package	
荷揚げ	にあげ	unloading, landing	
華僑	かきょう	overseas Chinese	
華美	かび	splendor, splendour, gorgeousness, pomp, magnificence	
華麗	かれい	splendid, magnificent, gorgeous	
菓子	かし	confectionery, sweets, candy, cake	
菓子屋	かしや	confectionery shop, candy store, sweet shop	
蝦夷	えみし	Emishi, Ezo, non-Yamato peoples in northern Japan	
課	か	lesson	
課する	かする	to impose (a tax, fine, etc.), to levy, to assign (a task, duty, etc.), to give, to set	
課員	かいん	section staff	
課税	かぜい	taxation	
課題	かだい	subject, theme, issue, matter	
課徴金	かちょうきん	charges (i.e. fees)	
課長	かちょう	section manager, section chief	
課程	かてい	course, curriculum	
貨車	かしゃ	freight car, van	
貨物	かもつ	cargo, freight	
貨幣	かへい	money, currency, coin	
貨幣価値	かへいかち	currency value	
過ぎ	すぎ	past, after	
過ぎる	すぎる	to pass through, to pass by, to go beyond	
過ごす	すごす	to spend (time), to pass, to lead (a life), to live	
過ち	あやまち	fault, error, indiscretion, faux pas	
過去	かこ	the past, bygone days	
過激	かげき	extreme (measure, idea, etc.), radical, violent (language)	
過言	かごん	exaggeration, overstatement, saying too much	
過失	かしつ	accident (caused by negligence), error, blunder	
過小評価	かしょうひょうか	underestimation, undervaluation	
過剰	かじょう	excess, surplus, superabundance, overabundance	
過疎	かそ	underpopulation, low population density, depopulation	
過多	かた	excess, surplus, superabundance	
過大	かだい	excessive, too much, unreasonable	
過程	かてい	process, course, mechanism	
過渡	かと	crossing, ferry	
過渡期	かとき	transition period	
過度	かど	excessive, immoderate	
過当	かとう	excessive, exorbitant	
過熱	かねつ	superheating, overheating	
過半数	かはんすう	majority	
過敏	かびん	nervousness, oversensitivity	
過密	かみつ	overcrowding, congestion, overpopulation	
過労	かろう	overwork, strain	
霞	かすみ	haze (esp. in spring), mist	
霞む	かすむ	to become misty, to become hazy	
蚊	か	mosquito	
俄かに	にわかに	suddenly, abruptly, unexpectedly	
我	われ	I, me	
我慢	がまん	endurance, patience, perseverance, bearing (with something)	
我儘	わがまま	selfish, egoist	
画	かく	stroke (of a kanji)	
画する	かくする	to draw (a line)	
画家	がか	painter, artist	
画商	がしょう	picture dealer, commercial art gallery	
画数	かくすう	stroke count (of a kanji)	
画像	がぞう	image, picture, portrait	
画伯	がはく	master painter, great artist	
画面	がめん	screen (of a TV, computer, etc.)	
画用紙	がようし	drawing paper	
画廊	がろう	art gallery (esp. artworks for sale), picture gallery	
芽	め	sprout, shoot, bud	
芽生え	めばえ	bud, sprout	
賀状	がじょう	New Year's card	
賀正	がしょう	A Happy New Year!	
雅楽	ががく	gagaku, ceremonial Japanese court music	
雅致	がち	artistry, good taste, elegance, grace	
介護	かいご	nursing, care, caregiving, caring	
介在	かいざい	existing (between), interposition, intervention, involvement	
介入	かいにゅう	intervention	
会	かい	meeting, assembly, party, gathering, conference, athletic meet	
会う	あう	to meet, to encounter, to see	
会員	かいいん	member, the membership	
会期	かいき	session (of a legislature)	
会議	かいぎ	meeting, conference, session, assembly, council, convention, congress	
会議室	かいぎしつ	conference room, council room	
会計	かいけい	accounting, finance, account, reckoning	
会計士	かいけいし	accountant	
会計年度	かいけいねんど	fiscal year	
会見	かいけん	interview, audience, meeting, (viewing) party	
会合	かいごう	meeting, assembly, gathering	
会社	かいしゃ	company, corporation, firm	
会社員	かいしゃいん	company employee, office worker, white-collar worker	
会釈	えしゃく	slight bow (as a greeting or sign of gratitude), nod, salutation	
会場	かいじょう	assembly hall, meeting place, venue, site, grounds	
会食	かいしょく	eating together, dining together, having a meal together	
会心	かいしん	congeniality, satisfaction, gratification	
会則	かいそく	society regulations, club regulations, constitution	
会談	かいだん	talks (i.e. formal discussions), conference, meeting	
会長	かいちょう	president (of a society), chairman	
会頭	かいとう	society president	
会堂	かいどう	church, chapel, synagogue, tabernacle	
会費	かいひ	membership fee	
会報	かいほう	bulletin (issued by a society), report, newsletter	
会話	かいわ	conversation, talk, chat	
解く	とく	to untie, to unfasten, to unwrap, to undo, to unbind, to unpack	
解く	ほどく	to undo, to untie, to unfasten, to unlace, to unravel, to loosen, to unpack	
解ける	とける	to be solved, to be worked out	
解ける	ほどける	to come loose, to come untied, to come undone, to unravel	
解禁	かいきん	lifting a ban, raising an embargo, opening a season (hunting, fishing, etc.)	
解決	かいけつ	settlement, solution, resolution	
解決策	かいけつさく	solution, solution strategy	
解雇	かいこ	dismissal (of an employee), discharge, firing, layoff	
解散	かいさん	breaking up (a meeting, gathering, etc.), dispersal (e.g. of a crowd)	
解釈	かいしゃく	interpretation, explanation, reading, construction	
解除	かいじょ	termination (of a contract), cancellation, rescinding, rescission	
解消	かいしょう	cancellation, liquidation, resolution, reduction (e.g. of stress)	
解析	かいせき	analysis, analytical study	
解説	かいせつ	explanation, commentary, exposition, elucidation	
解体	かいたい	demolition, taking down, dismantling, disassembly, taking apart	
解答	かいとう	answer, solution	
解読	かいどく	deciphering, decoding	
解任	かいにん	dismissal (from a post), discharge, removal	
解熱	げねつ	lowering a fever, alleviation of fever	
解放	かいほう	release, unleashing, liberation, emancipation, setting free	
解剖	かいぼう	dissection, autopsy, postmortem examination	
解剖学	かいぼうがく	anatomy	
解明	かいめい	elucidation, explication, explaining, unravelling, clarification, understanding	
解約	かいやく	cancellation of a contract	
回	かい	counter for occurrences	
回し	まわし	mawashi, belt, loincloth	
回す	まわす	to turn, to rotate, to spin, to twist, to gyrate	
回り道	まわりみち	detour, circuitous route, diversion	
回忌	かいき	death anniversary, anniversary of a person's death	
回帰	かいき	return (to), revolution, recurrence	
回顧	かいこ	recollecting, reminiscing, looking back, retrospection, review	
回顧録	かいころく	memoirs, reminiscences	
回収	かいしゅう	collection, recovery, withdrawal, retrieval	
回数	かいすう	number of times, frequency, count	
回数券	かいすうけん	coupon tickets, discount tickets, book of tickets	
回生	かいせい	resurrection, resuscitation, coming back to life	
回線	かいせん	circuit, line	
回想	かいそう	recollection, retrospection, reflection, reminiscence	
回送	かいそう	forwarding, sending on, redirecting (e.g. mail)	
回転	かいてん	rotation, revolution, turn, spin	
回答	かいとう	reply, answer	
回避	かいひ	evasion, avoidance	
回復	かいふく	restoration, recovery, rehabilitation, return, improvement	
回目	かいめ	nth time	
回覧	かいらん	circulation (esp. of documents), sending round	
回路	かいろ	circuit	
回廊	かいろう	corridor, gallery, hallway, cloister (i.e. covered walk typically circling a building or garden, esp. in a palace or place of worship)	
壊す	こわす	to break, to destroy, to demolish	
壊れる	こわれる	to be broken, to break, to fall apart, to collapse, to be destroyed, to be damaged	
壊滅	かいめつ	(complete) destruction, annihilation, devastation	
快い	こころよい	pleasant, agreeable, comfortable, refreshing	
快楽	かいらく	pleasure	
快活	かいかつ	cheerful, lively, lighthearted	
快感	かいかん	pleasant feeling, pleasant sensation, pleasure	
快挙	かいきょ	brilliant achievement, spectacular feat, splendid accomplishment, remarkable deed	
快晴	かいせい	clear weather, cloudless weather, good weather	
快速	かいそく	high speed, rapidity	
快調	かいちょう	good (condition), going well, fine, smooth	
快適	かいてき	pleasant, agreeable, comfortable	
怪しむ	あやしむ	to suspect	
怪我	けが	injury, wound	
けが人	けがにん	wounded person, injured person	
怪奇	かいき	bizarre, strange, weird, mysterious	
怪獣	かいじゅう	monster	
怪談	かいだん	ghost story, tale of the supernatural	
怪物	かいぶつ	monster	
悔い	くい	regret, repentance	
悔いる	くいる	to regret	
悔し泣き	くやしなき	crying from vexation, tears of regret	
悔やむ	くやむ	to mourn, to lament	
懐	ふところ	inside the breast of one's clothing (esp. kimono), bosom, (breast) pocket	
懐かしい	なつかしい	dear (old), fondly remembered, beloved, missed, nostalgic	
懐かしむ	なつかしむ	to yearn for (someone, something), to miss	
懐疑	かいぎ	doubt, skepticism, scepticism, disbelief	
懐柔	かいじゅう	winning over, placation, gentle persuasion	
懐中電灯	かいちゅうでんとう	(electric) torch, flashlight	
戒める	いましめる	to warn against, to caution against	
戒厳令	かいげんれい	martial law	
戒告	かいこく	admonition, warning, caution	
戒律	かいりつ	(religious) precept, discipline, commandment, mitzvah	
改まる	あらたまる	to be renewed, to change	
改めて	あらためて	another time, again, over again, once again, anew	
改める	あらためる	to change, to alter, to revise, to replace	
改革	かいかく	reform, reformation, reorganization	
改憲	かいけん	constitutional change, revising the constitution	
改札	かいさつ	examination of tickets	
改札口	かいさつぐち	ticket barrier, ticket gate, wicket	
改宗	かいしゅう	religious conversion	
改修	かいしゅう	repair, improvement	
改新	かいしん	reformation	
改正	かいせい	revision, amendment, alteration	
改選	かいせん	election (for a seat or position at the end of a term)	
改善	かいぜん	betterment, improvement	
改組	かいそ	reorganization, reorganisation, reshuffle	
改装	かいそう	remodelling, remodeling, reorganization, reorganisation	
改造	かいぞう	remodeling, remodelling, reconstruction, conversion, alteration, renovation, modification, reshuffling (e.g. a cabinet), reorganization, restructuring	
改築	かいちく	structural alteration (of a building), reconstruction, rebuilding, remodelling, remodeling	
改定	かいてい	revision (of a rule, price, etc.), alteration, change	
改訂	かいてい	revision (of text), alteration, change	
改訂版	かいていばん	revised edition	
改編	かいへん	reorganization, reorganisation	
改名	かいめい	name change	
改良	かいりょう	improvement, reform	
改ざん	かいざん	alteration, falsification, faking	
海	うみ	sea, ocean, waters	
海域	かいいき	area of sea, waters	
海運	かいうん	maritime transport, shipping	
海王星	かいおうせい	Neptune (planet)	
海外	かいがい	foreign, abroad, overseas	
海岸	かいがん	seashore, coast, seaside, waterfront, beach	
海岸線	かいがんせん	coastline, shoreline	
海峡	かいきょう	channel (e.g. between two land masses), strait	
海軍	かいぐん	navy, naval force	
海溝	かいこう	oceanic trench, deep-sea trench, deep	
海産物	かいさんぶつ	marine products	
海上	かいじょう	(on the) sea, surface of the sea	
海水	かいすい	seawater, saltwater	
海水浴	かいすいよく	swimming in the ocean, sea bathing, seawater bath, going for a dip in the ocean	
海水浴場	かいすいよくじょう	swimming area (in the ocean), swimming beach, seawater baths	
海藻	かいそう	seaweed	
海賊	かいぞく	pirate	
海苔	のり	nori, laver, edible seaweed, usu. Porphyra yezoensis or P. tenera, usu. dried and pressed into sheets	
海中	かいちゅう	in the sea	
海底	かいてい	bottom of the ocean, seafloor, seabed	
海豚	いるか	dolphin (or other small toothed whales, incl. porpoises, belugas, etc.)	
海難	かいなん	accident at sea, sea disaster, shipwreck	
海抜	かいばつ	height above sea level	
海浜	かいひん	seashore, seaside, beach	
海兵隊	かいへいたい	Marine Corps, Royal Marines	
海辺	うみべ	beach, seashore, seaside, coast	
海面	かいめん	sea level, (surface of) sea	
海洋	かいよう	ocean, sea	
海流	かいりゅう	ocean current	
海路	かいろ	sea route	
灰	はい	ash, ashes	
灰皿	はいざら	ashtray	
灰色	はいいろ	grey, gray, ashen	
界隈	かいわい	neighborhood, neighbourhood, vicinity	
皆	みな	everyone, everybody, all	
皆さん	みなさん	all, everyone, everybody	
皆無	かいむ	nonexistent, nil, none, nothing (at all), bugger-all	
皆目	かいもく	entirely, (not) at all	
皆様	みなさま	everyone	
絵	え	picture, drawing, painting, sketch	
絵の具	えのぐ	paint, coloring materials, colors, colours	
絵画	かいが	painting, picture	
絵巻	えまき	picture scroll	
絵巻物	えまきもの	picture scroll	
絵文字	えもじ	emoji	
絵本	えほん	picture book	
辛子	からし	mustard	
蟹	かに	crab	
開き直る	ひらきなおる	to become defiant, to fight back, to turn upon, to take the offensive	
開く	ひらく	to open, to undo, to unseal, to unpack	
開ける	あける	to open (a door, etc.), to unwrap (e.g. parcel, package), to unlock	
開ける	ひらける	to open out (of a view, scenery, etc.), to spread out, to become clear (of a road, visibility, etc.), to open up	
開演	かいえん	curtain raising, starting (e.g. play, concert)	
開花	かいか	flowering, blooming, blossoming, coming into bloom	
開会	かいかい	opening of a meeting	
開館	かいかん	opening (for that day's business; of a library, museum, cinema, etc.)	
開業	かいぎょう	opening a business, opening a practice	
開業医	かいぎょうい	private clinician, physician in private practice	
開局	かいきょく	opening (of a broadcasting station, post office, bureau, etc.), establishment	
開口	かいこう	opening, aperture (e.g. camera)	
開校	かいこう	opening a school	
開港	かいこう	opening a port (seaport, airport, etc.), starting operations at a port	
開墾	かいこん	cultivating new land, clearing, reclamation	
開催	かいさい	holding (a conference, exhibition, etc.), opening, hosting (e.g. the Olympics)	
開始	かいし	start, commencement, beginning, initiation	
開示	かいじ	release (of information, documents, etc.), disclosure, display	
開城	かいじょう	surrender of a castle, surrender of a fortress, capitulation of a stronghold	
開場	かいじょう	opening (the doors of a venue)	
開設	かいせつ	establishment, opening, setting up, inauguration	
開戦	かいせん	outbreak of war, starting a war	
開拓	かいたく	reclamation (e.g. of wasteland), cultivation, development	
開拓者	かいたくしゃ	pioneer, settler, colonist	
開通	かいつう	opening (of a new road, railway, etc.), going into operation (e.g. telephone communication), beginning services	
開廷	かいてい	court session, trial	
開店	かいてん	opening a new shop	
開発	かいはつ	development, exploitation (of resources)	
開発途上国	かいはつとじょうこく	developing country	
開票	かいひょう	counting ballots, tally (of votes)	
開封	かいふう	opening (a letter, parcel, etc.), breaking the seal	
開閉	かいへい	opening and shutting, opening and closing	
開放	かいほう	opening (a door, window, etc.), leaving open	
開幕	かいまく	raising the curtain	
階	かい	storey, story, floor	
階級	かいきゅう	(social) class	
階層	かいそう	class, level, stratum, layer, hierarchy	
階段	かいだん	stairs, stairway, staircase	
貝	かい	shellfish	
貝殻	かいがら	seashell, shell	
外	そと	outside, exterior	
他	ほか	another place, some other place, somewhere else, outside	
外す	はずす	to remove, to take off, to detach, to unfasten, to undo	
他に	ほかに	else, in addition, besides	
外れ	はずれ	end, verge, extremity, tip, outskirts	
外れる	はずれる	to be disconnected, to get out of place, to be off, to be out (e.g. of gear)	
外圧	がいあつ	external pressure, outside pressure, foreign pressure	
外科	げか	surgery (branch of medicine)	
外科医	げかい	surgeon	
外貨	がいか	foreign currency, foreign money, foreign exchange	
外角	がいかく	external angle, exterior angle	
外郭	がいかく	outer fence, outer enclosure, outer block	
外郭団体	がいかくだんたい	auxiliary organization (organisation), extra-departmental body, fringe organization	
外観	がいかん	outward appearance, exterior appearance, outward show, looks	
外気	がいき	open air	
外見	がいけん	outward appearance, looks	
外交	がいこう	diplomacy	
外交官	がいこうかん	diplomat	
外国	がいこく	foreign country	
外国語	がいこくご	foreign language	
外国人	がいこくじん	foreigner, foreign citizen, foreign national, alien, non-Japanese	
外資	がいし	foreign capital (e.g. in a company), foreign investment	
外車	がいしゃ	foreign-made car, imported car	
外需	がいじゅ	foreign demand	
外出	がいしゅつ	going out, outing, leaving (one's home, office, etc.)	
外傷	がいしょう	external injury, external wound, (physical) trauma	
外食	がいしょく	eating out, dining out	
外信	がいしん	external communication	
外人	がいじん	foreigner (esp. one of European ancestry), gaijin	
外相	がいしょう	Foreign Minister	
外電	がいでん	foreign telegram	
外付け	そとづけ	external (hard drive, disk drive, etc.)	
外部	がいぶ	outside (e.g. of a building), exterior	
外米	がいまい	foreign rice	
外壁	がいへき	outer wall	
外堀	そとぼり	outer moat (of a castle)	
外務	がいむ	foreign affairs	
外務省	がいむしょう	Ministry of Foreign Affairs	
外面	がいめん	outer surface, outside, exterior	
外野	がいや	outfield	
外野手	がいやしゅ	outfielder	
外遊	がいゆう	foreign travel	
外来	がいらい	foreign, imported	
外来語	がいらいご	loanword (in Japanese, esp. those of Western origin), foreign-origin word	
咳	せき	cough, coughing, tussis	
害	がい	injury, harm, evil influence, damage	
害虫	がいちゅう	harmful insect, noxious insect, pest, vermin	
崖	がけ	cliff, precipice	
概況	がいきょう	outlook, general situation	
概算	がいさん	approximation, rough estimate, ballpark figure	
概念	がいねん	general idea, concept, notion	
概要	がいよう	outline, summary, overview, synopsis, abstract, abridgment, abridgement	
概略	がいりゃく	outline, summary, gist, in brief	
概論	がいろん	introduction, outline, general remarks	
蓋	ふた	cover, lid, cap	
街	がい	street, quarter, district, area	
街角	まちかど	street corner	
街灯	がいとう	street light, streetlamp	
街頭	がいとう	(on the) street	
街道	かいどう	highway (esp. one existing from the Edo period), main road	
街路	がいろ	road, street, avenue	
街路樹	がいろじゅ	roadside trees	
該当	がいとう	corresponding to, being applicable to, being relevant to, coming under, falling under, fulfilling (requirements), meeting (conditions), qualifying for	
鎧	よろい	armor, armour	
骸骨	がいこつ	skeleton	
垣	かき	fence, hedge, railing	
垣間見る	かいまみる	to take a peep at, to catch a glimpse of	
垣根	かきね	hedge, fence	
柿	かき	kaki, Japanese persimmon (Diospyros kaki)	
各	かく	each, every, all	
各位	かくい	everyone, each and every one (of you), ladies and gentlemen	
各国	かっこく	each country, every country, various countries, all countries	
各自	かくじ	each (person), everyone, individual, respective	
各種	かくしゅ	every kind, all sorts	
各地	かくち	each place, every place, various places, all parts (of the country, world, etc.)	
拡散	かくさん	spreading, disseminating, scattering	
拡充	かくじゅう	expansion	
拡大	かくだい	expansion, extension	
拡張	かくちょう	expansion, extension, enlargement	
格	かく	status, position, rank	
格安	かくやす	(very) cheap, (very) inexpensive, cut-price, bargain (price)	
格差	かくさ	qualitative difference, disparity, gap	
格子	こうし	lattice, latticework, window bars, grid, grating, trellis	
格上げ	かくあげ	status elevation, upgrading, promotion	
格段	かくだん	dramatic (improvement), remarkable (difference), marked, noticeable	
格闘	かくとう	(hand-to-hand) fight, grapple, scuffle, tussle	
格付け	かくづけ	rating, ranking, grading, classification	
格別	かくべつ	particular, special, exceptional, especial	
核	かく	stone (of a fruit), pit, pip	
核家族	かくかぞく	nuclear family	
核酸	かくさん	nucleic acid	
核実験	かくじっけん	nuclear (bomb) test	
核心	かくしん	core, heart (of the matter), point, crux, kernel	
核弾頭	かくだんとう	nuclear warhead	
核燃料	かくねんりょう	nuclear fuel	
核武装	かくぶそう	nuclear arms	
核分裂	かくぶんれつ	nuclear fission	
核兵器	かくへいき	nuclear weapon	
核融合	かくゆうごう	nuclear fusion	
殻	から	shell, husk, hull, pod, chaff	
獲得	かくとく	acquisition, possession	
獲物	えもの	prey, catch, kill, game	
確かめる	たしかめる	to make sure, to check, to ascertain, to confirm, to verify	
確固	かっこ	firm, unshakeable, resolute	
確執	かくしつ	discord, antagonism	
確実	かくじつ	certain, sure, definite, reliable, sound, solid, safe, secure	
確信	かくしん	conviction, belief, confidence	
確定	かくてい	decision, settlement, confirmation, establishment	
確認	かくにん	confirmation, verification, validation, review, check, affirmation, identification	
確保	かくほ	securing, obtaining, ensuring, guarantee, maintaining	
確約	かくやく	firm promise, definite promise	
確率	かくりつ	probability, likelihood, chances	
確立	かくりつ	establishment, settlement	
覚え	おぼえ	memory, sense, experience	
覚える	おぼえる	to memorize, to memorise, to commit to memory, to learn by heart, to bear in mind, to remember	
覚ます	さます	to awaken, to arouse from sleep	
覚める	さめる	to wake, to wake up	
覚悟	かくご	readiness, (mental) preparedness	
角	かく	angle	
角	かど	corner, edge	
角	つの	horn, antler	
角度	かくど	angle	
角膜	かくまく	cornea	
閣下	かっか	your Excellency, his Excellency, her Excellency	
閣議	かくぎ	cabinet meeting	
閣僚	かくりょう	cabinet ministers	
隔たり	へだたり	distance, interval, gap, difference, estrangement	
隔たる	へだたる	to be distant	
隔て	へだて	partition, distinction	
隔てる	へだてる	to separate (by distance, time, etc.), to isolate, to partition, to divide	
隔月	かくげつ	every second month, every other month	
隔離	かくり	isolation, segregation, separation, quarantine	
革靴	かわぐつ	leather shoes, leather boots	
革新	かくしん	reform, innovation	
革命	かくめい	revolution	
学ぶ	まなぶ	to learn, to study, to take lessons in	
学位	がくい	(academic) degree	
学院	がくいん	institute, academy	
学園	がくえん	educational institution, school, academy, campus	
学科	がっか	subject (of study), course of study	
学会	がっかい	learned society, scientific society, academy, academic meeting, academic conference	
学界	がっかい	academic world, academia, academic circles, scientific world, learned circles	
学割	がくわり	student discount	
学期	がっき	school term, semester	
学究	がっきゅう	scholar, student	
学級	がっきゅう	(school) class	
学業	がくぎょう	studies, schoolwork, classwork	
学区	がっく	school district, school area	
学芸	がくげい	arts and sciences, liberal arts	
学校	がっこう	school	
学士	がくし	university graduate, bachelor	
学識	がくしき	scholarship, scientific attainments	
学者	がくしゃ	scholar, academic, scientist	
学習	がくしゅう	learning, study	
学術	がくじゅつ	science, learning, scholarship, arts and sciences, academic pursuits	
学生	がくせい	student (esp. a university student)	
学生時代	がくせいじだい	student days	
学説	がくせつ	theory	
学卒	がくそつ	college graduate	
学長	がくちょう	(university) president, chancellor, principal, provost	
学徒	がくと	student, follower, students and pupils	
学童	がくどう	schoolchild, pupil	
学内	がくない	within the school	
学年	がくねん	academic year, school year	
学費	がくひ	tuition, school expenses	
学部	がくぶ	faculty (of a university), school, college, department	
学問	がくもん	study, scholarship, learning, education, knowledge	
学友	がくゆう	school friend	
学力	がくりょく	scholarly ability, scholarship, knowledge, literary ability	
学齢	がくれい	school age	
学歴	がくれき	academic background, academic credentials, academic record	
岳	たけ	(high) mountain, Mount, Mt.	
楽	らく	comfort, ease, relief, (at) peace, relaxation	
楽しい	たのしい	enjoyable, fun, pleasant, happy, delightful	
楽しみ	たのしみ	enjoyment, pleasure, amusement, delight, joy, fun, diversion, hobby	
楽しむ	たのしむ	to enjoy, to take pleasure in, to have a good time, to have fun, to amuse oneself	
楽園	らくえん	paradise, Eden	
楽屋	がくや	dressing room, green room, backstage	
楽観	らっかん	optimism, taking an optimistic view	
楽観的	らっかんてき	optimistic, hopeful	
楽器	がっき	musical instrument	
楽曲	がっきょく	musical composition, tune	
楽章	がくしょう	movement	
楽隊	がくたい	band, orchestra	
楽団	がくだん	orchestra, band	
楽天家	らくてんか	optimist, easy-going person	
楽天的	らくてんてき	optimistic	
楽譜	がくふ	score, sheet music	
額	がく	(picture) frame, framed picture	
額	ひたい	forehead, brow	
額縁	がくぶち	(picture) frame	
額面	がくめん	face value, par	
顎	あご	jaw, chin	
掛かる	かかる	to take (a resource, e.g. time or money)	
掛け	かけ	credit	
掛ける	かける	to hang up (e.g. a coat, a picture on the wall), to let hang, to suspend (from), to hoist (e.g. sail), to raise (e.g. flag)	
笠	かさ	conical hat (East-Asian style), coolie hat	
潟	かた	lagoon	
裂く	さく	to tear, to rip up	
割り引く	わりびく	to discount, to reduce (the price), to take off (a percentage)	
割り出す	わりだす	to calculate, to compute	
割り切る	わりきる	to find a clear solution, to come to a clean decision, to give a clear explanation, to reason out, to conclude, to be pragmatic, to be practical	
割り当てる	わりあてる	to assign, to allot, to allocate, to divide among, to distribute, to prorate, to apportion	
割る	わる	to divide	
割れる	われる	to break, to be smashed	
割譲	かつじょう	cession (of territory)	
喝破	かっぱ	arguing (someone) down, loudly scolding, rebuking	
恰も	あたかも	as if, as it were, as though	
括る	くくる	to tie up, to tie together, to bind, to bundle, to fasten	
括弧	かっこ	brackets, parentheses	
活気	かっき	energy, vigour, vigor, liveliness, spirit, life, animation	
活況	かっきょう	activity, briskness, prosperity	
活字	かつじ	printing type, movable type	
活性	かっせい	activity	
活動	かつどう	activity (of a person, organization, animal, volcano, etc.), action, operation	
活動家	かつどうか	activist	
活発	かっぱつ	lively, active, vigorous, animated, brisk	
活躍	かつやく	activity (esp. energetic or successful), great efforts, active participation	
活用	かつよう	practical use, application, making good use of, putting to good use, capitalizing on	
活力	かつりょく	vitality, energy, dynamism	
活路	かつろ	means of survival, means of escape, way out of a difficulty	
渇き	かわき	thirst	
渇く	かわく	to be thirsty, to feel thirsty	
渇水	かっすい	water shortage	
渇望	かつぼう	craving, longing, thirsting	
滑らか	なめらか	smooth (of a surface), glassy, velvety, soft	
滑る	すべる	to slide, to glide, to skate, to ski	
滑稽	こっけい	funny, comical, humorous, laughable	
滑降	かっこう	descent (esp. in skiing), sliding down, skiing down	
滑走	かっそう	gliding, sliding, skating (on ice), skiing, glide, slide	
滑走路	かっそうろ	runway, airstrip, landing strip, flight strip	
葛	くず	kudzu (Pueraria montana), Japanese arrowroot	
葛藤	かっとう	conflict, complication, troubles, discord	
褐色	かっしょく	dark brown, colour of tanned skin	
且つ	かつ	and, moreover, besides, as well as, and on top of that, at the same time	
叶う	かなう	to come true (of a wish, prayer, etc.), to be realized, to be fulfilled	
叶える	かなえる	to grant (request, wish), to answer (prayer)	
鞄	かばん	bag, satchel, briefcase, basket	
株	かぶ	stock, share	
株価	かぶか	stock prices	
株券	かぶけん	stock certificate	
株式	かぶしき	share (in a company), stock	
株式会社	かぶしきがいしゃ	stock company, corporation, kabushiki kaisha, KK	
株主	かぶぬし	shareholder, stockholder	
兜	かぶと	helmet (of a warrior), headpiece	
蒲公英	たんぽぽ	dandelion (esp. species Taraxacum platycarpum)	
釜	かま	iron pot, kettle	
噛み付く	かみつく	to bite (at), to snap at	
噛む	かむ	to bite	
鴨	かも	duck	
粥	かゆ	thin rice porridge, watery cooked rice, rice gruel, congee	
刈り込む	かりこむ	to prune, to trim, to cut back, to clip	
刈り取る	かりとる	to mow, to reap, to harvest	
刈り入れ	かりいれ	harvest	
刈る	かる	to cut (grass, hair, etc.), to mow, to clip, to trim, to prune, to shear, to reap, to harvest	
瓦	かわら	tile (e.g. roof)	
瓦礫	がれき	rubble, debris, wreckage, tiles and pebbles	
乾かす	かわかす	to dry (clothes, etc.), to desiccate	
乾く	かわく	to get dry	
乾燥	かんそう	dryness, aridity, drying (e.g. clothes), dehydration, desiccation	
乾電池	かんでんち	dry cell battery	
冠婚葬祭	かんこんそうさい	important ceremonial occasions in family relationships	
寒い	さむい	cold (e.g. weather)	
寒さ	さむさ	coldness	
寒気	さむけ	chill, the shivers, shivering fit	
寒村	かんそん	poor village, desolate village, lonely village, remote village	
寒暖計	かんだんけい	thermometer	
寒中	かんちゅう	mid-winter, cold season	
寒波	かんぱ	cold wave	
寒冷	かんれい	cold, coldness, chilliness	
刊行	かんこう	publication, issue	
勘	かん	perception, intuition, the sixth sense	
勘違い	かんちがい	misunderstanding, mistaken idea, wrong guess	
勘定	かんじょう	calculation, computation, counting, reckoning, count	
勘弁	かんべん	pardon, forgiveness, forbearance	
勧め	すすめ	recommendation, advice, suggestion, encouragement	
勧業	かんぎょう	(encouragement of) industry	
勧告	かんこく	advice, counsel, remonstrance, recommendation	
勧奨	かんしょう	encouragement, stimulation	
勧進	かんじん	temple solicitation	
勧善懲悪	かんぜんちょうあく	rewarding good and punishing evil, poetic justice	
勧誘	かんゆう	invitation, solicitation, canvassing, canvasing, inducement, persuasion, encouragement	
巻	まき	roll (e.g. of cloth)	
巻き込む	まきこむ	to roll up, to enfold, to swallow up	
巻く	まく	to wind, to coil, to roll, to wear (e.g. turban, scarf)	
巻末	かんまつ	end of a book	
喚く	わめく	to shout, to cry (out), to yell, to scream, to clamour	
喚起	かんき	arousal, excitation, awakening, evocation	
喚問	かんもん	summons	
耐える	たえる	to bear, to stand, to endure, to put up with	
堪らない	たまらない	intolerable, unbearable, unendurable	
堪能	たんのう	proficient, skilled, skillful, good, accomplished	
喧しい	やかましい	noisy, loud, clamorous, boisterous	
完結	かんけつ	conclusion, completion	
完遂	かんすい	successful execution, accomplishment, completion, fulfillment, carrying through	
完成	かんせい	completion, perfection, accomplishment	
完全	かんぜん	perfect, complete	
完走	かんそう	finishing (a race), running the whole distance, reaching the goal, staying the course	
完敗	かんぱい	(suffering a) complete defeat, utter defeat, annihilation	
完封	かんぷう	total blockage, complete shutdown, stopping completely	
完了	かんりょう	completion, conclusion	
官界	かんかい	bureaucracy	
官憲	かんけん	officials, authorities	
官公庁	かんこうちょう	government and municipal offices, public agencies	
官庁	かんちょう	government office, government agency, authorities	
官邸	かんてい	official residence (e.g. of the prime minister)	
官報	かんぽう	official daily gazette, official telegram	
官房	かんぼう	government secretariat	
官房長官	かんぼうちょうかん	Chief Cabinet Secretary (Japan)	
官吏	かんり	government official, public servant, civil servant	
官僚	かんりょう	bureaucrat, government official, bureaucracy	
寛ぐ	くつろぐ	to relax, to feel at home	
寛大	かんだい	tolerant, generous, lenient, broad-minded, magnanimous	
寛容	かんよう	tolerance, open-mindedness, forbearance, generosity, magnanimity	
干る	ひる	to dry (up), to become parched	
干潟	ひがた	tidal flat, tideland	
干渉	かんしょう	interference, intervention, meddling	
干拓	かんたく	land reclamation (from sea)	
干満	かんまん	ebb and flow	
幹事	かんじ	executive secretary, coordinator, organizer, person in charge of making arrangements	
幹線	かんせん	main line, trunk line	
幹部	かんぶ	management, (executive) staff, leaders, leadership, top brass, upper echelons	
患う	わずらう	to be ill, to suffer from	
患者	かんじゃ	patient	
患部	かんぶ	affected part, diseased part, wound	
感じ	かんじ	feeling, sense, impression	
感じる	かんじる	to feel, to sense, to experience	
感じ取る	かんじとる	to perceive, to sense, to take in, to grasp, to feel	
感化	かんか	influence (on someone), inspiration	
感慨	かんがい	deep emotion, strong feelings	
感慨無量	かんがいむりょう	deep emotion, being filled with emotion	
感覚	かんかく	sense, sensation, feeling, intuition	
感激	かんげき	deep emotion, impression, inspiration	
感謝	かんしゃ	thanks, gratitude, appreciation, thankfulness	
感受性	かんじゅせい	sensitivity, sensibility, susceptibility, receptivity	
感情	かんじょう	emotion, feeling, feelings, sentiment	
感触	かんしょく	feel (of something), touch, texture, sensation	
感心	かんしん	admiration, being impressed	
感性	かんせい	sensitivity, sensitiveness, sense (of ...)	
感染	かんせん	infection, contagion, becoming infected	
感想	かんそう	impressions, thoughts, feelings, reactions	
感嘆	かんたん	admiration, wonder, astonishment	
感度	かんど	sensitivity (e.g. of a measuring instrument), reception (radio, TV, etc.)	
感動	かんどう	being deeply moved emotionally, excitement, passion, inspiration, deep emotion, strong impression	
感銘	かんめい	deep impression, being deeply moved, being deeply touched	
感涙	かんるい	tears (from being deeply moved), tears of gratitude	
慣らす	ならす	to accustom, to train (e.g. one's ear)	
慣れ	なれ	practice, experience, habituation	
慣れる	なれる	to get used to, to grow accustomed to, to become familiar with	
慣行	かんこう	customary practice, habit, traditional event	
慣習	かんしゅう	custom, convention, common practice	
慣用句	かんようく	idiom, set phrase, idiomatic phrase	
慣例	かんれい	custom, practice, convention, precedent	
換気	かんき	ventilation	
換気扇	かんきせん	ventilation fan, extractor fan	
換金	かんきん	realization (of goods into money), conversion (into money), liquidation	
換算	かんさん	conversion (e.g. yen to dollars), change, exchange, translation (numerical)	
敢えて	あえて	purposely (of something needless, unexpected or seemingly counterproductive, etc.), daringly (doing something), deliberately, intentionally	
敢行	かんこう	decisive action, going through with, daring to do, carrying out	
敢然	かんぜん	boldly, bravely, resolutely, determinedly	
敢闘	かんとう	fighting bravely	
歓楽街	かんらくがい	entertainment district, amusement area, pleasure quarter, red-light district	
歓喜	かんき	delight, great joy	
歓迎	かんげい	welcome, (warm) reception	
歓声	かんせい	cheer, shout of joy	
歓待	かんたい	warm welcome, friendly reception, hospitality, entertainment	
歓談	かんだん	pleasant talk, chat	
汗	あせ	sweat, perspiration	
漢語	かんご	Japanese word of Chinese origin, Sino-Japanese word	
漢詩	かんし	Chinese poem, Chinese poetry	
漢字	かんじ	kanji, Chinese character	
漢文	かんぶん	Chinese classical writing, Chinese classics	
漢方薬	かんぽうやく	Chinese herbal medicine	
漢和	かんわ	China and Japan	
灌漑	かんがい	irrigation	
環境	かんきょう	environment, surroundings, circumstances	
環境庁	かんきょうちょう	Environment Agency	
環礁	かんしょう	atoll, circular coral reef	
環状	かんじょう	annulation, ring shape, loop shape	
甘い	あまい	sweet-tasting, sweet, sugary, sugared	
甘え	あまえ	overdependence (on others; usu. one's fosterers or seniors), lack of self-reliance, presumed acceptance (of one's behaviour), presumed benevolence, attention-seeking (behavior)	
甘える	あまえる	to behave like a spoiled child, to fawn on	
甘やかす	あまやかす	to pamper, to spoil	
甘言	かんげん	sweet words, smooth talk, cajolery, flattery, sycophancy	
甘酢	あまず	sweet vinegar	
甘美	かんび	sweet (taste), luscious	
甘味料	かんみりょう	sweetener (sugar, honey, saccharin, maltose, etc.), sweetening agent, sweetening	
監禁	かんきん	confinement, imprisonment, incarceration	
監獄	かんごく	prison	
監査役	かんさやく	auditor, inspector	
監察	かんさつ	inspection, inspector	
監視	かんし	monitoring, watching, observation, surveillance, guarding, supervision, lookout	
監修	かんしゅう	(editorial) supervision, general editorship	
監督	かんとく	supervision, control, superintendence, direction	
監理	かんり	superintendence, supervision, administration	
看る	みる	to look after (often medically), to take care of	
看過	かんか	overlooking, turning a blind eye	
看護	かんご	nursing, (army) nurse	
看護婦	かんごふ	(female) nurse	
看守	かんしゅ	prison guard, warder, jailer, gaoler	
看板	かんばん	signboard, sign, billboard, hoarding, doorplate	
看病	かんびょう	nursing (a patient)	
竿	さお	rod, pole	
管轄	かんかつ	jurisdiction, control	
管区	かんく	jurisdiction	
管弦楽	かんげんがく	orchestral music	
管弦楽団	かんげんがくだん	orchestra	
管制	かんせい	control (by the state), controlling, coordination	
管制塔	かんせいとう	control tower	
管内	かんない	within the jurisdiction (of), one's jurisdiction	
管理	かんり	control, management (e.g. of a business)	
管理者	かんりしゃ	manager, administrator, landlord, warden, superintendent, supervisor, custodian	
管理職	かんりしょく	management, managerial position, administrative post, person in a managerial position	
管理人	かんりにん	administrator, janitor, manager, concierge, caretaker, superintendent, supervisor	
簡易	かんい	simple, simplified	
簡潔	かんけつ	concise, brief, succinct, compact (style)	
簡素	かんそ	simple, plain, modest	
簡単	かんたん	simple, easy, uncomplicated	
簡略	かんりゃく	simple, brief	
緩い	ゆるい	loose	
緩む	ゆるむ	to become loose, to slacken (e.g. rope)	
緩める	ゆるめる	to loosen, to slacken	
緩やか	ゆるやか	loose, slack	
緩急	かんきゅう	high and low speed, fast and slow, pace, tempo	
緩衝地帯	かんしょうちたい	buffer zone	
緩慢	かんまん	slow, sluggish, dull, slack, inactive	
緩和	かんわ	relief, mitigation, alleviation, relaxation (of restrictions, tensions, etc.), easing, softening	
缶	かん	can, tin	
缶詰	かんづめ	canned food, tinned food	
肝	きも	liver, innards	
肝炎	かんえん	hepatitis	
肝硬変	かんこうへん	cirrhosis (of the liver)	
肝臓	かんぞう	liver	
肝要	かんよう	extremely important, essential, vital, crucial	
艦	かん	warship	
艦船	かんせん	warships and other vessels	
艦隊	かんたい	(naval) fleet, armada	
艦艇	かんてい	naval vessels, warships	
観	かん	look, appearance	
観客	かんきゃく	spectator, audience	
観劇	かんげき	theatre-going, theater-going	
観光	かんこう	sightseeing, tourism	
観光客	かんこうきゃく	tourist	
観察	かんさつ	observation, survey, watching	
観衆	かんしゅう	spectators, onlookers, members of the audience	
観賞	かんしょう	admiration, appreciation, enjoyment, viewing (for pleasure)	
観戦	かんせん	watching a (sports) game, spectating, observing (military operations)	
観測	かんそく	observation, survey, measurement	
観点	かんてん	point of view, viewpoint, standpoint, perspective, angle	
観念	かんねん	idea, notion, concept, conception	
観覧	かんらん	viewing	
貫き通す	つらぬきとおす	to go through, to pierce, to penetrate	
貫く	つらぬく	to go through, to pierce, to penetrate	
貫通	かんつう	passing through (of a tunnel, bullet, etc.), going (right) through, penetrating, piercing	
貫徹	かんてつ	accomplishment, realization, attainment, fulfillment, achievement	
還元	かんげん	restoration, return	
還流	かんりゅう	return current, reflux, back flow	
還暦	かんれき	kanreki, one's 60th birthday (or 61st in the traditional age reckoning system) when one has lived through a full sexagenary cycle	
鑑賞	かんしょう	appreciation (of art, music, poetry, etc.)	
鑑定	かんてい	judgement, judgment, expert opinion, appraisal	
鑑別	かんべつ	discrimination, judgement, judgment, separation, sorting	
間	あいだ	space (between), gap, interval, distance, stretch	
間	ま	time, pause	
間に合う	まにあう	to be in time (for)	
間もなく	まもなく	soon, shortly, before long, in a short time, in a little while	
間違い	まちがい	mistake, error, blunder	
間違える	まちがえる	to make a mistake (in), to commit an error, to get wrong, to do incorrectly	
間一髪	かんいっぱつ	hair's breadth	
間隔	かんかく	space, interval	
間近	まぢか	near, close (to), nearby	
間口	まぐち	frontage, width (of a building, plot of land, etc.)	
間際	まぎわ	the point just before ..., the point of (doing), the verge (of), the eve (of)	
間借り	まがり	renting a room	
間取り	まどり	layout (of a house or apartment), arrangement of rooms	
間食	かんしょく	eating between meals, snacking	
間接	かんせつ	indirection, indirectness	
間接税	かんせつぜい	indirect tax	
間接的	かんせつてき	indirect	
間中	あいだじゅう	during	
間抜け	まぬけ	stupid, foolish, idiotic, inane	
間柄	あいだがら	relationship, relation, terms (good, friendly, etc.)	
閑散	かんさん	deserted (esp. store, market, town, streets), quiet, still, hushed, empty	
閑静	かんせい	quiet (e.g. neighbourhood), peaceful, tranquil	
関	せき	barrier, gate	
関する	かんする	to concern, to be related	
関係	かんけい	relation, relationship, connection	
関係者	かんけいしゃ	person concerned, people involved (in an event), those concerned, staff	
関心	かんしん	concern, interest	
関心事	かんしんじ	matter of concern, matter of interest	
関西	かんさい	Kansai (region comprising Kyoto, Osaka, Kobe and surrounding prefectures)	
関西弁	かんさいべん	Kansai dialect	
関税	かんぜい	customs (duties), duty, tariff	
関節	かんせつ	joint	
関知	かんち	(one's) concern, having (something) to do with	
関東	かんとう	Kantō (region comprising Tokyo and surrounding prefectures)	
関門	かんもん	barrier, checkpoint, gateway	
関与	かんよ	participation, taking part in, participating in, being concerned in	
関連	かんれん	relation, connection, relevance	
関脇	せきわけ	wrestler of the third highest rank	
陥る	おちいる	to fall into (e.g. a hole)	
陥没	かんぼつ	cave-in, collapse, sinking, depression (e.g. of the skull), subsidence	
陥落	かんらく	subsidence, sinking, cave-in, collapse, falling in	
韓国	かんこく	South Korea, Republic of Korea	
韓国語	かんこくご	Korean (language; esp. as spoken in South Korea)	
館長	かんちょう	superintendent, director, curator, chief librarian	
丸	まる	circle	
丸っきり	まるっきり	completely, absolutely, totally, (not) at all	
丸で	まるで	quite, entirely, completely, at all	
丸み	まるみ	roundness, rotundity	
丸める	まるめる	to make round, to roll up, to curl up	
丸め込む	まるめこむ	to coax, to cajole, to wheedle, to win over, to seduce	
丸刈り	まるがり	buzz cut, close crop	
丸ごと	まるごと	in its entirety, whole, wholly	
丸太	まるた	log	
含み	ふくみ	implication, hidden meaning, latitude, atmosphere, tone, sentiment, inclusion	
含む	ふくむ	to contain, to comprise, to have, to hold, to include, to embrace	
含める	ふくめる	to include (in a group or scope)	
含蓄	がんちく	implication, significance, connotation, depth of meaning, complications of a problem	
含有	がんゆう	containing (an ingredient, mineral, etc.)	
岸	きし	bank, coast, shore	
岸壁	がんぺき	quay, wharf, jetty	
岸辺	きしべ	shore, bank (of a body of water)	
玩具	おもちゃ	toy	
癌	がん	cancer	
眼科	がんか	ophthalmology	
眼科医	がんかい	ophthalmologist, eye specialist	
眼差し	まなざし	(a) look, gaze	
岩	いわ	rock, boulder	
岩塩	がんえん	halite, rock salt	
岩屋	いわや	cavern, grotto	
岩間	いわま	among rocks	
岩山	いわやま	rocky mountain	
岩礁	がんしょう	reef	
岩石	がんせき	rock	
岩盤	がんばん	bedrock	
頑な	かたくな	obstinate, stubborn, mulish, die-hard, bigoted	
頑強	がんきょう	stubborn, dogged, persistent, tenacious	
頑固	がんこ	stubborn, obstinate, pigheaded	
頑丈	がんじょう	solid, firm, stout, burly, strong, sturdy	
頑張る	がんばる	to persevere, to persist, to keep at it, to hang on, to hold out, to do one's best	
顔	かお	face, visage	
顔を潰す	かおをつぶす	to make someone lose face, to embarrass someone, to make someone look foolish	
顔色	かおいろ	complexion, one's colour, one's color	
顔ぶれ	かおぶれ	personnel, members, lineup (of a team), roster, cast (of a play)	
顔つき	かおつき	(outward) looks, features, face, countenance, expression	
顔面	がんめん	face (of person)	
顔立ち	かおだち	looks, features	
願い	ねがい	desire, wish, hope	
願う	ねがう	to desire, to wish, to hope	
願わくは	ねがわくは	I pray, I wish	
願書	がんしょ	(written) application, written request, petition	
企てる	くわだてる	to plan, to plot, to propose, to design, to intend, to contemplate	
企み	たくらみ	plot, scheme, trick, design, intrigue, artifice, conspiracy	
企む	たくらむ	to scheme, to plan, to play a trick, to invent, to conspire, to frame up	
企画	きかく	planning, plan, project, arrangements	
企業	きぎょう	enterprise, business, company, corporation	
企業家	きぎょうか	industrialist, entrepreneur	
企図	きと	plan, project, scheme	
危うい	あやうい	dangerous, in danger, facing imminent danger	
危うく	あやうく	barely, narrowly	
危ない	あぶない	dangerous, risky, hazardous, perilous, precarious	
危ぶむ	あやぶむ	to fear, to doubt, to have misgivings about, to worry about, to be anxious about, to be apprehensive about	
危害	きがい	injury, harm, danger	
危機	きき	crisis, critical situation, emergency, pinch	
危急	ききゅう	emergency, crisis, imminent danger	
危険	きけん	danger, peril, hazard	
危険性	きけんせい	(degree of) risk, riskiness, danger	
危篤	きとく	critical condition, being on the verge of death	
喜ぶ	よろこぶ	to be delighted, to be glad, to be pleased, to rejoice	
喜んで	よろこんで	with pleasure, gladly, willingly, certainly	
喜劇	きげき	comedy	
喜寿	きじゅ	77th birthday	
喜怒哀楽	きどあいらく	human emotions (joy, anger, grief and pleasure), feelings	
器	うつわ	bowl, vessel, container	
器楽	きがく	instrumental music	
器官	きかん	organ	
器具	きぐ	utensil, implement, tool, instrument, appliance, apparatus	
器材	きざい	tools and materials, equipment and materials	
器物	きぶつ	receptacle, container, vessel	
器用	きよう	skillful, skilful, adroit, dexterous, dextrous, deft, nimble, handy	
基幹	きかん	mainstay, nucleus, key	
基金	ききん	fund, foundation	
基礎	きそ	foundation, basis	
基地	きち	base (military, expedition, etc.)	
基調	きちょう	basic tone, underlying tone, basic theme, basis, keynote	
基盤	きばん	base, basis, foundation, footing, infrastructure	
基本	きほん	basics, fundamentals, basis, foundation	
基本的	きほんてき	fundamental, basic	
奇異	きい	odd, strange, queer, peculiar	
奇怪	きかい	strange, wonderful, weird, outrageous, mysterious	
奇襲	きしゅう	surprise attack	
奇術	きじゅつ	magic, conjuring, sleight of hand, legerdemain	
奇数	きすう	odd number	
奇抜	きばつ	(very) unusual, unconventional, eccentric, novel, original, striking, bizarre, wild	
奇病	きびょう	strange disease, rare disease	
奇妙	きみょう	strange, odd, peculiar, queer, curious	
嬉しい	うれしい	happy, glad, pleased, delighted, overjoyed	
寄せ	よせ	yose, end game, last stage of a game, ending, (esp. in go) endgame moves that expand one's territory or reduce opponent's	
寄せる	よせる	to come near, to let someone approach	
寄せ集め	よせあつめ	mishmash, miscellany, medley, jumble, mixture, odds and ends	
寄り集まる	よりあつまる	to gather together	
寄り道	よりみち	dropping in on the way, stopping off at, making a side trip	
寄る	よる	to approach, to draw near, to come near, to be close to	
寄金	ききん	contribution, donation	
寄港	きこう	calling at a port	
寄宿舎	きしゅくしゃ	boarding house, residence hall, dormitory	
寄生	きせい	parasitism	
寄生虫	きせいちゅう	parasite	
寄席	よせ	entertainment hall (for rakugo, manzai, magic, music, etc.), vaudeville theater (theatre), music hall	
寄与	きよ	contribution, service	
岐路	きろ	forked road, crossroads	
希望	きぼう	hope, wish, aspiration	
幾	いく	some, several, a few	
幾つ	いくつ	how many	
幾つか	いくつか	(a) few, some, several	
幾ら	いくら	how much	
幾何	きか	geometry	
幾何学	きかがく	geometry	
幾日	いくにち	(for) how many days	
幾分	いくぶん	somewhat, to some extent, to some degree	
忌まわしい	いまわしい	abhorrent, abominable, detestable, disgusting, horrid, repugnant	
忌避	きひ	evasion, avoidance, shirking	
揮発	きはつ	volatilization, volatilisation	
机	つくえ	desk	
机上	きじょう	on the desk	
旗	はた	flag	
旗手	きしゅ	standard-bearer, flag-bearer	
旗色	はたいろ	situation, outlook	
旗揚げ	はたあげ	raising an army, raising a banner	
既に	すでに	already	
既往症	きおうしょう	illness that one had in the past, previous illness, medical history, anamnesis	
既婚	きこん	married	
既成	きせい	established, existing, accomplished, accepted, completed	
既成事実	きせいじじつ	established fact, fait accompli	
既製	きせい	ready-made, off the shelf	
既製服	きせいふく	ready-made clothes	
既存	きそん	existing	
既定	きてい	established, fixed, prearranged, predetermined	
既得権	きとくけん	vested rights	
期間	きかん	period, term, interval	
期限	きげん	term, period, time frame	
期待	きたい	expectation, anticipation, hope	
期日	きじつ	fixed date, appointed date, set date	
期末	きまつ	end of term	
棋士	きし	professional shogi player, professional go player	
棋譜	きふ	record of a game of go, shogi, chess, etc.	
棄却	ききゃく	rejection, dismissal, turning down, abandoning, renunciation	
棄権	きけん	abstention (from voting), renunciation (of a right), withdrawal (from a contest)	
機運	きうん	opportunity, chance, good time (to do)	
機会	きかい	chance, opportunity, occasion	
機械	きかい	machine, mechanism	
機械化	きかいか	mechanization, mechanisation	
機関	きかん	engine	
機関車	きかんしゃ	locomotive, engine	
機関銃	きかんじゅう	machine gun	
機器	きき	device, equipment, machinery, apparatus	
機嫌	きげん	humour, humor, temper, mood, spirits	
機構	きこう	mechanism, machinery	
機材	きざい	machinery and materials, equipment	
機種	きしゅ	model (of machine, device)	
機首	きしゅ	nose (of plane)	
機体	きたい	fuselage, airframe	
機長	きちょう	captain (of an aircraft)	
機動	きどう	maneuver (usu. of military force), manoeuvre	
機動隊	きどうたい	riot police, riot squad	
機内	きない	inside a plane, in-flight	
機能	きのう	function, facility, faculty, feature	
機敏	きびん	quick, prompt, alert, smart, clever, astute, shrewd, quick-witted	
機密	きみつ	secrecy, highly classified information	
機雷	きらい	(sea) mine	
帰す	かえす	to send (someone) back, to send (someone) home	
帰り	かえり	return, coming back	
帰り道	かえりみち	the way back, the way home, return trip	
帰る	かえる	to return, to come home, to go home, to go back	
帰依	きえ	becoming a devout believer, (religious) conversion	
帰化	きか	naturalization, naturalisation	
帰還	きかん	return (home), repatriation	
帰京	ききょう	returning (home) to Tokyo, returning to the capital	
帰国	きこく	return to one's country	
帰省	きせい	homecoming, returning home	
帰属	きぞく	belonging, ascription, attribution, imputation, possession, jurisdiction	
帰宅	きたく	returning home, going home, coming home, getting home	
帰途	きと	on the way back, returning	
帰路	きろ	return journey, one's way home, one's way back	
気	き	spirit, mind, heart	
気に入る	きにいる	to like, to be pleased with, to be delighted with, to take a liking to, to suit one's fancy	
気のせい	きのせい	(just) one's imagination	
気の毒	きのどく	pitiful, unfortunate, poor, miserable, wretched	
気まま	きまま	willful, wilful, selfish, self-centered, egoistic	
気圧	きあつ	atmospheric pressure, air pressure	
気違い	きちがい	madness, madman	
気温	きおん	(air) temperature	
気概	きがい	strong spirit, mettle, backbone, guts, fighting spirit	
気楽	きらく	carefree, comfortable, at ease	
気がかり	きがかり	worry, anxiety, concern	
気管	きかん	trachea, windpipe	
気管支	きかんし	bronchus, bronchial tube	
気球	ききゅう	balloon (hot-air, weather, etc.), blimp	
気軽	きがる	carefree, buoyant, lighthearted, sprightly	
気兼ね	きがね	constraint, reserve, feeling hesitant, being afraid of troubling someone	
気遣い	きづかい	consideration, concern, fear, worry, solicitude	
気候	きこう	climate	
気質	きしつ	disposition, temperament, nature, mentality, spirit, character, trait, turn of mind	
気取る	きどる	to be affected, to put on airs	
気象	きしょう	weather (conditions)	
気象学	きしょうがく	meteorology	
気象台	きしょうだい	meteorological observatory	
気象庁	きしょうちょう	(Japanese) Meteorological Agency, JMA	
気障	きざ	affected, smug, pompous, conceited, snobby, pretentious	
気丈	きじょう	stout-hearted, firm, courageous, brave, tough	
気心	きごころ	temper, disposition	
気勢	きせい	fervour, fervor, vigour, vigor, ardour, ardor, spirit	
気性	きしょう	disposition, temperament, temper, nature	
気晴らし	きばらし	recreation, diversion, relaxation	
気絶	きぜつ	faint, fainting, losing consciousness	
気前	きまえ	generosity	
気体	きたい	gas, vapour, vapor, gaseous body	
気筒	きとう	cylinder	
気配	けはい	indication, sign, hint, sensation, feeling	
気迫	きはく	spirit, soul, drive, vigor, vigour	
気づかれ	きづかれ	mental fatigue, worry, boredom	
気負い	きおい	eagerness, enthusiasm, fervor, excitement, fighting spirit, fighting mood	
気分	きぶん	feeling, mood	
気分転換	きぶんてんかん	change of pace, change of mood, (mental) break (e.g. going for a walk), refreshment	
気泡	きほう	(air) bubble (esp. in a liquid)	
気味	きみ	sensation, feeling	
気力	きりょく	willpower, energy, vitality	
汽車	きしゃ	train (esp. a long-distance train)	
汽船	きせん	steamship, steamboat, steamer	
汽笛	きてき	steam whistle	
祈り	いのり	prayer, supplication	
祈る	いのる	to pray, to say a prayer, to say grace	
祈願	きがん	prayer (for something), supplication	
祈念	きねん	prayer	
季刊	きかん	quarterly publication	
季語	きご	seasonal word (in haiku)	
季節	きせつ	season, time of year	
季節風	きせつふう	seasonal winds	
希少	きしょう	scarce, rare	
紀元	きげん	era	
紀元前	きげんぜん	pre-era, BC, BCE	
紀行	きこう	traveller's journal, traveler's journal, travelogue	
規格	きかく	standard, norm	
規制	きせい	regulation, (traffic) policing, control, restriction	
規則	きそく	rule, regulation	
規定	きてい	stipulation, prescription, provision, regulation, rule	
規程	きてい	official regulations, inner rules	
規模	きぼ	scale, scope, plan, structure	
規約	きやく	agreement, rules, code, protocol, convention, bylaw	
規律	きりつ	order, observance, discipline	
記す	しるす	to write down, to note down, to jot down, to take a note of	
記憶	きおく	memory, recollection, remembrance	
記号	きごう	sign, symbol, mark	
記載	きさい	mention (in a document), record, entry, statement, listing	
記事	きじ	article, news story, report, account	
記者	きしゃ	reporter, journalist	
記者会見	きしゃかいけん	press conference, news conference	
記述	きじゅつ	description, account	
記章	きしょう	medal, badge, insignia	
記帳	きちょう	registry, entry, book-keeping, signature	
記入	きにゅう	entry (in a form, register, diary, etc.), filling in, filling out	
記念	きねん	commemoration, celebration, remembrance, memory, honoring the memory of	
記念日	きねんび	memorial day, commemoration day, anniversary	
記念碑	きねんひ	commemorative plaque (usu. on a stone), stone monument (bearing an inscription)	
記録	きろく	record, document, minutes, recording, putting on record, keeping a record (of), writing down	
貴金属	ききんぞく	precious metal	
貴社	きしゃ	your company	
貴重	きちょう	precious, valuable	
貴重品	きちょうひん	valuable article, valuables	
貴族	きぞく	nobility, aristocracy, peerage	
貴賓	きひん	noble visitor	
貴方	あなた	you	
起きる	おきる	to get up, to rise, to blaze up (fire)	
起き上がる	おきあがる	to rise, to get up, to stand up, to sit up	
起こす	おこす	to raise, to raise up, to set up, to pick up	
起こる	おこる	to occur, to happen	
起因	きいん	to be caused by, to result from, to arise from, to stem from, to be due to	
起工	きこう	setting to work	
起債	きさい	issuing of bonds	
起死回生	きしかいせい	revival from the brink of death, recovering from a hopeless situation, resuscitation, revitalization	
起床	きしょう	rising (from one's bed), getting up, getting out of bed	
起訴	きそ	prosecution, indictment	
起草	きそう	drafting (e.g. a bill), drawing up	
起点	きてん	starting point, origin	
起動	きどう	startup, booting up, activation, starting (e.g. engine, computer), launch	
起爆	きばく	ignition, detonation, triggering, explosion	
起伏	きふく	undulation	
起用	きよう	appointment (to a position, job, etc.), being used for a role, promotion	
起立	きりつ	standing up	
軌跡	きせき	tire track	
軌道	きどう	orbit, trajectory	
輝かしい	かがやかしい	brilliant, glorious, glittering, bright, splendid (e.g. achievement, success), promising (e.g. future)	
輝き	かがやき	brightness, brilliance, brilliancy, radiance, glitter	
輝く	かがやく	to shine, to sparkle, to twinkle, to glitter, to glisten	
輝度	きど	brightness, luminance	
飢え	うえ	hunger, starvation	
飢える	うえる	to starve, to be famished, to be hungry	
飢餓	きが	starvation, famine, hunger	
騎士	きし	(medieval) knight	
騎手	きしゅ	horseman, rider, jockey	
騎馬	きば	horse riding, horseback riding, horseback rider	
騎兵	きへい	cavalry, cavalryman, trooper	
鬼	おに	ogre, demon, oni	
鬼才	きさい	wizard, genius, remarkable talent, exceptional ability	
亀	かめ	tortoise, turtle	
亀裂	きれつ	crack, crevice, fissure, chap, rift	
偽	にせ	imitation, fake, phony, counterfeit, forged, bogus, sham	
偽る	いつわる	to lie, to pretend, to feign, to falsify	
偽証	ぎしょう	false evidence, perjury, false testimony	
偽造	ぎぞう	forgery, counterfeiting, fabrication, falsification	
儀	ぎ	ceremony	
儀式	ぎしき	ceremony, rite, ritual, service	
儀礼	ぎれい	courtesy, etiquette, formality, protocol	
宜しい	よろしい	good, OK, all right, fine, very well, will do, may, can	
宜しく	よろしく	well, properly, suitably	
戯れ	たわむれ	play, sport, fun, caprice, joke, jest, flirtation	
戯れる	たわむれる	to be playful, to gambol, to be amused (with something), to play, to sport, to frolic, to joke	
戯画	ぎが	caricature, cartoon, comics	
戯曲	ぎきょく	drama, play	
技	わざ	technique, art, skill, move	
技巧	ぎこう	technique, finesse	
技師	ぎし	engineer, technician	
技術	ぎじゅつ	technology, engineering	
技術者	ぎじゅつしゃ	engineer, technical expert, technician, craftsperson	
技術的	ぎじゅつてき	technical, technological	
技術力	ぎじゅつりょく	technical prowess, technical ability, technical finesse	
技能	ぎのう	technical skill, ability, capacity	
技法	ぎほう	technique	
欺く	あざむく	to deceive, to delude, to trick, to fool	
犠牲	ぎせい	sacrifice	
犠牲者	ぎせいしゃ	victim (esp. someone killed), casualty	
犠打	ぎだ	sacrifice (bunt or fly)	
疑い	うたがい	doubt, question, uncertainty, skepticism, scepticism, suspicion, distrust	
疑う	うたがう	to doubt, to distrust, to be suspicious of, to suspect	
疑わしい	うたがわしい	doubtful, questionable, uncertain, disputable, suspicious	
疑義	ぎぎ	doubt	
疑獄	ぎごく	bribery scandal, graft case	
疑心	ぎしん	doubt, suspicion, fear, apprehension	
疑念	ぎねん	doubt, suspicion, misgivings, scruples	
疑問	ぎもん	doubt, question, suspicion, dubiousness	
疑問符	ぎもんふ	question mark	
疑惑	ぎわく	doubt, misgivings, distrust, suspicion	
義援金	ぎえんきん	donation money (esp. disaster relief or charity), contribution	
義兄	ぎけい	brother-in-law (spouse's older brother or older sister's husband)	
義姉	ぎし	sister-in-law (spouse's older sister or older brother's wife)	
義歯	ぎし	artificial tooth	
義弟	ぎてい	brother-in-law (spouse's younger brother or younger sister's husband)	
義父	ぎふ	father-in-law	
義母	ぎぼ	mother-in-law	
義妹	ぎまい	sister-in-law (spouse's younger sister or younger brother's wife)	
義務	ぎむ	duty, obligation, responsibility	
義務教育	ぎむきょういく	compulsory education	
義理	ぎり	duty, sense of duty, honor, honour, decency, courtesy, debt of gratitude, social obligation	
蟻	あり	ant	
議案	ぎあん	legislative bill, measure	
議員	ぎいん	member of an assembly, member of the Diet, member of parliament, member of Congress	
議院	ぎいん	parliament, congress, diet	
議会	ぎかい	congress, parliament, diet, legislative assembly	
議決	ぎけつ	resolution, decision, vote	
議事	ぎじ	proceedings (e.g. parliament, congress), business (of the day)	
議事堂	ぎじどう	assembly hall, parliament house, diet building, capitol, houses of parliament, congress hall	
議事録	ぎじろく	record of proceedings, minutes	
議場	ぎじょう	assembly hall, the House	
議席	ぎせき	parliamentary seat	
議題	ぎだい	topic of discussion, agenda	
議長	ぎちょう	chair, chairman, chairperson, speaker (of an assembly), president (of a council, senate, etc.)	
議論	ぎろん	argument, discussion, dispute, controversy	
掬う	すくう	to scoop, to ladle out	
菊	きく	chrysanthemum (Chrysanthemum morifolium)	
吉兆	きっちょう	lucky omen, good omen	
吉報	きっぽう	good news	
吃る	どもる	to stammer, to stutter	
吃驚	びっくり	to be surprised, to be amazed, to be frightened, to be astonished, to get startled, to jump	
喫する	きっする	to eat, to drink, to smoke, to take	
喫煙	きつえん	smoking (tobacco)	
喫茶	きっさ	tea drinking	
喫茶店	きっさてん	coffee shop, tearoom, coffee lounge, coffeehouse, cafe	
橘	たちばな	tachibana orange (Citrus tachibana)	
詰まらせる	つまらせる	to clog, to block, to choke up, to jam, to obstruct	
詰まる	つまる	to be packed (with), to be filled, to be full (e.g. of a schedule)	
詰む	つむ	to become fine (of fabric)	
詰める	つめる	to stuff into, to jam, to cram, to pack, to fill, to plug, to stop up	
詰め込む	つめこむ	to cram, to stuff, to jam, to squeeze, to pack, to crowd	
詰問	きつもん	cross-examination, close questioning, demanding an explanation	
却って	かえって	on the contrary, rather, instead, all the more	
却下	きゃっか	rejection, dismissal	
客	きゃく	guest, visitor	
客員	きゃくいん	guest member, associate member, honorary member	
客観	きゃっかん	objectivity, objective, object (philosophical)	
客観的	きゃっかんてき	objective	
客間	きゃくま	drawing room, parlor, parlour, guest room	
客室	きゃくしつ	guest room (at a hotel), guest cabin (on a boat), passenger cabin (on a plane)	
客車	きゃくしゃ	passenger car, passenger carriage	
客席	きゃくせき	guest seating (e.g. theater, stadium), passenger seat (e.g. taxi)	
客船	きゃくせん	passenger boat	
脚色	きゃくしょく	dramatization (e.g. of a novel), dramatisation, adaptation (for the stage or screen)	
脚本	きゃくほん	script, screenplay, scenario	
虐げる	しいたげる	to oppress, to persecute, to tyrannize	
虐殺	ぎゃくさつ	slaughter, massacre	
虐待	ぎゃくたい	abuse, ill-treatment, maltreatment, mistreatment, cruelty	
逆	ぎゃく	reverse, opposite	
逆さ	さかさ	inverted, upside down, reversed, back to front	
逆らう	さからう	to go against, to oppose, to disobey, to defy	
逆境	ぎゃっきょう	adverse circumstances, unfortunate situation, adversity	
逆効果	ぎゃくこうか	opposite effect, adverse effect, backfiring	
逆襲	ぎゃくしゅう	counterattack	
逆上せる	のぼせる	to feel dizzy, to have blood rush to one's head	
逆説	ぎゃくせつ	paradox	
逆転	ぎゃくてん	reversal (of a situation), turnaround, turnabout, turning the tables, sudden change, comeback	
逆風	ぎゃくふう	headwind, adverse wind	
逆戻り	ぎゃくもどり	retrogression, reversal, relapse, doubling back, backtracking	
逆輸入	ぎゃくゆにゅう	reimportation, reimport, reverse import, importing back	
逆立ち	さかだち	handstand, headstand	
丘陵	きゅうりょう	hill, hillock	
久しい	ひさしい	long (time that has passed), old (story)	
久しぶり	ひさしぶり	a long time (since the last time), first in a long time	
休する	きゅうする	to come to an end	
休まる	やすまる	to be rested, to feel at ease, to repose, to be relieved	
休み	やすみ	rest, recess, respite	
休む	やすむ	to be absent, to take a day off	
休める	やすめる	to rest, to suspend, to give relief	
休暇	きゅうか	holiday, vacation, day off, time off, leave, furlough	
休学	きゅうがく	temporary absence from school	
休刊	きゅうかん	suspension of publication	
休業	きゅうぎょう	suspension of business, temporary closure (of a store, school, etc.), shutdown, holiday	
休憩	きゅうけい	rest, break, recess, intermission	
休憩時間	きゅうけいじかん	rest period, intermission, break time, recess	
休憩所	きゅうけいじょ	rest area, rest stop, service area (next to a highway), service station, parking area	
休校	きゅうこう	(temporary) closure of school	
休講	きゅうこう	cancellation (of a lecture, class, etc.)	
休止	きゅうし	pause, suspension, rest, stoppage	
休場	きゅうじょう	(temporary) closure (of a theater, entertainment venue, etc.)	
休職	きゅうしょく	temporary retirement, leave of absence, suspension from office	
休戦	きゅうせん	cease-fire, truce, armistice	
休息	きゅうそく	rest, relief, relaxation	
休日	きゅうじつ	holiday, day off	
休養	きゅうよう	rest, relaxation, recreation, recuperation, convalescence	
及び	および	and, as well as	
及ぶ	およぶ	to reach, to amount to, to befall, to happen to, to extend, to go on (for, until)	
及ぼす	およぼす	to exert (influence), to exercise, to cause (e.g. damage), to do (e.g. harm), to bring about (e.g. benefits), to extend, to have an effect (on)	
吸い込む	すいこむ	to inhale, to breathe in, to suck up, to soak up, to absorb	
吸う	すう	to breathe in, to inhale, to smoke (a cigarette, etc.)	
吸引	きゅういん	absorption, suction, aspiration	
吸血鬼	きゅうけつき	vampire, bloodsucker	
吸収	きゅうしゅう	absorption, suction, attraction	
吸入	きゅうにゅう	inhalation	
宮中	きゅうちゅう	imperial court	
宮廷	きゅうてい	imperial court, royal court	
宮殿	きゅうでん	palace	
宮内庁	くないちょう	Imperial Household Agency	
弓	ゆみ	bow (weapon)	
弓道	きゅうどう	kyudo, Japanese archery	
弓矢	ゆみや	bow and arrow	
急	きゅう	sudden, abrupt, unexpected	
急いで	いそいで	hurriedly, in haste, in a rush, quickly	
急かす	せかす	to hurry (up), to urge on, to press, to rush	
急ぎ	いそぎ	haste, hurry, expedition, speed, dispatch	
急ぐ	いそぐ	to hurry, to rush, to hasten, to make something happen sooner	
急患	きゅうかん	emergency case	
急激	きゅうげき	sudden, abrupt, rapid, sharp, drastic, radical	
急行	きゅうこう	hurrying (to somewhere), rushing, hastening	
急死	きゅうし	sudden death	
急所	きゅうしょ	vital part (of the body), tender spot, weak point, vitals	
急進	きゅうしん	rapid progress, radical progress	
急性	きゅうせい	acute (illness)	
急逝	きゅうせい	sudden death, unexpected death	
急増	きゅうぞう	rapid increase, sharp rise, proliferation, surge, explosion	
急速	きゅうそく	rapid (e.g. progress)	
急騰	きゅうとう	sudden rise (in price), sharp rise, jump, surge	
急病	きゅうびょう	sudden illness	
急変	きゅうへん	sudden turn, sudden change	
急務	きゅうむ	urgent business, pressing need, imperative	
急用	きゅうよう	urgent business	
急落	きゅうらく	sudden fall, sharp fall, sudden drop, sharp drop	
急遽	きゅうきょ	hurriedly, in a hurry, hastily, in haste	
救い	すくい	help, rescue, aid, relief	
救う	すくう	to rescue (someone), to save, to help (out of a difficulty), to relieve (from)	
救援	きゅうえん	relief, rescue	
救急	きゅうきゅう	first-aid, emergency (aid)	
救急車	きゅうきゅうしゃ	ambulance	
救急箱	きゅうきゅうばこ	first-aid kit	
救済	きゅうさい	relief, aid, help, rescue	
救出	きゅうしゅつ	rescue, extricate, reclaim, deliverance	
救助	きゅうじょ	relief, aid, rescue	
救世軍	きゅうせいぐん	Salvation Army	
救世主	きゅうせいしゅ	saviour, savior, messiah	
救命	きゅうめい	lifesaving	
求める	もとめる	to want, to wish for	
求刑	きゅうけい	recommended sentence, prosecution's demand for punishment	
求職	きゅうしょく	job hunting, seeking employment	
求心力	きゅうしんりょく	centripetal force	
求人	きゅうじん	recruiting, job offer, job vacancy	
汲み取る	くみとる	to draw (water), to scoop up, to dip up, to pump out	
汲む	くむ	to draw (water), to ladle, to dip up, to scoop up, to pump	
泣き	なき	weeping, lamenting	
泣き声	なきごえ	cry (e.g. of a baby), sob, whine	
泣く	なく	to cry, to shed tears, to weep, to sob	
球	きゅう	sphere, globe, ball, bulb	
球技	きゅうぎ	ball game (e.g. baseball, tennis, soccer)	
球菌	きゅうきん	coccus	
球場	きゅうじょう	baseball stadium, ballpark	
球団	きゅうだん	baseball team	
究極	きゅうきょく	ultimate, final, last, eventual	
究明	きゅうめい	investigation (esp. in academic and scientific contexts), finding out the facts, bringing (a matter) to light, inquiring into	
窮屈	きゅうくつ	narrow, tight, cramped	
窮状	きゅうじょう	distress, wretched condition	
窮地	きゅうち	dilemma, predicament	
窮乏	きゅうぼう	poverty, destitution, privation, indigence, penury	
糾合	きゅうごう	rally, muster	
糾弾	きゅうだん	censure, denunciation, (verbal) attack, blaming	
給食	きゅうしょく	provision of lunch (e.g. at office, school, etc.), providing a meal, lunch service	
給水	きゅうすい	water supply, supplied water, water refill	
給付	きゅうふ	provision (of money or goods), furnishing, conferral, payment, delivery, benefit	
給油	きゅうゆ	refueling (a car, plane, etc.)	
給与	きゅうよ	pay, salary, wages	
給料	きゅうりょう	salary, wages, pay	
給料日	きゅうりょうび	payday, pay day	
旧	きゅう	old, former, ex-	
旧式	きゅうしき	old type, old style	
旧制	きゅうせい	old system, old order	
旧姓	きゅうせい	one's original family name, maiden name	
旧正月	きゅうしょうがつ	lunar New Year (esp. the Chinese New Year)	
旧態	きゅうたい	old state of affairs	
旧約	きゅうやく	old promise, old agreement, old covenant	
旧来	きゅうらい	traditional, from ancient times, formerly	
旧暦	きゅうれき	Japan's old (lunisolar) calendar	
牛	うし	cattle (Bos taurus), cow, bull, ox, calf	
牛舎	ぎゅうしゃ	cow shed, cattle barn	
牛肉	ぎゅうにく	beef	
牛乳	ぎゅうにゅう	(cow's) milk	
去る	さる	to leave, to go away	
去就	きょしゅう	leaving or staying	
去年	きょねん	last year	
去来	きょらい	coming and going, recurring (esp. thoughts)	
居間	いま	living room (Western style), sitting room	
居候	いそうろう	lodger who pays nothing for room and board, freeloader, sponger	
居合わせる	いあわせる	to happen to be present	
居酒屋	いざかや	izakaya, tavern, bar, etc. that also serves various dishes and snacks	
居住	きょじゅう	residence, living (at, in), abode	
居眠り	いねむり	nodding off (while sitting), dozing	
巨額	きょがく	huge sum (esp. of money), enormous sum, massive amount	
巨漢	きょかん	giant	
巨視的	きょしてき	macroscopic	
巨匠	きょしょう	master, masterhand, maestro	
巨人	きょじん	giant, great man	
巨星	きょせい	giant star	
巨体	きょたい	huge body, large build	
巨大	きょだい	huge, gigantic, enormous	
拒む	こばむ	to refuse, to reject, to decline	
拒絶	きょぜつ	refusal, rejection	
拒絶反応	きょぜつはんのう	(transplant) rejection	
拒否	きょひ	refusal, rejection, denial, veto	
拒否権	きょひけん	right of veto	
拠点	きょてん	base (of operations), site, location, center, foothold, stronghold, (strategic) position	
挙式	きょしき	holding a ceremony, wedding ceremony	
挙党	きょとう	whole party, party as a whole	
虚栄	きょえい	vanity, vainglory	
虚偽	きょぎ	falsehood, untruth, lie, misinformation	
虚空	こくう	empty space, empty sky	
虚構	きょこう	fiction, fabrication, concoction	
虚弱	きょじゃく	feebleness, weakness, imbecility	
虚心	きょしん	open-minded, receptive, free from preconceived ideas	
虚無	きょむ	nihility, nothingness	
許し	ゆるし	pardon, forgiveness, exemption, permission	
許す	ゆるす	to permit, to allow, to approve, to consent to	
許可	きょか	permission, approval, authorization, license	
許諾	きょだく	consent, assent, approval, permission	
許容	きょよう	permission, allowance, acceptance, tolerance, pardon	
距離	きょり	distance, range, interval	
鋸	のこぎり	saw	
漁る	あさる	to fish	
漁獲	ぎょかく	fishing, catch, haul	
漁業	ぎょぎょう	fishing industry, fishery	
漁港	ぎょこう	fishing harbour, fishing harbor	
漁師	りょうし	fisherman	
漁場	ぎょじょう	fishing grounds, permitted fishing zone	
漁船	ぎょせん	fishing boat	
漁村	ぎょそん	fishing village	
魚屋	さかなや	fish market, fish dealer, fishmonger	
魚介	ぎょかい	marine products, seafood, fish and shellfish	
魚介類	ぎょかいるい	marine products, seafood, fish and shellfish	
魚群	ぎょぐん	school of fish, shoal of fish	
魚市場	うおいちば	fish market	
魚肉	ぎょにく	fish meat	
魚雷	ぎょらい	torpedo	
魚類	ぎょるい	fish, fishes	
享受	きょうじゅ	enjoyment (of freedom, beauty, etc.), reception (of a right, privilege, rank, etc.), having	
京	きょう	imperial capital (esp. Kyoto)	
京阪	けいはん	Kyoto and Osaka, Kyoto-Osaka area	
供	とも	companion, follower, attendant, retinue	
供える	そなえる	to offer, to sacrifice, to dedicate	
供給	きょうきゅう	supply, provision	
供出	きょうしゅつ	obligatory supply (of goods to the government, e.g. during wartime), delivery (to the government at a fixed price, e.g. of rice)	
供述	きょうじゅつ	affidavit, deposition, testimony	
供物	くもつ	offering (e.g. to the gods), votive offering	
供与	きょうよ	giving, provision, furnishing	
供養	くよう	memorial service for the dead, holding a service	
競う	きそう	to compete, to contend, to vie, to contest	
競る	せる	to compete	
競泳	きょうえい	competitive swimming, swimming race	
競演	きょうえん	contest (between performers), competitive performance	
競技	きょうぎ	game, match, contest, competition, sport, (sporting) event	
競合	きょうごう	contention, competition, rivalry, quarrel	
競争	きょうそう	competition, contest, rivalry, race	
競争力	きょうそうりょく	competitiveness, competitive edge, competitive power	
競走	きょうそう	race, run, dash, sprint	
競艇	きょうてい	kyōtei, boat race, hydroplane racing event and gambling sport in Japan	
競馬	けいば	horse racing	
競売	きょうばい	auction	
競歩	きょうほ	racewalking, race walking, walking race	
競輪	けいりん	keirin, cycle racing event, usu. 2 km with a paced start and sprint finish	
共	ども	first-person plural (or singular)	
共に	ともに	together, jointly	
共栄	きょうえい	mutual prosperity	
共演	きょうえん	appearing together (in a film, play, etc.), performing together (at a concert, etc.), acting together, co-starring, playing together (in a sports match)	
共稼ぎ	ともかせぎ	(husband and wife) earning a living together	
共学	きょうがく	coeducation	
共感	きょうかん	sympathy, empathy, response, identification (with someone)	
共催	きょうさい	joint sponsorship (of an event), cosponsorship, joint hosting	
共済	きょうさい	mutual aid	
共産	きょうさん	communism	
共産主義	きょうさんしゅぎ	communism	
共産党	きょうさんとう	Communist Party	
共生	きょうせい	coexistence, living together	
共著	きょうちょ	joint authorship, co-authorship, collaboration, joint work	
共通	きょうつう	common, shared, mutual	
共通語	きょうつうご	common language, lingua franca	
共通点	きょうつうてん	point in common, common feature	
共倒れ	ともだおれ	falling together, mutual destruction, joint bankruptcy	
共闘	きょうとう	joint struggle, common (united) front	
共働き	ともばたらき	(husband and wife) both working, dual income	
共同体	きょうどうたい	cooperative body, cooperative system, collective, community	
共犯	きょうはん	complicity	
共謀	きょうぼう	conspiracy, collusion, complicity	
共鳴	きょうめい	resonance	
共有	きょうゆう	joint ownership, co-ownership, sharing (e.g. a viewpoint)	
共用	きょうよう	common use, communal use, sharing	
共立	きょうりつ	joint, common	
共和国	きょうわこく	republic, commonwealth	
共和制	きょうわせい	republican form of government, republicanism	
共和党	きょうわとう	Republican Party	
凶作	きょうさく	bad harvest, poor crop	
協会	きょうかい	association, society, organization, organisation	
協議	きょうぎ	conference, consultation, discussion, negotiation	
協賛	きょうさん	support, mutual aid, cooperation, approval, authorization, authorisation	
協奏曲	きょうそうきょく	concerto	
協調	きょうちょう	cooperation, conciliation, harmony, coordination	
協定	きょうてい	arrangement, pact, agreement	
協同組合	きょうどうくみあい	cooperative, association, partnership	
協和	きょうわ	concord, harmony, concert	
卿	きょう	Lord, Sir	
叫び	さけび	shout, cry, outcry, yell, shriek, scream	
叫び声	さけびごえ	shout, yell, scream, cry	
叫ぶ	さけぶ	to shout, to cry (out), to scream, to shriek, to yell, to exclaim	
境	さかい	border, boundary	
境界	きょうかい	boundary, border, limit, bounds, frontier	
境遇	きょうぐう	one's circumstances, environment, situation (in life)	
境地	きょうち	state (of mind), mental state, emotional condition	
境内	けいだい	grounds (esp. of shrines and temples), compound, churchyard, precincts	
境目	さかいめ	borderline, boundary	
峡谷	きょうこく	gorge, ravine, canyon, glen	
強い	つよい	strong, potent, competent, domineering, tough	
強いて	しいて	by force	
強いる	しいる	to force, to compel, to coerce, to press, to impose	
強さ	つよさ	strength, power	
強まる	つよまる	to get strong, to gain strength	
強み	つよみ	forte, strong point	
強める	つよめる	to strengthen, to emphasize, to emphasise	
強引	ごういん	overbearing, coercive, pushy, forcible, high-handed	
強化	きょうか	strengthening, intensifying, reinforcement, enhancement, solidification	
強気	つよき	confident, assured, self-assured, firm, strong, cocksure	
強硬	きょうこう	firm, strong, unbending, unyielding, uncompromising, stubborn, tough, hard-line	
強行	きょうこう	forcing (e.g. a vote), carrying out (forcibly), pushing ahead (with), enforcement	
強国	きょうこく	strong nation, powerful country	
強弱	きょうじゃく	strength and weakness, (degree of) strength	
強制	きょうせい	compulsion, coercion, forcing (to do), enforcement	
強制的	きょうせいてき	forced, compulsory	
強請る	ねだる	to beg, to pester, to plead, to coax, to hound, to importune	
強壮	きょうそう	able-bodied, robust, sturdy, strong	
強打	きょうだ	heavy blow, thump, wallop, belt, whack	
強大	きょうだい	mighty, powerful	
強奪	ごうだつ	robbery, pillage, seizure, hijacking, plunder, extortion	
強調	きょうちょう	emphasis, stress, highlighting, underlining, underscoring	
強敵	きょうてき	formidable enemy, strong enemy, tough enemy	
強度	きょうど	strength, intensity	
強盗	ごうとう	robber, mugger	
強風	きょうふう	strong wind, high wind, moderate gale	
強要	きょうよう	coercion, extortion, compulsion, force	
強力	きょうりょく	powerful, strong	
強烈	きょうれつ	strong, intense, severe	
怯える	おびえる	to become frightened, to be frightened (of), to be scared (of)	
恐らく	おそらく	probably, (most) likely, in all likelihood, I suspect, I dare say, I'm afraid	
恐れ	おそれ	fear, horror, anxiety, concern, uneasiness, reverence	
恐ろしい	おそろしい	terrible, dreadful, terrifying, frightening	
恐喝	きょうかつ	blackmail, extortion, threat (to extort money)	
恐慌	きょうこう	panic, scare, alarm	
恐縮	きょうしゅく	feeling (much) obliged, being (very) grateful, being thankful	
恐怖	きょうふ	fear, dread, dismay, terror, horror, scare, panic	
恐怖症	きょうふしょう	phobia, morbid fear	
挟まる	はさまる	to get between, to be caught in	
挟み撃ち	はさみうち	attack on both sides, pincer movement, double envelopment	
教え	おしえ	teaching, instruction, teachings, precept, lesson, doctrine	
教える	おしえる	to teach, to instruct	
教え子	おしえご	one's student (esp. a former one), one's pupil, one's disciple	
教わる	おそわる	to be taught, to learn, to take lessons in	
教育	きょういく	education, schooling, training, instruction, teaching, upbringing	
教員	きょういん	teacher, instructor, teaching staff, faculty member	
教科	きょうか	subject, curriculum	
教科書	きょうかしょ	textbook, coursebook, schoolbook	
教会	きょうかい	church, congregation	
教官	きょうかん	teacher, instructor, professor	
教訓	きょうくん	lesson, precept, teachings, moral	
教唆	きょうさ	instigation	
教材	きょうざい	teaching materials	
教師	きょうし	teacher, instructor	
教示	きょうじ	instruction, teaching	
教室	きょうしつ	classroom, lecture room	
教授	きょうじゅ	professor	
教習	きょうしゅう	training, instruction	
教書	きょうしょ	message (delivered by the US president or a state governor), address	
教職員	きょうしょくいん	teaching staff, faculty	
教祖	きょうそ	founder of a religious sect	
教団	きょうだん	religious organization, religious organisation	
教壇	きょうだん	(teacher's) platform, podium, dais	
教徒	きょうと	believer, adherent	
教務	きょうむ	school affairs, religious affairs	
教諭	きょうゆ	(licensed) teacher	
教養	きょうよう	(understanding or appreciation of) culture, (one's) education, cultivation, sophistication, refinement	
橋	はし	bridge	
橋脚	きょうきゃく	bridge pier, pontoon bridge	
橋渡し	はしわたし	mediation, good offices, go-between, intermediary, mediator, bridge (between)	
況して	まして	still more, to say nothing of, not to mention	
狂う	くるう	to go mad, to lose one's mind, to go crazy, to go insane	
狂気	きょうき	madness, insanity	
狂言	きょうげん	kyogen, farce presented between noh plays or during the interlude of a noh play	
狂奔	きょうほん	rushing around, running wild	
狂乱	きょうらん	fury, frenzy, madness, wildness	
狭い	せまい	narrow, confined, small, cramped	
狭まる	せばまる	to narrow, to contract	
狭める	せばめる	to narrow, to reduce, to contract	
狭心症	きょうしんしょう	angina pectoris	
矯正	きょうせい	correction (of a fault, defect, flaw, etc.), remedy, rectification, redress, reform, straightening (of teeth)	
胸	むね	chest, breast	
胸襟	きょうきん	one's heart	
胸像	きょうぞう	bust (sculpture), half-length portrait	
胸中	きょうちゅう	one's heart, one's mind, one's intentions	
胸部	きょうぶ	chest, breast	
脅す	おどす	to threaten, to menace, to frighten (into doing)	
脅威	きょうい	threat, menace	
脅迫	きょうはく	threat, menace, coercion, blackmail	
興す	おこす	to vitalize (e.g. an industry), to invigorate, to energize, to revive, to promote, to make prosperous	
興業	こうぎょう	promotion of industry, inauguration of a new industrial enterprise	
興行	こうぎょう	show, performance, act	
興信所	こうしんじょ	detective agency, enquiry agency	
興奮	こうふん	excitement, stimulation, agitation, arousal	
興味	きょうみ	interest (in something), curiosity (about something), zest (for)	
興味深い	きょうみぶかい	very interesting, of great interest	
興隆	こうりゅう	rise, prosperity	
蕎麦	そば	buckwheat (Fagopyrum esculentum)	
郷愁	きょうしゅう	nostalgia, homesickness	
郷土	きょうど	native place, birth-place, one's old home	
郷里	きょうり	hometown, birthplace	
鏡	かがみ	mirror, looking-glass	
鏡台	きょうだい	dresser	
響く	ひびく	to resound, to be heard far away	
饗宴	きょうえん	feast, banquet	
驚かす	おどろかす	to surprise, to frighten, to create a stir	
驚き	おどろき	surprise, astonishment, wonder, amazement	
驚く	おどろく	to be surprised, to be taken aback, to be amazed, to be astonished, to be shocked	
驚異	きょうい	wonder, miracle, amazement, prodigy	
驚嘆	きょうたん	wonder, admiration, being struck with admiration	
驚愕	きょうがく	astonishment, amazement, surprise, fright, shock	
仰ぐ	あおぐ	to look up (at)	
仰る	おっしゃる	to say, to speak, to tell	
仰向け	あおむけ	facing upward	
仰天	ぎょうてん	being amazed, being horrified, being taken aback	
凝った	こった	elaborate, exquisite, ornate, refined, sophisticated	
凝り性	こりしょう	tendency to become totally absorbed in something, monomania, perfectionism, fastidiousness, meticulousness	
凝る	こる	to become stiff (of muscles)	
凝固	ぎょうこ	coagulation, freezing, solidification	
凝視	ぎょうし	stare, gaze, fixation	
凝縮	ぎょうしゅく	condensation (of ideas, emotions, etc.), concentration	
暁	あかつき	dawn, daybreak	
暁星	ぎょうせい	morning star, Venus, rarity	
業界	ぎょうかい	business world, business circles, (the) industry	
業者	ぎょうしゃ	trader, dealer, businessperson, company, vendor, supplier, manufacturer, maker, contractor	
業種	ぎょうしゅ	type of industry	
業績	ぎょうせき	achievement, performance, results, work, contribution	
業務	ぎょうむ	business, work, operations, service, duties	
局	きょく	bureau, department	
局員	きょくいん	clerk, (bureau, post-office) staff	
局地	きょくち	locality, local area, limited area	
局長	きょくちょう	bureau director, office chief	
局番	きょくばん	telephone exchange number	
局面	きょくめん	position in a game, state of the game	
局留め	きょくどめ	general delivery, counter collection, poste restante	
曲	きょく	composition, piece of music, song, track (on a record)	
曲がり角	まがりかど	(street) corner, turn (in the road), bend	
曲がる	まがる	to bend, to curve, to warp, to wind, to twist	
曲げる	まげる	to bend, to crook, to bow, to curve, to curl	
曲折	きょくせつ	bending, winding, meandering, zigzagging	
曲線	きょくせん	curve	
曲目	きょくもく	name of a piece of music, (musical) number	
極	ごく	quite, very	
極み	きわみ	height, acme, extremity, peak	
極めて	きわめて	exceedingly, extremely, decisively	
極右	きょくう	far right (in politics), extreme right, ultraright	
極楽	ごくらく	Sukhavati (Amitabha's Pure Land)	
極寒	ごっかん	extreme cold, intense cold, coldest season, midwinter	
極限	きょくげん	utmost limits, extremity	
極上	ごくじょう	first-rate, finest quality, the best	
極端	きょくたん	extreme, extremity	
極度	きょくど	maximum, extreme, utmost	
極東	きょくとう	Far East	
極秘	ごくひ	absolute secrecy	
極力	きょくりょく	to the utmost, to the best of one's ability	
玉	たま	ball, sphere, globe, orb	
玉砕	ぎょくさい	honorable death, death without surrender, honorable defeat	
玉虫色	たまむしいろ	iridescent colour	
玉ねぎ	たまねぎ	onion (Allium cepa)	
玉蜀黍	とうもろこし	corn (Zea mays), maize	
桐	きり	paulownia (Paulownia tomentosa), empress tree, foxglove tree	
僅か	わずか	a little, a few, small, slight, trifling, meagre, meager, narrow (margin)	
勤め	つとめ	service, duty, business, responsibility, task	
努める	つとめる	to endeavor (to do), to endeavour, to try hard, to work hard, to strive, to make an effort, to exert oneself, to devote oneself, to be committed (to doing)	
勤める	つとめる	to work (for), to be employed (at), to serve (in)	
勤め先	つとめさき	place of work	
勤続	きんぞく	continuous service	
勤勉	きんべん	diligent, hard-working, industrious	
勤務	きんむ	service, duty, work	
勤労	きんろう	labor, labour, exertion, diligent service	
勤労者	きんろうしゃ	worker	
均一	きんいつ	uniformity, equality	
均衡	きんこう	balance, equilibrium	
均質	きんしつ	homogeneous, homogeneity	
均整	きんせい	symmetry, balance, proportion, uniformity	
均等	きんとう	equal (distribution, treatment, level, etc.), even, uniform	
錦	にしき	brocade	
琴	こと	koto (13-stringed Japanese zither)	
禁じる	きんじる	to forbid, to ban, to prohibit	
禁ずる	きんずる	to forbid, to ban, to prohibit	
禁煙	きんえん	abstaining from smoking, quitting smoking	
禁句	きんく	taboo word, forbidden topic	
禁錮	きんこ	imprisonment (without forced labour), incarceration, confinement	
禁止	きんし	prohibition, inhibition, ban	
禁酒	きんしゅ	abstinence from alcohol, temperance	
禁制	きんせい	prohibition, ban, embargo	
禁物	きんもつ	thing that should be (carefully) avoided, no-no, thing to definitely not do, something forbidden, taboo	
禁輸	きんゆ	embargo	
筋	すじ	muscle, tendon, sinew	
筋違い	すじちがい	cramp, sprain, crick, strain (muscle)	
筋書き	すじがき	synopsis, outline, plot	
筋道	すじみち	reason, logic	
筋肉	きんにく	muscle	
筋力	きんりょく	physical strength, muscle strength	
緊急	きんきゅう	urgency, emergency	
緊縮	きんしゅく	tightening, shrinkage, contraction, constriction	
緊張	きんちょう	tension, strain, nervousness, stress	
緊迫	きんぱく	tension, strain	
緊密	きんみつ	rigour, rigor, closeness, compactness, tightly knit	
襟巻き	えりまき	scarf (esp. one worn for warmth), muffler	
襟元	えりもと	(around the) neck, nape	
謹賀新年	きんがしんねん	Happy New Year	
謹慎	きんしん	self restraint, moderating one's own behavior, penitence, discipline	
近い	ちかい	near, close, short (distance)	
近く	ちかく	near, neighbourhood, neighborhood, vicinity	
近づく	ちかづく	to approach, to draw near, to get close	
近海	きんかい	coastal waters, adjacent seas	
近眼	きんがん	nearsightedness, shortsightedness, myopia	
近寄る	ちかよる	to approach, to draw near	
近畿	きんき	Kinki (region around Osaka, Kyoto, Nara)	
近距離	きんきょり	short distance	
近況	きんきょう	recent state, present state, present condition, current status, current circumstances	
近郊	きんこう	outskirts, environs (of a city), surrounding area, surroundings	
近頃	ちかごろ	lately, recently, nowadays	
近視	きんし	myopia, shortsightedness, nearsightedness	
近所	きんじょ	neighbourhood, neighborhood, vicinity	
近親	きんしん	near relative	
近世	きんせい	recent past, recent times	
近代	きんだい	present day, modern times, recent times	
近代的	きんだいてき	modern	
近日	きんじつ	soon, in a few days	
近年	きんねん	recent years	
近づける	ちかづける	to bring near, to bring close, to let go near	
近辺	きんぺん	neighbourhood, neighborhood, vicinity	
近隣	きんりん	neighbourhood, neighborhood, vicinity	
金	かね	money	
金	きん	gold (metal)	
金貨	きんか	gold coin	
金塊	きんかい	gold nugget, gold bullion, gold bar, gold ingot	
金額	きんがく	amount of money, sum	
金魚	きんぎょ	goldfish (Carassius auratus)	
金具	かなぐ	metal fittings, metal fixtures	
金庫	きんこ	safe, strongbox, cashbox, vault, strongroom	
金持ち	かねもち	rich person, wealthy person	
金星	きんせい	Venus (planet)	
金銭	きんせん	money, cash	
金属	きんぞく	metal	
金縛り	かなしばり	binding hand and foot	
金髪	きんぱつ	blond hair, blonde hair, golden hair	
金脈	きんみゃく	vein of gold	
金網	かなあみ	wire netting, wire mesh, wire gauze, chain-link mesh, chicken wire	
金儲け	かねもうけ	moneymaking, earning money	
金融	きんゆう	finance, financing, credit transacting, loaning of money, circulation of money	
金融機関	きんゆうきかん	financial institutions, banking facilities	
金曜	きんよう	Friday	
金曜日	きんようび	Friday	
金利	きんり	interest rate, interest	
吟味	ぎんみ	close examination, careful investigation, close inspection, careful selection, inquiry, enquiry, scrutiny, testing	
銀河	ぎんが	Milky Way	
銀貨	ぎんか	silver coin	
銀行	ぎんこう	bank, banking institution	
銀座	ぎんざ	Ginza (district in Tokyo)	
銀紙	ぎんがみ	aluminum foil, aluminium foil, tinfoil, silver paper	
銀色	ぎんいろ	silver (color, colour)	
銀杯	ぎんぱい	silver cup	
九つ	ここのつ	nine	
九九	くく	multiplication table, times table	
９月	くがつ	September	
九州	きゅうしゅう	Kyūshū (southernmost of the four main islands of Japan)	
九重	ここのえ	ninefold	
９日	ここのか	9th day of the month	
倶楽部	クラブ	club, fraternity, sorority, clubhouse	
句	く	section (i.e. of text), sentence, passage, paragraph	
句集	くしゅう	collection of haiku poems	
句読点	くとうてん	punctuation mark	
区	く	ward, borough, city (in Tokyo)	
区域	くいき	area, zone, district, quarter, section, limits, boundary	
区間	くかん	section (of track, etc.), segment, dimension	
区議	くぎ	ward assemblyman	
区切り	くぎり	pause (in speech, writing, etc.), punctuation	
区長	くちょう	head of a ward, mayor of a ward, chief administrator of a ward	
区内	くない	in a ward, within the ward	
区分	くぶん	division, section, demarcation, partition, segmentation, compartment, (traffic) lane	
区別	くべつ	distinction, differentiation, discrimination, difference	
区民	くみん	ward residents	
区役所	くやくしょ	ward office, council (regional)	
苦い	にがい	bitter	
苦しい	くるしい	painful, difficult, tough, hard	
苦しみ	くるしみ	pain, anguish, distress, suffering, hardship	
苦しむ	くるしむ	to suffer, to groan, to be worried	
苦しめる	くるしめる	to torment, to pain, to inflict (physical) pain, to hurt	
苦境	くきょう	difficult situation, adverse circumstances, predicament, trouble, dilemma, distress	
苦言	くげん	candid advice, frank advice, honest opinion, exhortation, harsh but honest advice	
苦手	にがて	poor (at), weak (in), not very good (at)	
苦渋	くじゅう	bitterness, distress, pain, anguish, affliction	
苦笑	くしょう	bitter smile, wry smile, strained laugh, sarcastic laugh	
苦笑い	にがわらい	bitter smile, wry smile, forced smile, strained laugh	
苦情	くじょう	complaint, troubles, objection, grievance	
苦心	くしん	pains, hard work, effort, trouble, labour, labor	
苦戦	くせん	hard fight, close game, struggle, tight contest	
苦痛	くつう	pain, agony, suffering, distress, torment	
苦難	くなん	suffering, distress, hardship, trial	
苦肉の策	くにくのさく	last resort, desperate measure taken under the pressure of necessity	
苦悩	くのう	(mental) agony, anguish, suffering, distress	
苦味	にがみ	bitterness, bitter taste	
苦慮	くりょ	racking one's brains, worrying oneself, being anxious	
苦労	くろう	trouble, hardship, difficulty, labour, labor, toil, pains	
駆けっこ	かけっこ	(foot) race, sprint	
駆ける	かける	to run, to dash, to race	
駆け回る	かけまわる	to run around, to bustle about	
駆け込み	かけこみ	running in, rushing into	
駆け足	かけあし	running fast, double time	
駆る	かる	to spur on, to urge forward, to impel	
駆使	くし	using freely, making full use of, having a good command of	
駆除	くじょ	extermination (of pests), eradication, stamping out (e.g. a social evil)	
駆逐	くちく	expulsion, driving out, driving away, extermination	
駆逐艦	くちくかん	destroyer (ship)	
駆動	くどう	drive, driving (force)	
駒	こま	piece (in shogi, chess, etc.)	
具	ぐ	tool, means	
備える	そなえる	to furnish with, to equip with, to provide, to install	
具象	ぐしょう	concreteness, embodiment, expressing concretely	
具体	ぐたい	concreteness, embodiment	
具体化	ぐたいか	embodiment, materialization, actualization, realization, taking form, taking shape	
具体的	ぐたいてき	concrete, definite, specific, material, substantial	
愚か	おろか	foolish, stupid, silly	
愚痴	ぐち	idle complaint, grumble	
愚連隊	ぐれんたい	gang of young toughs, hooligans, hoodlums, hoods, yobbos	
空	から	emptiness, being empty	
空	そら	sky, the air, the heavens	
空き缶	あきかん	empty can	
空き地	あきち	vacant land, unoccupied ground, empty lot	
虚しい	むなしい	empty, void, vacant	
空っぽ	からっぽ	empty, vacant, hollow	
空間	くうかん	space, room, airspace	
空気	くうき	air, atmosphere	
空虚	くうきょ	emptiness, hollowness, vacancy, void	
空軍	くうぐん	air force	
空港	くうこう	airport	
空車	くうしゃ	empty conveyance, empty taxi, free taxi	
空手	からて	karate	
空襲	くうしゅう	air-raid	
空席	くうせき	empty seat, unoccupied seat	
空前	くうぜん	unprecedented, record-breaking	
空疎	くうそ	empty (e.g. argument), insubstantial, hollow, fruitless	
空想	くうそう	daydream, fantasy, fancy, vision	
空中	くうちゅう	sky, air, mid-air	
空調	くうちょう	air conditioning	
空転	くうてん	racing (of an engine), idling	
空洞	くうどう	cavity, hollow, cave, cavern	
空白	くうはく	blank space (in a document)	
空腹	くうふく	empty stomach, hunger	
空母	くうぼ	aircraft carrier	
空輸	くうゆ	air transport, air lift, airlift	
空欄	くうらん	blank column, blank space	
空路	くうろ	air route, air lane	
偶数	ぐうすう	even number	
偶然	ぐうぜん	coincidence, chance, accident, fortuity	
偶像	ぐうぞう	image, idol, statue	
偶発	ぐうはつ	sudden outbreak, accidental, incidental	
隅	すみ	corner, nook, recess	
櫛	くし	comb	
屑	くず	waste, scrap, garbage, dregs	
屈指	くっし	leading, foremost, preeminent, outstanding, one of the best	
屈辱	くつじょく	disgrace, humiliation	
屈折	くっせつ	bending, curving, twisting, turning, winding	
屈託	くったく	worry, care, concern	
掘る	ほる	to dig, to excavate, to hollow	
靴	くつ	shoe, shoes, boots, footwear, footgear	
靴屋	くつや	shoe store, shoe shop, shoemaker	
靴下	くつした	socks, sock, stockings, stocking	
凹み	くぼみ	hollow, cavity, dent, depression	
熊	くま	bear (any mammal of family Ursidae)	
栗	くり	Japanese chestnut (Castanea crenata)	
繰り延べ	くりのべ	postponement	
繰り広げる	くりひろげる	to unfold, to unroll, to open	
繰り出す	くりだす	to draw (a thread), to let out (e.g. a rope)	
繰り上げる	くりあげる	to move up, to advance	
繰り返し	くりかえし	repetition, repeat, reiteration, iteration, refrain, cycle	
繰り返す	くりかえす	to repeat, to do over again	
繰る	くる	to reel, to wind, to spin (thread)	
桑	くわ	mulberry (tree)	
桑田	そうでん	mulberry plantation	
桑畑	くわばたけ	mulberry field, mulberry plantation	
勲章	くんしょう	decoration, order, medal	
君	きみ	you, buddy, pal	
君	くん	Mr, master, boy	
君子	くんし	man of virtue, wise man, (true) gentleman	
君主	くんしゅ	monarch, sovereign, ruler, liege (lord)	
君たち	きみたち	you (plural), all of you, you all	
君臨	くんりん	reigning (over a country)	
訓戒	くんかい	warning, admonition, lesson or a phrase that teaches you not to do something	
訓示	くんじ	instruction, direction, briefing	
訓読み	くんよみ	kun reading, kun'yomi, native Japanese reading of a Chinese character	
訓令	くんれい	directive, instructions	
訓練	くんれん	training, drill, practice, discipline	
群	ぐん	group, bunch, crowd, throng, swarm, band, herd, school (of fish)	
群がる	むらがる	to swarm, to gather	
群れ	むれ	group, crowd, flock, herd, bevy, school, swarm, cluster (e.g. of stars), clump, pack (e.g. of dogs)	
群れる	むれる	to crowd, to flock, to swarm	
群像	ぐんぞう	lively group (esp. of young people), dynamic bunch	
群島	ぐんとう	island group, archipelago	
軍	ぐん	army, armed forces, troops	
軍医	ぐんい	military physician or surgeon	
軍拡	ぐんかく	military expansion, arms buildup	
軍艦	ぐんかん	warship, battleship	
軍機	ぐんき	military secret, classified military material	
軍港	ぐんこう	naval port, naval station	
軍国主義	ぐんこくしゅぎ	militarism	
軍事	ぐんじ	military affairs	
軍需	ぐんじゅ	munitions, military stores	
軍縮	ぐんしゅく	reduction of armaments, disarmament	
軍人	ぐんじん	serviceman, servicewoman, soldier, member of the armed forces, military personnel	
軍政	ぐんせい	military administration, military government, military junta	
軍属	ぐんぞく	civilian in military employ	
軍隊	ぐんたい	armed forces, military, troops	
軍団	ぐんだん	army corps, corps	
軍配	ぐんばい	gourd-shaped war fan	
軍備	ぐんび	armaments, military preparations	
軍部	ぐんぶ	military authorities, army circles	
軍服	ぐんぷく	military uniform	
軍用	ぐんよう	for military use	
郡	ぐん	district, county	
郡部	ぐんぶ	rural districts, counties	
係官	かかりかん	official in charge	
係争	けいそう	dispute, contention, conflict, controversy	
係長	かかりちょう	subsection head, assistant manager, chief clerk	
傾ける	かたむける	to incline, to lean, to tip, to tilt, to slant, to bend, to list	
傾向	けいこう	tendency, trend, inclination	
傾斜	けいしゃ	inclination, slant, slope, bevel, list, dip, tilt, lean	
傾注	けいちゅう	devoting (oneself) to, concentrating (one's efforts) on	
傾聴	けいちょう	listening closely	
傾倒	けいとう	devoting oneself to, concentrating on, being an ardent admirer of, having great esteem for	
刑	けい	penalty, sentence, punishment	
刑事	けいじ	(police) detective	
刑事事件	けいじじけん	criminal case	
刑罰	けいばつ	(criminal) punishment, penalty, sentence	
刑法	けいほう	criminal law, penal code	
刑務所	けいむしょ	prison, jail, gaol, penitentiary	
兄	あに	older brother, elder brother	
兄さん	にいさん	older brother, elder brother	
兄貴	あにき	elder brother	
兄弟	きょうだい	siblings, brothers and sisters	
啓示	けいじ	(divine) revelation	
啓発	けいはつ	enlightenment, development, edification, public awareness, illumination, education, inspiration	
啓蒙	けいもう	enlightenment, illumination	
型	かた	type, style, model, pattern	
契機	けいき	opportunity, chance	
契約	けいやく	contract, compact, agreement	
契約書	けいやくしょ	(written) contract, agreement	
形	かたち	form, shape, figure	
形見	かたみ	memento (esp. of a deceased person), keepsake, heirloom, remembrance, souvenir	
形式	けいしき	form (as opposed to substance)	
形式的	けいしきてき	formal	
形状	けいじょう	shape, form	
形勢	けいせい	condition, situation, prospects	
形成	けいせい	formation, molding, making (up), taking form, giving form to	
形跡	けいせき	traces, evidence	
形態	けいたい	form, shape, figure	
形容	けいよう	description, expression (in words), qualification (e.g. of a noun with an adjective), modification, figurative expression, figure of speech, metaphor	
形容詞	けいようし	adjective, i-adjective (in Japanese)	
恵み	めぐみ	blessing, grace	
恵む	めぐむ	to bless, to show mercy to	
恵比寿	えびす	Ebisu, god of fishing and commerce	
慶事	けいじ	happy event, auspicious event, matter for congratulation	
慶祝	けいしゅく	congratulation, celebration	
慶弔	けいちょう	congratulations and condolences	
憩い	いこい	rest, relaxation	
憩う	いこう	to rest, to relax, to repose	
掲げる	かかげる	to put up (a notice, sign, etc.), to hang out (e.g. a banner), to fly (e.g. a flag), to hoist, to raise, to display	
掲載	けいさい	publication (e.g. of an article in a newspaper), carrying (e.g. a story), running (e.g. a serial), insertion (e.g. of an advertisement), printing, posting (e.g. on the web)	
掲示	けいじ	notice, bulletin, post, posting, placard	
掲示板	けいじばん	bulletin board, display board, notice board	
掲揚	けいよう	hoisting (e.g. a flag), raising, flying, putting up	
携える	たずさえる	to carry in one's hand, to carry with one, to have on one's person, to bear	
携わる	たずさわる	to engage in, to participate in, to take part in, to be involved in	
携帯	けいたい	carrying (on one's person or in the hand)	
携帯電話	けいたいでんわ	mobile phone, cell phone	
敬う	うやまう	to show respect for, to revere, to honour, to honor, to worship, to hold in esteem	
敬意	けいい	respect, honour, honor	
敬遠	けいえん	pretending to respect (someone) while in fact staying distant, keeping at arm's length, giving a wide berth	
敬具	けいぐ	yours sincerely, sincerely yours, yours truly	
敬語	けいご	honorific, term of respect, polite expression, honorific language	
敬称	けいしょう	honorific title, honorific term of address	
敬老	けいろう	respect for the aged	
景観	けいかん	scenery	
景気	けいき	business conditions, the market, economic activity, economic climate	
景勝	けいしょう	picturesque scenery, place of scenic beauty	
景色	けしき	scenery, scene, landscape	
景品	けいひん	gift, premium, freebie, giveaway, something additional, an extra	
桂	かつら	katsura (Cercidiphyllum japonicum), Japanese Judas tree	
渓谷	けいこく	valley (with a river running through it), gorge, ravine, canyon	
渓流	けいりゅう	mountain stream, mountain torrent	
稽古	けいこ	practice, practising, training, study	
系	けい	system, lineage, group	
系図	けいず	family tree, pedigree, genealogy	
系統	けいとう	system	
系譜	けいふ	genealogy, lineage, family tree, pedigree	
系列	けいれつ	series, sequence, system, succession	
経つ	たつ	to pass (of time), to elapse	
経る	へる	to pass, to elapse, to go by	
経緯	けいい	details, particulars, sequence of events, circumstances, situation, how things got this way	
経営	けいえい	management, administration, operation, running (a business), conducting	
経営者	けいえいしゃ	manager, proprietor	
経過	けいか	passage (of time), elapsing, lapse	
経企庁	けいきちょう	Economic Planning Agency (defunct as of 2001)	
経験	けいけん	experience	
経験者	けいけんしゃ	experienced person, person who has had a particular experience	
経済	けいざい	economy, economics	
経済界	けいざいかい	economic world, financial circles, business community	
経済学	けいざいがく	economics	
経済企画庁	けいざいきかくちょう	Economic Planning Agency (defunct as of 2001)	
経度	けいど	longitude	
経費	けいひ	expenses, expenditure, outgoings, outlays, costs	
経由	けいゆ	going through, going via, going by way of	
経理	けいり	accounting, administration (of money)	
経歴	けいれき	personal history, background, career	
経路	けいろ	course, route, path, channel	
継ぎ接ぎ	つぎはぎ	patching (clothing), darning	
継ぐ	つぐ	to succeed (a person, to a position, etc.), to inherit, to take over, to follow	
継承	けいしょう	inheritance, succession, accession	
継続	けいぞく	continuation, continuance, going on	
継投	けいとう	relieving the (starting) pitcher	
繋がり	つながり	connection, link, relationship	
繋がる	つながる	to be tied together, to be connected to, to be linked to	
繋ぐ	つなぐ	to connect, to link together	
茎	くき	stalk, stem	
蛍	ほたる	firefly (Luciola cruciata), lightning bug, glowworm	
計	けい	plan	
計り知れない	はかりしれない	unfathomable, inestimable, immeasurable	
計画	けいかく	plan, project, schedule, scheme, program, programme	
計器	けいき	meter, gauge	
計算	けいさん	calculation, computation, reckoning, counting, adding up, working out, figures	
計上	けいじょう	including (a cost) in a total calculation, appropriating (a sum of money), recording, allocating, booking	
計測	けいそく	measuring, measurement	
計量	けいりょう	measuring, weighing	
警戒	けいかい	vigilance, caution, alertness, precaution, being on guard	
警官	けいかん	police officer, policeman, constable	
警護	けいご	bodyguard, escort	
警告	けいこく	warning, caution, admonition	
警察	けいさつ	police	
警察官	けいさつかん	police officer, policeman, policewoman	
警察署	けいさつしょ	police station	
警察庁	けいさつちょう	National Police Agency, NPA	
警視	けいし	police superintendent	
警視庁	けいしちょう	Metropolitan Police Department	
警鐘	けいしょう	alarm bell, fire bell	
警笛	けいてき	horn, alarm, whistle, foghorn	
警備	けいび	defense, defence, guard, policing, security	
警部	けいぶ	police inspector	
警報	けいほう	warning, alarm, alert	
軽い	かるい	light (i.e. not heavy), feeling light (i.e. offering little resistance, moving easily)	
軽音楽	けいおんがく	light music, popular music	
軽快	けいかい	light (of movements), nimble, sprightly, springy	
軽減	けいげん	abatement, reduction	
軽工業	けいこうぎょう	light industry	
軽視	けいし	making light of, thinking little of, slighting, belittling, dismissing, contempt, disdain	
軽傷	けいしょう	minor injury	
軽食	けいしょく	light meal, snack, refreshments	
軽震	けいしん	weak earthquake	
軽薄	けいはく	frivolous, flippant, superficial, shallow, trifling, insincere	
軽蔑	けいべつ	contempt, scorn, disdain, despising, looking down on, slighting	
軽妙	けいみょう	light and easy, lambent, clever, witty, smart	
軽油	けいゆ	diesel oil, diesel fuel, gas oil	
軽率	けいそつ	rash, thoughtless, careless, hasty, imprudent	
軽量	けいりょう	light weight	
鶏	にわとり	chicken (Gallus gallus domesticus), domestic chicken	
鶏肉	とりにく	chicken meat	
鶏卵	けいらん	hen's egg	
芸者	げいしゃ	geisha, professional female entertainer, usu. at traditional banquets	
芸術	げいじゅつ	art, the arts	
芸術家	げいじゅつか	artist	
芸人	げいにん	(TV) comedian	
芸能	げいのう	public entertainment, performing arts	
芸能人	げいのうじん	entertainer, performer, celebrity, entertainment personality	
芸名	げいめい	stage name	
迎え	むかえ	meeting, greeting, welcome	
迎える	むかえる	to go out to meet, to receive, to welcome, to greet, to salute, to hail	
迎え撃つ	むかえうつ	to meet (the enemy) and attack, to engage (the approaching enemy), to confront, to intercept	
迎撃	げいげき	intercept, interception, counter-attack	
迎合	げいごう	ingratiation, pandering, catering (to), going along with (someone or something), accommodating oneself (e.g. to public opinion)	
迎賓館	げいひんかん	reception hall (esp. for visiting state dignitaries), guest house	
鯨	くじら	whale (Cetacea spp.)	
鯨肉	げいにく	whale meat	
劇	げき	drama, play	
劇作	げきさく	playwriting	
劇場	げきじょう	theatre, theater, playhouse	
劇団	げきだん	troupe, theatrical company	
劇的	げきてき	dramatic, exciting, touching	
劇薬	げきやく	powerful medicine, strong poison	
撃つ	うつ	to shoot (a gun, person, etc.), to fire	
撃沈	げきちん	(attacking and) sinking (a ship), sending (a ship) to the bottom	
撃墜	げきつい	shooting down (an aircraft)	
激化	げきか	intensification, aggravation	
激減	げきげん	dramatic decrease, sharp drop, sudden fall	
激情	げきじょう	violent emotion, passion, fury	
激戦	げきせん	fierce battle, hard-fought battle, hot contest, severe fight	
激怒	げきど	rage, fury	
激動	げきどう	violent shock, agitation, turbulence, turmoil, upheaval, excitement	
激突	げきとつ	crash, smashing (into), ramming, (violent) collision	
激流	げきりゅう	raging stream, rapids	
激励	げきれい	encouragement, spurring (on), cheering (on)	
隙	すき	gap, opening, room, space	
隙間	すきま	gap, opening, aperture, crevice, crack, chink, space	
桁	けた	column, beam, girder, crossbeam, spar, yard	
傑作	けっさく	masterpiece, masterwork, chef d'oeuvre, fine piece of work	
傑出	けっしゅつ	being outstanding, excelling, being foremost	
欠かす	かかす	to miss (doing), to fail (to do)	
欠く	かく	to chip, to nick, to break, to crack	
欠ける	かける	to chip, to be chipped, to break (off), to be damaged	
欠員	けついん	vacant position, vacancy, opening, unfilled position	
欠陥	けっかん	defect, fault, flaw, deformity, deficiency, shortage, gap	
欠伸	あくび	yawn, yawning	
欠席	けっせき	absence, non-attendance	
欠損	けっそん	deficit, shortage, loss	
欠点	けってん	fault, defect, flaw, weak point, weakness, shortcoming, drawback	
欠如	けつじょ	lack, absence, shortage, deficiency, privation	
欠片	かけら	fragment, broken piece, chip, splinter, shard	
欠乏	けつぼう	deficiency, insufficiency, shortage, lack, want, dearth, scarcity	
決して	けっして	(not) ever, (not) by any means, (not) in the least, (not) in any way, (not) at all	
決する	けっする	to decide, to determine	
決める	きめる	to decide, to choose, to determine, to make up one's mind, to resolve, to set one's heart on, to settle, to arrange, to set, to appoint, to fix	
決め手	きめて	decider, person who decides	
決め付ける	きめつける	to fix upon (one-sidedly), to (ignore someone's position and) arbitrarily decide something is the case	
決意	けつい	decision, determination, resolution	
決議	けつぎ	resolution, vote, decision	
決済	けっさい	settlement (of an account), liquidation of debts, payment	
決裁	けっさい	sanction, approval, decision	
決算	けっさん	settlement of accounts, closing accounts, financial results, reporting (of accounts)	
決勝	けっしょう	decision of a contest, finals (in sports)	
決勝戦	けっしょうせん	championship game, finals (of a tournament), deciding round	
決心	けっしん	determination, resolution	
決戦	けっせん	decisive battle, deciding match, play-off	
決断	けつだん	decision, determination	
決定	けってい	decision, determination	
決定的	けっていてき	definite, final, decisive, conclusive	
決別	けつべつ	separation, farewell, parting	
決裂	けつれつ	breakdown (of talks, negotiations, etc.), breaking off, rupture	
潔い	いさぎよい	gracious (defeat, apology, etc.), graceful, honourable (e.g. death), noble, gallant, brave, manly, sportsmanlike	
潔白	けっぱく	innocence, guiltlessness, purity, uprightness, integrity	
潔癖	けっぺき	fastidiousness, love of cleanliness	
穴	あな	hole, opening, orifice, perforation	
穴埋め	あなうめ	filling (up) a hole	
結う	ゆう	to do up (hair), to dress, to arrange	
結び	むすび	ending, conclusion	
結びつき	むすびつき	connection, relation	
結びつく	むすびつく	to be related, to be connected, to be joined together	
結ぶ	むすぶ	to tie, to bind, to link	
結果	けっか	result, consequence, outcome, effect	
結核	けっかく	tuberculosis, TB	
結局	けっきょく	after all, in the end, ultimately, eventually	
結構	けっこう	splendid, nice, wonderful, delightful, lovely, excellent, fine	
結合	けつごう	combination, union, joining, linking, coupling	
結婚	けっこん	marriage	
結婚式	けっこんしき	marriage ceremony, wedding, nuptials	
結社	けっしゃ	association, society	
結集	けっしゅう	concentration (of efforts, forces, etc.), gathering together, regimentation, marshalling, mobilization	
結晶	けっしょう	crystal, crystallization, crystallisation	
結成	けっせい	formation, combination	
結束	けっそく	union, unity, solidarity	
結託	けったく	conspiracy, collusion	
結党	けっとう	formation of a (political) party	
結末	けつまつ	end, conclusion	
結論	けつろん	conclusion (of an argument, discussion, study, etc.)	
血	ち	blood	
血圧	けつあつ	blood pressure	
血液	けつえき	blood	
血液型	けつえきがた	blood type, blood group	
血縁	けつえん	blood relationship, consanguinity	
血管	けっかん	blood vessel, vein	
血痕	けっこん	bloodstain	
血糖	けっとう	blood sugar	
血友病	けつゆうびょう	hemophilia, haemophilia	
月	つき	Moon	
月額	げつがく	monthly sum, monthly amount	
月刊	げっかん	monthly publication, monthly issue	
月間	げっかん	month-long period, month	
月給	げっきゅう	monthly salary	
月経	げっけい	menstruation, menstrual period	
月見	つきみ	moon viewing (esp. during the eight month of the lunar calendar)	
月光	げっこう	moonlight, moonbeam	
月謝	げっしゃ	monthly tuition fee	
月収	げっしゅう	monthly income	
月初め	つきはじめ	beginning of the month	
月食	げっしょく	lunar eclipse	
月日	つきひ	time, years, days, (one's) life	
月賦	げっぷ	monthly installment (instalment), monthly payment	
月並み	つきなみ	every month	
月末	げつまつ	end of the month	
月面	げつめん	moon's surface	
月夜	つきよ	moonlit night	
月曜	げつよう	Monday	
月曜日	げつようび	Monday	
月例	げつれい	monthly	
件	けん	matter, affair, case, item, subject	
件数	けんすう	number of cases, incidents, items, messages, accounts, etc.	
倹約	けんやく	thrift, economy, frugality	
倦怠	けんたい	weariness, fatigue, languor, boredom, tedium, ennui	
健やか	すこやか	vigorous, healthy, sound	
健気	けなげ	admirable, commendable, praiseworthy, laudable, brave, heroic, noble, courageous	
健康	けんこう	health	
健康診断	けんこうしんだん	health checkup, (general) medical examination, physical examination	
健康的	けんこうてき	hygienic, healthy, healthful, sanitary	
健康保険	けんこうほけん	health insurance	
健在	けんざい	in good health, alive and well, going strong	
検診	けんしん	medical examination (for a specific condition or disease), health screening	
健全	けんぜん	healthy, sound, wholesome	
健闘	けんとう	fighting bravely, strenuous efforts	
兼	けん	and (concurrently; e.g. chauffeur and secretary), in addition to, at the same time, cum (e.g. bedroom-cum-study)	
兼ねる	かねる	to be unable to, to find difficult (unpleasant, awkward, painful) to do	
兼ね合い	かねあい	equilibrium, good balance, poise	
兼ね備える	かねそなえる	to have both, to possess both, to combine with	
兼任	けんにん	serving concurrently as, holding the additional post of	
兼務	けんむ	serving concurrently as, concurrently holding the position of, holding the additional post of	
券	けん	ticket, coupon, bond, certificate	
剣	けん	sword (esp. a large, double-edged one), blade	
剣劇	けんげき	sword play, samurai drama	
剣士	けんし	swordsman, swordswoman, fencer	
剣道	けんどう	kendo, Japanese martial art using bamboo swords	
喧嘩	けんか	quarrel, brawl, fight, squabble, scuffle, argument	
圏外	けんがい	outside (a region, area, etc.), out of range (of a mobile network, radar, etc.), outside the sphere (of influence, etc.), out of contention, out of reach	
圏内	けんない	inside (a region, area, etc.), within the range (of), within the sphere (of influence, etc.)	
硬い	かたい	hard, solid, tough	
堅固	けんご	solid, strong, firm	
堅持	けんじ	adhering to (a view, policy, etc.), sticking to, holding fast to, steadfastly maintaining	
堅調	けんちょう	firm (market), bullish	
嫌い	きらい	disliked, hated, disagreeable	
嫌う	きらう	to hate, to dislike, to loathe, to abhor	
嫌がらせ	いやがらせ	harassment, pestering	
嫌らしい	いやらしい	unpleasant, disagreeable, nasty	
嫌悪	けんお	disgust, hate, repugnance, loathing	
嫌疑	けんぎ	suspicion	
建てる	たてる	to build, to construct	
建議	けんぎ	proposition, motion, proposal, suggestion	
建国	けんこく	founding of a nation	
建材	けんざい	building material	
建設	けんせつ	construction, establishment	
建設的	けんせつてき	constructive	
建造	けんぞう	building, construction	
建造物	けんぞうぶつ	structure, building	
建築	けんちく	construction, architecture (of buildings)	
建築家	けんちくか	architect	
建物	たてもの	building	
建立	こんりゅう	(act of) building (temple, monument, etc.), erection	
憲章	けんしょう	charter	
憲政	けんせい	constitutional government	
憲法	けんぽう	constitution	
懸案	けんあん	pending question, unresolved problem	
懸賞	けんしょう	offering a prize, prize competition, prize, reward	
懸垂	けんすい	pull-up (exercise), chin-up, chinning	
懸念	けねん	worry, fear, anxiety, concern	
懸命	けんめい	eager, earnest, strenuous, fervent, assiduous, with utmost effort	
拳	こぶし	fist	
拳骨	げんこつ	(clenched) fist, knuckles	
拳銃	けんじゅう	pistol, handgun	
捲る	まくる	to turn up, to roll up (e.g. sleeves)	
捲る	めくる	to turn over, to turn (pages), to leaf through (a book, etc.)	
検疫	けんえき	quarantine, medical inspection	
検閲	けんえつ	censorship	
検挙	けんきょ	arrest, roundup	
検査	けんさ	inspection (e.g. customs, factory), examination, test, check, scan (e.g. MRI, PET), audit	
検索	けんさく	looking up (e.g. a word in a dictionary), search (e.g. on the Internet), retrieval (of information), reference	
検察	けんさつ	criminal investigation, prosecution	
検事	けんじ	public prosecutor	
検出	けんしゅつ	detection, sense (e.g. sensor)	
検証	けんしょう	verification, inspection	
検定	けんてい	official certification, official approval, inspection, verification, examination	
検討	けんとう	consideration, examination, investigation, study, scrutiny, discussion, analysis, review	
検問	けんもん	inspection, examination, check	
権	けん	right (to do something)	
権威	けんい	authority, power, influence, prestige	
権益	けんえき	(one's) interests	
権限	けんげん	power, authority, jurisdiction	
権利	けんり	right, privilege	
権力	けんりょく	(political) power, authority, influence	
犬	いぬ	dog (Canis (lupus) familiaris)	
犬猿の仲	けんえんのなか	like cats and dogs, (on) very bad terms, relationship of dogs and monkeys	
献金	けんきん	donation, contribution, offering	
献血	けんけつ	blood donation	
献上	けんじょう	presenting (to)	
献立	こんだて	menu, bill of fare	
研究	けんきゅう	research, study, investigation	
研究員	けんきゅういん	researcher, lab worker	
研究室	けんきゅうしつ	laboratory	
研究者	けんきゅうしゃ	researcher	
研修	けんしゅう	training (esp. in-service), induction course	
絹	きぬ	silk	
絹織物	きぬおりもの	silk goods	
絹布	けんぷ	silk, silk cloth	
県	けん	prefecture (of Japan), county (of China, Taiwan, Norway, etc.), department (of France), province (of Italy, Spain, etc.)	
県営	けんえい	(under) prefectural management	
県下	けんか	in the prefecture, prefectural	
県会	けんかい	prefectural assembly	
県議	けんぎ	prefectural assembly member	
県警	けんけい	prefectural police	
県知事	けんちじ	prefectural governor	
県庁	けんちょう	prefectural office	
県道	けんどう	prefectural road	
県内	けんない	within the prefecture	
県民	けんみん	resident of a prefecture, citizen of a prefecture	
県立	けんりつ	prefectural, managed by a prefectural government	
肩	かた	shoulder	
肩こり	かたこり	stiff neck, stiff shoulders	
見出す	みいだす	to find out, to discover, to notice, to detect	
見える	みえる	to be seen, to be visible, to be in sight	
見せびらかす	みせびらかす	to show off, to flaunt	
見せる	みせる	to show, to display	
見せ掛け	みせかけ	seeming, pose, show, pretense, sham, mock	
見っともない	みっともない	shameful, disgraceful, unsightly, indecent, unseemly, unbecoming, improper	
見る	みる	to see, to look, to watch, to view, to observe	
見違える	みちがえる	to mistake (for something or someone else), to be unable to recognize	
見下す	みくだす	to look down (on), to condescend (to)	
見下ろす	みおろす	to overlook, to command a view of, to look down on	
見解	けんかい	opinion, point of view	
見学	けんがく	inspection, study by observation, field trip, tour, review	
見極める	みきわめる	to watch to the end	
見苦しい	みぐるしい	unsightly, ugly, unseemly, indecent, deplorable, disgraceful, shameful	
見合い	みあい	(formal) meeting with a view to marriage, interview with a prospective spouse	
見合わせる	みあわせる	to exchange glances, to look at each other	
見込む	みこむ	to anticipate, to expect, to estimate, to count on, to allow for, to take into account	
見事	みごと	splendid, magnificent, excellent, fine, superb, beautiful, admirable	
見識	けんしき	views, opinion, discernment	
見失う	みうしなう	to lose sight of, to miss	
見捨てる	みすてる	to abandon, to fail, to desert, to forsake	
見守る	みまもる	to watch over, to keep watch over, to keep an eye on	
見受ける	みうける	to catch sight of, to see, to suppose, to assume from appearances	
見習う	みならう	to follow (someone's) example, to imitate, to copy, to pattern oneself on	
見出し	みだし	heading, headline, title, caption	
見上げる	みあげる	to look up at, to raise one's eyes	
見晴らし	みはらし	(scenic) view, prospect, outlook	
見晴らす	みはらす	to command a view, to look out over (onto, across, etc.), to overlook	
見切り	みきり	abandonment, giving up, forsaking	
見送り	みおくり	seeing (someone) off, send-off	
見送る	みおくる	to see (someone) off, to escort	
見損なう	みそこなう	to misjudge, to mistake, to misread	
見知らぬ	みしらぬ	strange, unfamiliar, unknown	
見地	けんち	point of view, viewpoint, standpoint	
見張る	みはる	to stand watch, to stand guard, to look out	
見直し	みなおし	review, reconsideration, revision	
見直す	みなおす	to look at again	
見渡す	みわたす	to look out over, to survey (scene), to take an extensive view of	
見当	けんとう	estimate, guess, conjecture, aim	
見当たる	みあたる	to be found	
見舞う	みまう	to visit and comfort or console, to go to see (e.g. someone in hospital), to ask after (e.g. someone's health), to inquire after	
見物	けんぶつ	sightseeing, watching, viewing	
見物人	けんぶつにん	spectator, sightseer, onlooker	
見分ける	みわける	to distinguish, to recognize, to recognise, to tell apart, to differentiate	
見聞	けんぶん	information, experience, knowledge, observation	
見返す	みかえす	to look (stare) back at (someone)	
見返り	みかえり	reward, compensation, repayment, something done or given in return	
見方	みかた	viewpoint, point of view, way of looking (at something), view, angle	
見本	みほん	sample, specimen, pattern	
見本市	みほんいち	trade fair	
見落とす	みおとす	to overlook, to fail to notice, to miss (seeing)	
謙虚	けんきょ	modest, humble	
謙遜	けんそん	modesty, humility, being humble	
賢い	かしこい	wise, clever, smart	
賢人	けんじん	wise person, virtuous person, sage	
賢母	けんぼ	wise mother	
賢明	けんめい	wise, sensible, well-advised, intelligent, sagacious, prudent	
軒	のき	eaves	
軒先	のきさき	edge of the eaves, house frontage	
軒並み	のきなみ	row of houses	
遣唐使	けんとうし	envoy to Tang China	
鍵	かぎ	key	
鍵盤	けんばん	keyboard (of a piano, typewriter, etc.)	
険しい	けわしい	precipitous, rugged, inaccessible, impregnable, steep	
険悪	けんあく	dangerous, perilous, threatening, stormy, volatile, tense, critical, serious	
顕在	けんざい	being actual (as opposed to hidden or latent), being apparent, being obvious, being tangible, being revealed	
顕彰	けんしょう	honouring (publicly), honoring, making someone's good deeds or achievements well-known	
顕著	けんちょ	remarkable, striking, obvious	
顕微鏡	けんびきょう	microscope	
元	もと	origin, source, beginning	
元より	もとより	from the beginning, from the first, all along, originally	
元気	げんき	lively, full of spirit, energetic, vigorous, vital, spirited	
元号	げんごう	name of an imperial era (e.g. Heisei, Shōwa), Japanese era name	
元首	げんしゅ	sovereign, ruler, head of state	
元帥	げんすい	(field) marshal, (fleet) admiral, general of the army	
元祖	がんそ	originator, pioneer, inventor, founder	
元旦	がんたん	New Year's Day, first day of the year	
元日	がんじつ	New Year's Day	
元年	がんねん	first year (of an imperial era)	
元本	がんぽん	principal, capital	
元来	がんらい	originally, essentially, naturally, by nature, really, actually	
元老	げんろう	elder statesman, doyen, old-timer, authority	
元禄	げんろく	Genroku era (1688.9.30-1704.3.13)	
原	はら	field, plain, prairie, tundra, moor, wilderness	
原っぱ	はらっぱ	open field, empty lot, plain	
原案	げんあん	original plan, original bill, original motion, draft	
原因	げんいん	cause, origin, source	
原画	げんが	original picture	
原義	げんぎ	original meaning	
原型	げんけい	prototype, model, pattern, archetypal	
原形	げんけい	original form, base form	
原稿	げんこう	manuscript, copy, draft, notes, contribution	
原稿用紙	げんこうようし	Japanese writing paper (lined with a square grid, one square per character), manuscript paper	
原告	げんこく	plaintiff, accuser, prosecutor	
原材料	げんざいりょう	raw materials, ingredients	
原作	げんさく	original work	
原産	げんさん	place of origin, habitat	
原産地	げんさんち	place of origin (of a plant or animal species, etc.), natural habitat, original home	
原始	げんし	origin, beginning, genesis	
原子	げんし	atom	
原子核	げんしかく	nucleus, atomic nucleus	
原子力	げんしりょく	atomic energy, nuclear power	
原子炉	げんしろ	atomic reactor, nuclear reactor	
原住民	げんじゅうみん	native people, aboriginal, indigenous people	
原書	げんしょ	original document (not a copy or adaptation), book in its original language (esp. a European language)	
原色	げんしょく	primary colour, primary color	
原人	げんじん	primitive man	
原水爆	げんすいばく	atomic and hydrogen bombs, nuclear and thermonuclear bombs	
原生	げんせい	primeval, primordial, primitive, pristine	
原潜	げんせん	nuclear submarine	
原則	げんそく	principle, general rule	
原点	げんてん	starting point, origin, beginning	
原動力	げんどうりょく	motive power, driving force	
原爆	げんばく	atomic bomb, A-bomb	
原発	げんぱつ	nuclear power plant, nuclear power generation	
原文	げんぶん	original text	
原本	げんぽん	original (document, copy, work, text, etc.)	
原野	げんや	waste land, wilderness, moor, field, plain	
原油	げんゆ	crude oil	
原理	げんり	principle, theory, fundamental truth	
原料	げんりょう	raw materials, ingredient	
厳か	おごそか	solemn (ceremony, atmosphere, etc.), austere, grave, majestic, dignified, stately, impressive	
厳しい	きびしい	severe, strict, rigid, unsparing, relentless	
厳戒	げんかい	strict guard	
厳格	げんかく	strict, severe, stern, rigid, rigorous, tough	
厳禁	げんきん	strict prohibition, ban, interdiction	
厳守	げんしゅ	strict observance, rigid adherence, scrupulous compliance	
厳重	げんじゅう	strict, severe, stringent, rigorous, rigid, firm, strong, secure	
厳粛	げんしゅく	grave, solemn, serious	
厳罰	げんばつ	severe punishment, rigorous measures	
厳密	げんみつ	strict, close, precise, scrupulous	
幻	まぼろし	phantom, vision, illusion, apparition	
幻影	げんえい	phantom, vision, illusion	
幻覚	げんかく	hallucination, illusion	
幻想	げんそう	fantasy, illusion, vision, dream	
幻滅	げんめつ	disillusionment, disillusion, disenchantment	
弦楽	げんがく	music for strings, string music	
弦楽器	げんがっき	string instrument, stringed instrument	
減らす	へらす	to abate, to decrease, to diminish, to shorten	
減る	へる	to decrease (in size or number), to diminish, to abate	
減価償却	げんかしょうきゃく	depreciation	
減額	げんがく	reduction (esp. in price or cost), diminution, abatement	
減産	げんさん	decrease in production	
減収	げんしゅう	fall, decrease (in income)	
減少	げんしょう	decrease, reduction, decline	
減税	げんぜい	tax reduction	
減速	げんそく	deceleration	
減退	げんたい	decline, ebb, failure, decay, decrease, loss	
減点	げんてん	subtracting points, deducting points	
減反	げんたん	reduction (of crop size), reduction of acreage (under cultivation)	
減俸	げんぽう	salary reduction, salary cut	
減免	げんめん	reduction and exemption (e.g. taxes), mitigation and remission (e.g. in criminal law)	
減量	げんりょう	loss in weight (esp. body weight), weight reduction	
源	みなもと	source (of a river), fountainhead	
源泉	げんせん	source (of a spring, etc.)	
源流	げんりゅう	source (e.g. of a river), headwaters	
玄関	げんかん	entrance, front door, entryway, entranceway, entry hall, vestibule, porch, foyer, mud room	
玄人	くろうと	expert, professional, master, connoisseur	
玄米	げんまい	unpolished rice, unmilled rice, brown rice	
表す	あらわす	to represent, to signify, to stand for	
現に	げんに	actually, really	
現れる	あらわれる	to appear, to come in sight, to become visible, to come out, to embody, to materialize, to materialise	
現況	げんきょう	present condition	
現金	げんきん	cash, ready money, money on hand, currency	
現行	げんこう	present, current, in operation	
現在	げんざい	the present, present time, now	
現時点	げんじてん	present point (i.e. in history), at the present time	
現実	げんじつ	reality, actuality, hard fact	
現実的	げんじつてき	realistic, pragmatic	
現住所	げんじゅうしょ	(present) address	
現象	げんしょう	phenomenon	
現場	げんば	actual spot, scene (of a crime, accident, etc.)	
現状	げんじょう	present condition, existing state, status quo, current state	
現職	げんしょく	present post, current office, (an) incumbent	
現像	げんぞう	development (of film), photographic processing	
現代	げんだい	present age, present day, today	
現地	げんち	actual place, actual location, the spot, the scene, the field, (on) site	
現物	げんぶつ	actual article or goods	
現役	げんえき	active duty, active service	
言い回し	いいまわし	expression, phraseology	
言い出す	いいだす	to begin to say, to start talking, to broach (a matter), to bring up, to come out with	
言い切る	いいきる	to declare, to assert, to state definitively	
言い渡す	いいわたす	to announce, to tell, to sentence, to order	
言い表す	いいあらわす	to express (in words)	
言い分	いいぶん	one's say, one's point, one's case, one's claim	
言い返す	いいかえす	to talk back, to answer back, to retort, to reply, to respond	
言い方	いいかた	way of saying (something), way of putting it, wording, phrasing, language, expression	
言うまでもない	いうまでもない	goes without saying, needless to say, obvious	
言わば	いわば	so to speak, so to call it, as it were	
言及	げんきゅう	reference, allusion	
言語	げんご	language	
言質	げんち	commitment, pledge, promise	
言動	げんどう	speech and conduct, words and actions, words and deeds, behavior, behaviour, manners	
言明	げんめい	declaration, statement, assertion	
言葉	ことば	language, dialect	
言葉遣い	ことばづかい	speech, expression, wording, language	
言論	げんろん	(one's) speech, expression of views, discussion	
諺	ことわざ	proverb, saying, aphorism, maxim	
限り	かぎり	limit, limits, bounds	
限りない	かぎりない	unlimited, endless, boundless, infinite	
限る	かぎる	to restrict, to limit, to confine	
限界	げんかい	limit, bound	
限定	げんてい	limit, restriction	
限度	げんど	limit, bounds	
限度額	げんどがく	limit (amount, e.g. on credit card, loan, expenditure)	
個	こ	counter for (small) things or pieces	
個室	こしつ	single (room), room for one, one's own room, private room, private compartment	
個人	こじん	individual, private person, personal, private	
個人差	こじんさ	individual differences, personal equation	
個人的	こじんてき	personal, individual, private	
個性	こせい	individuality, personality, quirk, idiosyncrasy, character, individual characteristic	
個性的	こせいてき	individual, distinctive, unique, characteristic, personal, idiosyncratic	
個体	こたい	individual, specimen	
個展	こてん	solo exhibition, one-man exhibition, one-woman exhibition	
個別	こべつ	individual, separate, personal, case-by-case	
古	いにしえ	antiquity, ancient times, bygone days, former times	
古い	ふるい	old, aged, ancient, antiquated, antique, timeworn	
古語	こご	archaic word, obsolete word, archaism	
古今	ここん	ancient and modern times, all ages, past and present	
古参	こさん	senior, veteran, old-timer	
古臭い	ふるくさい	stale, old fashioned, hackneyed, trite, antiquated, obsolete, musty, outdated	
古書	こしょ	old book, rare book, classic	
古城	こじょう	old castle, old fortress	
古巣	ふるす	old haunts, former homes	
古代	こだい	ancient times, distant past, antiquity	
古着	ふるぎ	old clothes, secondhand clothing	
古典	こてん	classic (work, esp. book), the classics	
古典的	こてんてき	classical, classic	
古都	こと	ancient city, former capital	
古風	こふう	old-fashioned, archaic, antique, antiquated	
古墳	こふん	ancient burial mound, barrow, tumulus	
古本屋	ふるほんや	secondhand bookshop, secondhand bookstore, secondhand bookseller	
古来	こらい	from ancient times, from old times, from time immemorial	
呼びかける	よびかける	to call out to, to hail, to address	
呼び捨て	よびすて	addressing (someone) without using a suffix such as "-san" or "-chan" (considered impolite)	
呼び出す	よびだす	to call (someone) to (the door, phone, etc.), to tell (someone) to come, to call up (on the phone), to summon, to page, to invoke (e.g. a spirit)	
呼び水	よびみず	pump-priming, rousing, stimulation	
呼び声	よびごえ	call, hail, yell	
呼び戻す	よびもどす	to call (someone) back, to recall, to call home	
呼ぶ	よぶ	to call out (to), to call, to invoke	
呼応	こおう	hailing each other	
呼吸	こきゅう	breathing, respiration	
呼吸器	こきゅうき	respiratory organs	
呼称	こしょう	name, designation, denomination, naming, giving a name	
固まる	かたまる	to harden, to solidify	
固め	かため	hardening, fortifying	
固める	かためる	to harden, to freeze, to strengthen, to solidify, to make (a fist), to tramp down (snow, dirt)	
固形	こけい	solid (body)	
固体	こたい	solid (body), solid matter, solid-state	
固定	こてい	fixing (in place), being fixed (in place), securing, anchoring, fastening down	
固定資産	こていしさん	fixed assets	
固有	こゆう	characteristic, traditional, peculiar, inherent, native, eigen-	
姑	しゅうとめ	mother-in-law	
孤児	こじ	orphan	
孤児院	こじいん	orphanage	
孤島	ことう	solitary island, isolated island	
孤独	こどく	solitude, loneliness, isolation	
孤立	こりつ	isolation, being alone, being friendless	
己	おのれ	oneself (itself, etc.)	
戸	と	door (esp. Japanese-style)	
戸外	こがい	open air, outdoors, outside	
戸口	とぐち	door, doorway	
戸数	こすう	number of houses, number of households	
戸籍	こせき	family register	
戸棚	とだな	cupboard, locker, closet, wardrobe, cabinet	
戸締まり	とじまり	locking up (doors and windows), fastening the doors	
戸惑い	とまどい	being at sea, losing one's bearings, confusion, wonderment	
戸惑う	とまどう	to be bewildered, to be perplexed	
故に	ゆえに	therefore, consequently	
故意	こい	intent, intention, bad faith	
故国	ここく	one's native land	
故事	こじ	historical event, ancient event	
故障	こしょう	fault, trouble, breakdown, failure, being out of order	
故人	こじん	the deceased, the departed	
枯れる	かれる	to wither (of a plant), to be blasted, to die	
枯死	こし	withering, dying	
湖	みずうみ	lake	
湖沼	こしょう	lake, marsh, wetland, inland waters	
湖水	こすい	lake, lake water	
湖畔	こはん	lakeside, lakeshore, lakefront	
狐	きつね	fox (esp. the red fox, Vulpes vulpes)	
糊	のり	paste, glue	
袴	はかま	hakama, pleated skirt or loose-legged trousers worn over a kimono mainly on ceremonial occasions	
股	また	groin, thigh, crotch, crutch	
胡坐	あぐら	sitting cross-legged	
胡桃	くるみ	walnut (Juglans spp., esp. Juglans regia)	
胡麻	ごま	sesame seeds	
胡椒	こしょう	pepper	
虎	とら	tiger (Panthera tigris)	
誇り	ほこり	pride, boast, credit (to)	
誇る	ほこる	to boast of, to be proud of, to take pride in	
誇示	こじ	flaunting, showing off, display (of power, wealth, etc.), ostentation	
誇大	こだい	exaggeration, hyperbole	
誇張	こちょう	exaggeration	
跨ぐ	またぐ	to step over, to step across, to stride over, to stride across, to cross	
雇用	こよう	employment, hire	
顧みる	かえりみる	to look back on (the past), to reflect on, to reminisce about	
顧問	こもん	adviser, advisor, consultant	
鼓	つづみ	hand drum	
鼓動	こどう	beat, palpitation, pulsation, throbbing	
鼓舞	こぶ	encouragement, inspiration, rousing, stirring up, raising (e.g. morale)	
鼓膜	こまく	eardrum, tympanic membrane	
五	ご	five, 5	
五つ	いつつ	five	
五感	ごかん	the five senses	
５月	ごがつ	May	
五十音	ごじゅうおん	the Japanese syllabary	
五十三次	ごじゅうさんつぎ	fifty-three stations on the Tōkaidō (Edo-Kyoto highway in Edo-period Japan)	
五体	ごたい	the whole body	
５日	いつか	5th day of the month	
五分	ごぶ	half, 50%	
互い	たがい	each other, one another	
互いに	たがいに	mutually, with each other, reciprocally, together	
互い違い	たがいちがい	alternate, alternation	
互角	ごかく	equal (in ability), even, evenly matched, well-matched, on par (with)	
互換	ごかん	interchange	
互助	ごじょ	mutual aid, cooperation, benefit	
互選	ごせん	election by mutual vote, election from within a committee (party, etc.), internal vote	
午	うま	the Horse (seventh sign of the Chinese zodiac)	
午後	ごご	afternoon, p.m.	
午前	ごぜん	morning, a.m.	
午前中	ごぜんちゅう	in the morning, during the morning	
呉れる	くれる	to give, to let (one) have	
呉れ呉れも	くれぐれも	sincerely, earnestly, wholeheartedly	
呉越同舟	ごえつどうしゅう	bitter enemies in the same boat, rivals finding themselves together by chance, strange bedfellows	
呉服	ごふく	cloth (for Japanese clothes), kimono fabrics, textile, drapery, dry goods, piece goods	
娯楽	ごらく	amusement, entertainment, recreation, pleasure, pastime, hobby	
後	あと	behind, rear	
後	のち	later, afterwards	
後ろ	うしろ	back, behind, rear	
後ろ姿	うしろすがた	(a person's) appearance from behind, person as seen from behind, back view, retreating figure	
後ろ盾	うしろだて	backing, support, backer, supporter, patron, sponsor	
後遺症	こういしょう	prognostic symptoms, after-effect, sequela	
後援	こうえん	support, backing	
後押し	あとおし	pushing, support, backing, supporter, backer	
後回し	あとまわし	putting off, postponing	
後悔	こうかい	regret, repentance, remorse	
後期	こうき	latter period, second half, late stage, third trimester, second semester	
後継	こうけい	succession	
後見	こうけん	guardianship, guardian	
後ろ向き	うしろむき	back-facing, backwards	
後妻	ごさい	second wife	
後始末	あとしまつ	settlement (of a matter), sorting out, winding up (affairs), dealing with the aftermath	
後者	こうしゃ	the latter, the second	
後手	ごて	losing initiative, being forestalled	
後書き	あとがき	afterword, postscript	
後世	こうせい	posterity, future generations, future life	
後続	こうぞく	succeeding, following, trailing, next	
後退	こうたい	retreat, falling back, moving backwards, reversing, backing up (of a vehicle), retrogression, retraction	
後天的	こうてんてき	acquired (e.g. characteristic), learned (e.g. behaviour)	
後日	ごじつ	in the future, another day, later	
後任	こうにん	successor	
後輩	こうはい	junior (at work, school, etc.), younger people, younger student	
後発	こうはつ	starting late, late departure	
後半	こうはん	second half, latter half	
後部	こうぶ	rear, stern	
後片付け	あとかたづけ	tidying up, clearing up, cleaning up, clearing away, putting in order	
後方	こうほう	rear, back, behind	
後戻り	あともどり	going backward, turning back, backtracking, doubling back	
後列	こうれつ	back row, rear rank	
御	ご	honorific/polite/humble prefix	
お陰で	おかげで	thanks to ..., owing to ..., because of ...	
お陰様で	おかげさまで	thankfully, fortunately, luckily, by God's grace, under the gods' shadow	
御苑	ぎょえん	imperial garden	
ご協力	ごきょうりょく	cooperation, collaboration, help, support	
御社	おんしゃ	your company	
ご主人	ごしゅじん	your husband, her husband	
御所	ごしょ	imperial palace (esp. Kyoto Imperial Palace), imperial residence, residence of a shogun, minister, etc.	
お節介	おせっかい	meddling, meddlesomeness, nosiness, interference, officiousness	
おせち料理	おせちりょうり	osechi, osechi-ryōri, traditional food eaten during the New Year's holidays	
ご馳走様	ごちそうさま	thank you (for the meal), that was a delicious meal	
御中	おんちゅう	... and Company, Messrs, for the attention of ...	
お中元	おちゅうげん	mid-year gift, summer gift	
お釣り	おつり	change (for a purchase)	
御殿	ごてん	palace, court	
お年玉	おとしだま	New Year's gift (usu. money given to a child by relatives and visitors)	
ご飯	ごはん	cooked rice	
ご無沙汰	ごぶさた	not writing or contacting for a while, neglecting (failing) to write (call, visit, etc.), long silence	
御免	ごめん	I'm sorry, my apologies, excuse me, pardon me	
ごめん下さい	ごめんください	may I come in?	
御目出度う	おめでとう	congratulations!, well done!, best wishes!, all the best!	
神輿	みこし	mikoshi, portable Shinto shrine carried through the streets during festivals	
ご覧	ごらん	(please) try to	
お礼	おれい	thanks, gratitude	
ご連絡	ごれんらく	contacting, getting in touch, communication, call, message	
お襁褓	おむつ	diaper, nappy	
悟り	さとり	comprehension, understanding	
悟る	さとる	to sense, to perceive, to notice, to discern, to become aware of	
碁	ご	go (board game)	
碁盤	ごばん	Go board	
語	ご	word, term	
語らう	かたらう	to talk, to tell, to recite, to pledge, to conspire with	
語り	かたり	talk, recital	
語り口	かたりくち	way of reciting, way of telling a story	
語り手	かたりて	narrator, storyteller, reciter	
語る	かたる	to talk about, to speak of, to tell, to narrate	
語学	ごがく	study of foreign languages	
語気	ごき	tone, manner of speaking	
語句	ごく	words and phrases, words	
語源	ごげん	origin of a word, derivation of a word, etymology	
語彙	ごい	vocabulary, lexicon, lexis, terminology	
誤り	あやまり	error, mistake, slip, bug	
誤る	あやまる	to make a mistake (in), to commit an error, to do incorrectly, to err	
誤解	ごかい	misunderstanding	
誤差	ごさ	measurement error, calculation error	
誤算	ごさん	miscalculation	
誤字	ごじ	misprint, misspelling, typo, typographical error, erratum	
誤植	ごしょく	misprint, typographical error, typo	
誤認	ごにん	misrecognition, mistaking (x for y)	
誤報	ごほう	false report, incorrect report, misinformation, false alarm	
誤魔化す	ごまかす	to deceive, to cheat, to swindle	
護衛	ごえい	guard, convoy, escort	
護岸	ごがん	river dike	
護憲	ごけん	protecting the constitution	
護送	ごそう	escort (e.g. under guard), convoy	
乞食	こじき	beggar	
鯉	こい	common carp (Cyprinus carpio), koi carp	
交える	まじえる	to mix, to combine, to include	
交わる	まじわる	to cross, to intersect, to join, to meet	
交易	こうえき	trade, commerce	
交換	こうかん	exchange, interchange, switching, reciprocity, barter, substitution, replacement, clearing (of checks, cheques)	
交響楽団	こうきょうがくだん	symphony orchestra	
交響曲	こうきょうきょく	symphony	
交互	こうご	alternate, alternating	
交差	こうさ	crossing, intersection	
交際	こうさい	company, friendship, association, society, acquaintance	
交際費	こうさいひ	entertainment expenses	
交錯	こうさく	mixture, blending, complication, crossing, intersecting, interlacing	
交渉	こうしょう	negotiations, bargaining, discussions, talks	
交信	こうしん	telecommunications, correspondence	
交戦	こうせん	war, battle, hostilities	
交通	こうつう	traffic, transportation	
交通機関	こうつうきかん	(means of) transportation, transport, transportation facilities, transportation system, transit system	
交通事故	こうつうじこ	traffic accident	
交通費	こうつうひ	traveling expenses, travelling expenses, carfare	
交通網	こうつうもう	transportation network, transport network, traffic network	
交番	こうばん	police box, koban, small neighborhood police station	
交付	こうふ	delivery, issuance, handing over, granting	
交友	こうゆう	friend, companion, acquaintance	
交流	こうりゅう	exchange (e.g. cultural), interchange, interaction, mingling, mixing, coming together	
侯	こう	marquis, second highest rank of the five ranks of nobility	
侯爵	こうしゃく	marquis, marquess	
候補	こうほ	candidate, contender, prospect, pick, choice, list	
候補者	こうほしゃ	candidate, applicant	
光	ひかり	light	
光り輝く	ひかりかがやく	to shine, to glitter	
光る	ひかる	to shine, to glitter, to be bright	
光栄	こうえい	honour, honor, glory, privilege	
光学	こうがく	optics	
光輝	こうき	brightness, splendour, splendor	
光景	こうけい	scene, spectacle, sight, view	
光彩	こうさい	brilliance, splendour, splendor, lustre, luster	
光線	こうせん	beam, light ray	
光沢	こうたく	brilliance, polish, lustre, luster, glossy finish	
光熱費	こうねつひ	cost of fuel and lighting, cost of heat and electricity, energy bill, utility cost	
光年	こうねん	light-year	
光明	こうみょう	bright light	
公	おおやけ	official, governmental, formal	
公安	こうあん	public peace, public safety, public security, peace and order	
公営	こうえい	public management	
公益	こうえき	public interest, public benefit, public good	
公益法人	こうえきほうじん	public-service corporation, charitable corporation	
公園	こうえん	(public) park	
公演	こうえん	public performance	
公会堂	こうかいどう	town hall, public hall	
公海	こうかい	high seas, international waters	
公開	こうかい	opening to the public, making available to the public, exhibiting, unveiling, release (of a film, information, etc.), disclosure, publication	
公害	こうがい	pollution, public nuisance, contamination	
公館	こうかん	official residence	
公共	こうきょう	public (facilities, service, etc.), communal	
公共料金	こうきょうりょうきん	public utilities charge	
公金	こうきん	public funds	
公言	こうげん	declaration, profession	
公庫	こうこ	finance corporation	
公債	こうさい	public debt, public bond, government securities	
公算	こうさん	probability, likelihood	
公使	こうし	envoy, diplomat below the rank of ambassador (e.g. deputy chief of mission, charge d'affaires), minister (of legation)	
公司	コンス	company (in China), firm	
公子	こうし	young nobleman	
公私	こうし	public and private matters, official and personal affairs, professional and personal lives	
公示	こうじ	public announcement, official notice, edict	
公式	こうしき	official, formal	
公社	こうしゃ	public corporation	
公社債	こうしゃさい	public bonds	
公爵	こうしゃく	prince, duke	
公衆	こうしゅう	the public, general public	
公衆衛生	こうしゅうえいせい	public health, public hygiene, sanitation	
公衆電話	こうしゅうでんわ	public telephone, pay phone	
公称	こうしょう	public announcement, official statement, official claim	
公職	こうしょく	public office	
公人	こうじん	public character	
公正	こうせい	justice, fairness, impartiality	
公設	こうせつ	public (institution)	
公選	こうせん	public election, election by popular vote	
公然	こうぜん	open, public, official, overt	
公訴	こうそ	(public) prosecution, indictment, accusation	
公団	こうだん	public corporation	
公聴会	こうちょうかい	public hearing	
公定	こうてい	official (rate, price, etc.), officially fixed	
公邸	こうてい	official residence	
公的	こうてき	public, official	
公認	こうにん	official recognition, official approval, certification, authorization, authorisation	
公認会計士	こうにんかいけいし	certified public accountant	
公判	こうはん	public hearing, trial	
公費	こうひ	public expense, public funds, public money, public expenditure	
公表	こうひょう	official announcement, proclamation	
公布	こうふ	official proclamation, announcement, promulgation (e.g. of regulations)	
公文	こうぶん	official document, archives	
公文書	こうぶんしょ	official document, archives	
公平	こうへい	fairness, impartiality, justice, objectivity	
公募	こうぼ	public appeal (e.g. for contributions), public advertisement (of a post), open recruitment	
公報	こうほう	official bulletin, communique	
公民	こうみん	citizen	
公民館	こうみんかん	public hall, community center, community centre	
公民権	こうみんけん	civil rights, franchise, citizenship	
公務	こうむ	official business, public business	
公務員	こうむいん	public employee, government employee, public-sector worker, public servant, civil servant	
公明	こうめい	fairness, openness, impartiality	
公約	こうやく	public commitment, public promise, campaign pledge, official vow	
公有	こうゆう	public ownership	
公用	こうよう	official business, government business, public business, company duties	
公立	こうりつ	public (institution)	
公論	こうろん	public opinion, unbiased criticism, unbiassed criticism	
功績	こうせき	achievement, meritorious deed, distinguished service, contribution	
功名	こうみょう	great achievement, glorious deed, (gaining) fame, (earning) distinction	
功労	こうろう	meritorious deed, services	
効果	こうか	effect, effectiveness, efficacy, result	
効果的	こうかてき	effective, successful	
効能	こうのう	effect, effectiveness, efficacy, virtue, benefit	
効用	こうよう	use, utility, effect, benefit	
効率	こうりつ	efficiency	
効率的	こうりつてき	efficient	
効力	こうりょく	effect, efficacy, validity, potency	
勾配	こうばい	slope, incline, gradient, grade, pitch	
厚い	あつい	thick, deep, heavy	
厚かましい	あつかましい	impudent, shameless, brazen, cheeky, presumptuous	
厚さ	あつさ	thickness	
厚意	こうい	kindness (shown by others), courtesy, favor, favour, good offices	
厚紙	あつがみ	cardboard, thick paper	
厚生	こうせい	welfare, public welfare, social welfare	
厚生省	こうせいしょう	(former) Ministry of Health and Welfare	
厚生年金	こうせいねんきん	welfare pension	
厚相	こうしょう	Welfare Minister	
厚着	あつぎ	wearing thick clothes, dressing warmly	
厚み	あつみ	thickness	
口	くち	mouth	
口コミ	くちコミ	word of mouth	
口火	くちび	fuse, pilot light	
口径	こうけい	aperture, bore, calibre, caliber	
口語	こうご	spoken language, colloquial speech	
口紅	くちべに	lipstick	
口座	こうざ	account (e.g. bank)	
口止め	くちどめ	forbidding mentioning (something to others), imposing silence (on), ordering (someone) to keep quiet, muzzling (someone), gagging, hushing up	
口実	こうじつ	excuse, pretext	
口出し	くちだし	meddling (in), butting in, interference, poking one's nose into	
口述	こうじゅつ	dictation, verbal statement	
口上	こうじょう	vocal message, speech, statement	
口ぶり	くちぶり	way of speaking	
口先	くちさき	lip service, mere words, professions	
口走る	くちばしる	to blurt out, to let slip, to say inadvertently, to come out with (e.g. nonsense)	
口調	くちょう	tone (of voice), manner of talking	
口笛	くちぶえ	whistle (sound made with the lips)	
口答え	くちごたえ	retort, back talk, backchat	
口頭	こうとう	oral, verbal, spoken, parol	
口癖	くちぐせ	pet saying, favorite phrase, stock phrase, catchphrase	
口利き	くちきき	mediation, good offices, intervention, mediator, middleman	
口ごもる	くちごもる	to hesitate to say, to mumble, to hem and haw, to falter	
口論	こうろん	quarrel, argument, row, (verbal) dispute	
向き	むき	direction, orientation, aspect, exposure	
向く	むく	to turn toward, to look (up, down, etc.)	
向け	むけ	intended for ..., oriented towards ..., aimed at ...	
向ける	むける	to turn (towards), to face, to point, to aim, to direct to	
向こう	むこう	opposite side, other side	
向上	こうじょう	elevation, rise, improvement, advancement, progress	
坑道	こうどう	tunnel, (mining) gallery, level, shaft, pit	
垢	あか	dirt, filth, grime	
いい加減	いいかげん	irresponsible, perfunctory, careless	
好き	すき	liking, being fond of, to one's liking, to one's taste, preferred, favourite	
好き嫌い	すききらい	likes and dislikes, tastes, preferences, pickiness (esp. about food), choosiness, fussiness	
好ましい	このましい	nice, likeable, desirable	
好み	このみ	liking, taste, fancy, fondness	
好む	このむ	to like, to prefer	
好意	こうい	kindness, favor, favour, friendliness	
好感	こうかん	good feeling, good will, favourable impression, favorable impression	
好奇心	こうきしん	curiosity, inquisitiveness	
好機	こうき	good opportunity, chance	
好況	こうきょう	prosperous (economic) conditions, favourable conditions, (economic) boom, thriving business, brisk market	
好色	こうしょく	lasciviousness, lechery, salaciousness, lust, sensuality, lewdness	
好調	こうちょう	favourable, favorable, promising, satisfactory, in good shape	
好転	こうてん	changing for the better	
好都合	こうつごう	convenient, favorable, favourable, expedient, expedience	
好投	こうとう	good (nice) pitching	
好評	こうひょう	favorable reception, good reputation, popularity	
好物	こうぶつ	favourite dish (favorite), favourite food	
孝行	こうこう	filial piety	
工員	こういん	factory worker	
工科	こうか	engineering course	
工学	こうがく	engineering	
工業	こうぎょう	(manufacturing) industry	
工芸	こうげい	industrial arts, craft	
工作	こうさく	handicraft	
工作機械	こうさくきかい	machine tool	
工事	こうじ	construction work	
工事中	こうじちゅう	under construction	
工程	こうてい	process, operation, stage of a process, progress of work	
工費	こうひ	construction cost	
工夫	くふう	devising (a way), contriving, inventing, thinking up, figuring out, coming up with, working out	
工兵	こうへい	combat engineer, military engineer, combat engineering, military engineering	
工法	こうほう	method of construction	
工房	こうぼう	workshop, studio, atelier	
工務	こうむ	engineering, engineering works	
巧み	たくみ	skillful, adroit, dexterous, masterful, clever, ingenious, cunning	
巧者	こうしゃ	cleverness, skill, tact	
巧拙	こうせつ	skill, workmanship, dexterity, quality	
巧妙	こうみょう	ingenious, skillful, clever, deft, sophisticated	
巷	ちまた	the public, the street (e.g. "word on the street")	
幸	さち	good luck, fortune, happiness	
幸い	さいわい	happiness, blessedness, luck, fortune, felicity	
幸福	こうふく	happiness, well-being, joy, welfare, blessedness	
広い	ひろい	spacious, vast, wide	
広がり	ひろがり	spread, span, expanse, extent	
広さ	ひろさ	area, extent, dimensions, size	
広まる	ひろまる	to spread, to be propagated	
広める	ひろめる	to spread, to propagate, to popularize, to disseminate	
広域	こういき	wide area	
広告	こうこく	advertisement, advertising	
広州	こうしゅう	Guangzhou (China), Canton	
広場	ひろば	public square, square, plaza, piazza, forum	
広大	こうだい	vast, extensive, immense, huge, large, grand, magnificent	
広東	カントン	Guangdong (China), Kwangtung	
広範	こうはん	wide, extensive, comprehensive, far-reaching, widespread	
広範囲	こうはんい	extensive, vast range, wide scope	
恒久	こうきゅう	permanence, perpetuity	
恒常	こうじょう	constancy, permanence	
恒星	こうせい	star	
恒例	こうれい	established practice, custom	
慌ただしい	あわただしい	busy, hectic, hurried, rushed	
慌てる	あわてる	to become confused (disconcerted, disorganized, disorganised), to be flustered, to panic	
抗議	こうぎ	protest, objection	
抗菌	こうきん	antibacterial, antimicrobial	
抗原	こうげん	antigen	
抗生物質	こうせいぶっしつ	antibiotic	
抗争	こうそう	rivalry, feud, conflict, dispute, struggle, strife, contention, resistance	
抗体	こうたい	antibody	
抗日	こうにち	resistance against Japanese aggression, anti-Japanese (campaign, movement, etc.)	
拘禁	こうきん	detention, custody, confinement, internment	
拘束	こうそく	restriction, restraint, binding, constraint	
拘置	こうち	detention, confinement, arrest	
拘置所	こうちしょ	prison, detention house, detention center, jail	
拘留	こうりゅう	custody, detention, confinement	
控え	ひかえ	reserve, spare, backup	
控える	ひかえる	to be temperate in, to refrain, to abstain, to hold back, to restrain oneself from excessive ...	
控えめ	ひかえめ	moderate, reserved, modest, temperate, restrained, low-key, conservative (estimate), self-effacing, unassuming	
控除	こうじょ	subtraction, deduction (e.g. of tax)	
控訴	こうそ	appeal to a higher court, intermediate appeal	
攻め	せめ	attack, offence, offense, assault	
攻める	せめる	to attack, to assault, to assail	
攻撃	こうげき	attack, assault, raid, onslaught, offensive	
攻守	こうしゅ	offense and defense, offence and defence, batting and fielding	
攻勢	こうせい	offensive (movement), aggression	
攻防	こうぼう	offense and defense, offence and defence	
攻略	こうりゃく	capture (of enemy territory), taking (by storm), conquest, attack, assault	
更ける	ふける	to get late, to advance, to wear on	
更に	さらに	furthermore, again, after all, more and more, moreover, even more	
更衣室	こういしつ	locker room, changing room, dressing room	
更改	こうかい	renewal, extension, revision	
更新	こうしん	renewal, update, replacement, renovation, breaking (a record)	
更正	こうせい	correction, revision, rectification	
更生	こうせい	rehabilitation, remaking one's life, starting life anew	
更迭	こうてつ	change (of personnel), reshuffle (e.g. of a cabinet), shake-up, dismissal (e.g. of a minister), replacement	
更年期	こうねんき	menopause, change of life	
杭	くい	stake, post, pile, picket	
校閲	こうえつ	revision, proofreading	
校歌	こうか	school song, college song, school anthem	
校旗	こうき	school flag	
校舎	こうしゃ	school building, schoolhouse	
校正	こうせい	proofreading	
校則	こうそく	school rules, school regulations	
校長	こうちょう	principal, head teacher, headmaster, headmistress	
校庭	こうてい	schoolyard, school playground, school grounds, campus	
校内	こうない	within a school	
校門	こうもん	school gate	
梗塞	こうそく	stoppage, blocking	
構う	かまう	to mind, to care about, to be concerned about, to have a regard for	
構える	かまえる	to set up (a house, store, etc.), to build, to establish, to run, to maintain	
構図	こうず	composition (of painting), structural outline, compositional arrangement	
構成	こうせい	composition, construction, formation, makeup, structure, organization, organisation	
構想	こうそう	plan, plot, idea, conception, vision, scheme	
構造	こうぞう	structure, construction, makeup, framework, organization, pattern	
構築	こうちく	construction, building, putting up, erecting, creation, formulation, architecture (systems, agreement, etc.)	
構内	こうない	premises, grounds, campus, compound, precincts	
江	え	inlet, bay	
江戸	えど	Edo (shogunate capital; former name of Tokyo), Yedo	
江戸っ子	えどっこ	(true) Tokyoite, Edoite, Tokyo native, Edokko	
江戸時代	えどじだい	Edo period (1603-1868)	
洪水	こうずい	flood, flooding	
港	みなと	harbour, harbor, port	
港内	こうない	inside the harbour, inside the harbor	
港湾	こうわん	harbour, harbor	
甲乙	こうおつ	first and second, A and B	
甲高い	かんだかい	high-pitched, shrill	
甲種	こうしゅ	A-grade, first-class	
甲状腺	こうじょうせん	thyroid (gland)	
甲斐	かい	result (that makes an act worthwhile), worth (in doing something), value, effect, use, benefit, avail	
皇位	こうい	imperial throne	
皇居	こうきょ	Imperial Palace (of Japan), imperial residence	
皇后	こうごう	empress (consort)	
皇室	こうしつ	Imperial household	
皇女	こうじょ	imperial princess	
皇族	こうぞく	imperial family, royalty	
皇太后	こうたいごう	Empress Dowager, Queen Mother	
皇太子	こうたいし	crown prince	
皇太子妃	こうたいしひ	crown princess	
皇帝	こうてい	emperor	
硬化	こうか	hardening, vulcanization, vulcanisation, sclerosis, curing	
硬貨	こうか	coin	
硬式	こうしき	hard (esp. of hardball, tennis, etc.)	
硬質	こうしつ	hardness, stiffness	
硬直	こうちょく	stiffening, rigidity, rigor, stiffness, ossification, petrification	
硬度	こうど	hardness, solidity	
硬派	こうは	hard-liners, diehards, hawks	
稿	こう	manuscript, version, draft	
稿料	こうりょう	manuscript fee, payment for a piece of writing	
紅茶	こうちゃ	black tea	
紅梅	こうばい	red-blossomed plum tree, red Japanese apricot	
紅白	こうはく	red and white, colours for festive or auspicious occasions (colors)	
絞める	しめる	to strangle, to constrict	
絞り	しぼり	shibori, tie-dye, tie-dyeing	
絞殺	こうさつ	strangling (to death), strangulation	
絞首刑	こうしゅけい	death by hanging, execution by hanging	
綱	つな	rope, cord, line	
綱引き	つなひき	tug of war	
綱紀	こうき	law and order, (official) discipline	
綱渡り	つなわたり	tightrope walking, high-wire act, funambulism	
綱領	こうりょう	general plan, main points, summary, platform (e.g. for a campaign), mission statement	
耕す	たがやす	to till, to plow, to plough, to cultivate	
耕作	こうさく	cultivation, farming	
耕地	こうち	arable land, plantation, farmland	
考え	かんがえ	thinking, thought, view, opinion, concept	
考えてみれば	かんがえてみれば	if you think about it, come to think of it	
考える	かんがえる	to think (about, of), to think over, to ponder, to contemplate, to reflect (on), to meditate (on)	
考え直す	かんがえなおす	to reconsider, to rethink, to reassess	
考え方	かんがえかた	way of thinking, point of view, opinion, approach (e.g. to a problem), attitude	
考案	こうあん	plan, device, idea, design, contrivance, conception, invention	
考古学	こうこがく	archaeology, archeology	
考察	こうさつ	consideration, inquiry, enquiry, investigation, study	
考証	こうしょう	investigation into historical evidence, study of historical artifacts	
考慮	こうりょ	consideration, taking into account	
肯定	こうてい	affirmation	
航海	こうかい	(sea) voyage, navigation, sailing, passage, cruise	
航空	こうくう	aviation, flying	
航空会社	こうくうがいしゃ	airline company	
航空機	こうくうき	aircraft	
航空券	こうくうけん	airline ticket, plane ticket, air ticket	
航空便	こうくうびん	airmail, air mail	
航空母艦	こうくうぼかん	aircraft carrier	
航行	こうこう	cruise, navigation, sailing	
航法	こうほう	sailing, navigation	
航路	こうろ	(air or sea) route, course, line, run	
荒い	あらい	rough, wild, violent, rude, coarse, harsh, fierce, heavy (e.g. breathing)	
荒っぽい	あらっぽい	wild, violent, rough-mannered, rude	
荒らす	あらす	to lay waste, to devastate, to damage	
荒れる	あれる	to become stormy, to become rough (of the sea)	
荒波	あらなみ	raging waves, stormy seas	
荒廃	こうはい	ruin, destruction, devastation, waste, decay	
荒木	あらき	logs in bark, rough wood, unseasoned timber, new lumber	
行	ぎょう	line (of text), row, verse	
行き先	いきさき	destination	
行き届く	いきとどく	to be scrupulous, to be attentive, to be prudent, to be complete, to be thorough	
行ったり来たり	いったりきたり	going to and fro, back and forth	
行為	こうい	act, deed, conduct	
行員	こういん	bank clerk	
行革	ぎょうかく	administrative reform	
行楽	こうらく	outing, excursion, pleasure trip, going on a picnic	
行間	ぎょうかん	line-spacing in text, between the lines	
行儀	ぎょうぎ	manners, behavior, behaviour	
行脚	あんぎゃ	pilgrimage	
行使	こうし	use, exercise (of one's right, authority, power, etc.)	
行司	ぎょうじ	referee	
行事	ぎょうじ	event, function	
行進	こうしん	march, parade	
行き成り	いきなり	abruptly, suddenly, all of a sudden, without warning	
行政	ぎょうせい	executive, government	
行程	こうてい	journey, course, distance, march, flight, drive, leg (of a journey, relay race, etc.)	
行動	こうどう	action, conduct, behaviour, behavior, mobilization, mobilisation	
行方	ゆくえ	(one's) whereabouts	
行方不明	ゆくえふめい	missing (of a person), lost, unaccounted for, whereabouts unknown	
行列	ぎょうれつ	line, queue, procession, parade	
講演	こうえん	lecture, address, speech	
講演会	こうえんかい	lecture (esp. special engagement by noted speaker), lecture meeting (event with one or more lectures)	
講義	こうぎ	lecture	
講座	こうざ	course (e.g. of lectures)	
講師	こうし	speaker, lecturer	
講習	こうしゅう	short course, training	
講談	こうだん	storytelling (of war chronicles, revenge tales, etc.) with highly dramatic delivery, story	
講堂	こうどう	auditorium, lecture hall	
貢献	こうけん	contribution (furthering a goal or cause), services (to a cause)	
購読	こうどく	buying and reading (book, magazine, etc.), subscribing (incl. free subscriptions), taking (e.g. newspaper)	
購入	こうにゅう	purchase, buying	
購買	こうばい	procurement, purchase, buying	
購買力	こうばいりょく	buying power, purchasing power	
郊外	こうがい	suburb, residential area on the outskirt of a city, commuter belt	
酵素	こうそ	enzyme	
酵母	こうぼ	yeast, leaven	
鉱業	こうぎょう	mining industry	
鉱山	こうざん	mine (ore)	
鉱石	こうせき	ore, mineral, crystal	
鉱物	こうぶつ	mineral	
鋼	はがね	steel	
鋼材	こうざい	steel material	
鋼鉄	こうてつ	steel	
降る	ふる	to fall (of rain, snow, ash, etc.), to come down	
降雨	こうう	rainfall, rain	
降下	こうか	descent, fall, drop, (atmospheric) depression	
降参	こうさん	surrender, submission, capitulation	
降水	こうすい	rainfall, precipitation	
降水量	こうすいりょう	amount of precipitation, precipitation	
降雪	こうせつ	snowfall, snow	
降伏	こうふく	surrender, capitulation, submission	
項目	こうもく	item, heading, category, clause	
香気	こうき	fragrance	
香港	ホンコン	Hong Kong	
香辛料	こうしんりょう	spice, spices, condiment	
香水	こうすい	perfume, scent	
香料	こうりょう	flavoring, flavouring, spices	
高い	たかい	high, tall	
高さ	たかさ	height, altitude, elevation, level	
高まる	たかまる	to rise, to swell, to be promoted	
高める	たかめる	to raise, to lift, to boost, to enhance	
高圧	こうあつ	high voltage, high pressure	
高位	こうい	dignity, eminent, high ranking	
高温	こうおん	high temperature	
高音	こうおん	high-pitched tone, soprano	
高価	こうか	highly priced, expensive, valuable, costly	
高架	こうか	elevated (structure), overhead	
高額	こうがく	large sum (of money), large amount	
高官	こうかん	high official	
高気圧	こうきあつ	high (atmospheric) pressure, high-pressure system, high-pressure zone, anticyclone	
高級	こうきゅう	high-class, high-grade, high-quality, high-end, luxury	
高給	こうきゅう	high salary	
高潔	こうけつ	noble, lofty, high-minded, virtuous, upright	
高血圧	こうけつあつ	high blood pressure, hypertension	
高見	こうけん	your views, your opinion	
高原	こうげん	tableland, plateau	
高校	こうこう	senior high school, high school	
高校生	こうこうせい	senior high school student	
高山	こうざん	high mountain, alpine mountain	
高尚	こうしょう	high, noble, refined, advanced	
高水準	こうすいじゅん	high level	
高性能	こうせいのう	high efficiency, high performance	
高僧	こうそう	high priest, highly ranked priest	
高層	こうそう	high-rise (building), multistory, multistoried, tall	
高速	こうそく	high-speed, rapid, express	
高速道路	こうそくどうろ	highway, freeway, expressway, motorway	
高卒	こうそつ	having graduated from high school (as one's highest completed level of education), high school graduate	
高台	たかだい	high ground, elevation, hill, plateau	
高値	たかね	high price	
高地	こうち	high ground, plateau, heights, highlands	
高低	こうてい	high and low, rise and fall	
高度	こうど	altitude, height, elevation	
高等	こうとう	high class, high grade	
高等学校	こうとうがっこう	senior high school, high school	
高騰	こうとう	sharp rise (in prices), steep rise, substantial increase, soaring	
高熱	こうねつ	high fever	
高波	たかなみ	high waves, heavy seas	
高品質	こうひんしつ	high quality	
高峰	こうほう	high mountain, lofty peak	
高揚	こうよう	elevation (of spirits), raising (of morale), uplift, upsurge	
高齢	こうれい	advanced age, old age	
剛健	ごうけん	vigour, vigor, virility, health, sturdiness	
号	ごう	number, edition, make, model, issue, part of that group	
号外	ごうがい	newspaper extra	
号泣	ごうきゅう	crying loudly, bawling, wailing, lamentation	
号車	ごうしゃ	suffix for train car numbers	
号令	ごうれい	order (esp. to a number of people), command	
合う	あう	to come together, to merge, to unite, to meet	
合わす	あわす	to match (rhythm, speed, etc.)	
合わせる	あわせる	to match (rhythm, speed, etc.)	
合意	ごうい	(coming to an) agreement, consent, mutual understanding, accord, consensus	
合羽	カッパ	raincoat	
合格	ごうかく	passing (an exam), pass, success, passing grade	
合間	あいま	interval, break, pause, spare moment	
合議	ごうぎ	consultation, conference, discussion, counsel	
合金	ごうきん	alloy	
合計	ごうけい	sum total, total amount	
合憲	ごうけん	constitutionality	
合作	がっさく	collaboration, joint work	
合宿	がっしゅく	lodging together, training camp, boarding house	
合唱	がっしょう	singing together, singing in union, chorus	
合唱団	がっしょうだん	chorus group, choir	
合掌	がっしょう	pressing one's hands together in prayer	
合図	あいず	sign, signal, cue	
合成	ごうせい	composition, synthesis, compounding, combining	
合成繊維	ごうせいせんい	synthetic fibre, synthetic fiber	
合戦	かっせん	battle, fight, fighting, engagement, contest	
合奏	がっそう	ensemble (e.g. orchestra, chamber group, etc.), concert	
合致	がっち	agreement, concurrence, conformance, compliance	
合同	ごうどう	combination, union, joining, incorporation, amalgamation, merger, fusion	
合否	ごうひ	success or failure, result	
合併症	がっぺいしょう	complication	
合弁	ごうべん	joint management, pool	
合法	ごうほう	legal, lawful, legitimate	
合法的	ごうほうてき	legal, lawful, legitimate, law-abiding, in order	
合理	ごうり	rationality	
合理化	ごうりか	rationalization, making (something) conform to reason, justification	
合理的	ごうりてき	rational, reasonable, logical	
合流	ごうりゅう	confluence (of rivers), flowing together, joining	
合力	ごうりょく	resultant force	
拷問	ごうもん	torture	
豪雨	ごうう	torrential rain, heavy rain, cloudburst, downpour	
豪華	ごうか	extravagant, lavish, opulent, luxurious, magnificent, splendid, fancy, gorgeous	
豪快	ごうかい	hearty, tremendous, magnificent, glorious, splendid, heroic, stirring	
豪傑	ごうけつ	hero, bold person, daring person, great person, extraordinary person	
豪族	ごうぞく	powerful family, powerful clan	
麹	こうじ	kōji, malted rice, malt, malt-like material from growing mold on rice, barley, beans, etc. (used as a starter to make sake, miso, soy sauce, etc.)	
克服	こくふく	conquest (of a difficulty, illness, crisis, etc.), overcoming, surmounting, bringing under control	
克明	こくめい	detailed, scrupulous, careful, minute, faithful, elaborate	
刻	こく	period of time (usu. a period of approx. two hours corresponding to one of the signs of the Chinese zodiac)	
刻々	こっこく	moment by moment, hour by hour	
刻み	きざみ	mincing, cutting, chopping, notch, nick	
刻む	きざむ	to mince, to cut fine, to chop up, to hash, to shred	
刻一刻	こくいっこく	moment by moment, hour by hour	
告げる	つげる	to tell, to inform, to announce	
告示	こくじ	notice, bulletin	
告訴	こくそ	accusation, complaint, charge, suit, legal action, legal proceedings	
告知	こくち	notice, notification, announcement, disclosure, declaration	
告白	こくはく	confession (to a crime, wrongdoing, etc.), admission	
告発	こくはつ	indictment, prosecution, complaint	
告別	こくべつ	farewell, leave-taking	
国営	こくえい	government management, state management	
国益	こくえき	national interest	
国王	こくおう	king, queen, monarch, sovereign	
国家	こっか	state, country, nation	
国歌	こっか	national anthem	
国会	こっかい	National Diet, legislative assembly of Japan (1947-)	
国会議員	こっかいぎいん	member of the Diet, Diet member, member of parliament, MP	
国会議事堂	こっかいぎじどう	parliament building, parliament house, National Diet Building (Japan), (US) Capitol, Houses of Parliament, National Assembly building	
国外	こくがい	outside the country, abroad	
国旗	こっき	national flag	
国技	こくぎ	national sport	
国境	こっきょう	border (between countries), national border	
国慶節	こっけいせつ	anniversary of founding (of PRC), national celebration time	
国庫	こっこ	national treasury	
国語	こくご	national language	
国交	こっこう	diplomatic relations	
国債	こくさい	national debt, national securities, government bonds, government securities	
国際	こくさい	international	
国際化	こくさいか	internationalization, internationalisation	
国際的	こくさいてき	international, worldwide, cross-border, cosmopolitan	
国際法	こくさいほう	international law, law of nations	
国策	こくさく	national policy	
国産	こくさん	domestically produced, domestic, Japanese-made	
国士	こくし	distinguished citizen, patriot	
国是	こくぜ	national policy	
国勢	こくせい	state of a country (population, resources, etc.), condition of a country, strength of a country	
国政	こくせい	national politics, political situation, statecraft, body politic	
国税	こくぜい	national tax	
国税局	こくぜいきょく	revenue office, taxation bureau	
国税庁	こくぜいちょう	National Tax Agency (Japan)	
国籍	こくせき	nationality, citizenship	
国鉄	こくてつ	national railway	
国土	こくど	country, territory, domain, realm	
国道	こくどう	national road, national highway	
国内	こくない	within the country, inside the county, domestic, home, internal	
国費	こくひ	national expenditure, government spending, public funds	
国賓	こくひん	state guest	
国富	こくふ	national wealth	
国宝	こくほう	national treasure	
国防	こくぼう	national defence, national defense	
国民	こくみん	people (of a country), nation, citizen, national	
国民宿舎	こくみんしゅくしゃ	inexpensive hotel operated by a local government	
国民総生産	こくみんそうせいさん	gross national product, GNP	
国民投票	こくみんとうひょう	national referendum	
国務	こくむ	affairs of state	
国務省	こくむしょう	Department of State (US), State Department	
国務大臣	こくむだいじん	minister of state, cabinet minister (in Japan)	
国務長官	こくむちょうかん	Secretary of State	
国名	こくめい	country name	
国有	こくゆう	national ownership, state ownership, government ownership	
国立	こくりつ	national, founded and run by the central government	
国連	こくれん	United Nations, UN	
穀倉	こくそう	granary	
穀物	こくもつ	grain, cereal, corn	
穀類	こくるい	grains	
酷使	こくし	exploitation, overuse, abuse	
酷似	こくじ	resembling closely, being strikingly similar, bearing a strong likeness	
酷暑	こくしょ	intense heat, severe heat	
酷評	こくひょう	severe criticism, sharp criticism, scathing criticism, diatribe, panning	
黒	くろ	black	
黒い	くろい	black	
黒い霧	くろいきり	thick fog (of suspicion), black veil of secrecy, covered-up crime, unethical act, etc.	
黒っぽい	くろっぽい	dark, blackish	
黒鉛	こくえん	graphite	
黒海	こっかい	Black Sea	
黒子	ほくろ	mole, lentigo, beauty mark, beauty spot	
黒字	くろじ	(being in) the black, surplus	
黒色	くろいろ	black (colour, color)	
黒人	こくじん	black person	
黒星	くろぼし	black spot, black dot, bull's-eye	
黒潮	くろしお	Kuroshio Current, Japan Current	
黒板	こくばん	blackboard	
黒幕	くろまく	black curtain	
黒木	くろき	unbarked lumber	
獄中	ごくちゅう	during imprisonment, while in jail	
腰	こし	lower back, waist, hips, lumbar region	
腰掛ける	こしかける	to sit (down)	
腰掛け	こしかけ	seat, bench	
腰痛	ようつう	lower back pain, lumbago	
腰部	ようぶ	loins, hips, pelvic region, waist	
忽ち	たちまち	in an instant, in a moment, immediately, right away, at once	
呆ける	ぼける	to grow senile, to be childish with age	
暈ける	ぼける	to be faded, to be hazy, to be blurred, to be out of focus	
惚れる	ほれる	to fall in love (with), to fall for, to become enamored (with), to be taken (with)	
骨	ほね	bone	
骨格	こっかく	skeleton, skeletal structure, build, frame, physique	
骨子	こっし	main point, gist, essentials, bones (e.g. of an idea), pith	
骨髄	こつずい	bone marrow, medulla	
骨折	こっせつ	bone fracture	
骨董	こっとう	antique, curio	
骨抜き	ほねぬき	boning (fish or meat), deboning	
込める	こめる	to load (a gun, etc.), to charge	
此処	ここ	here, this place	
今	いま	now, the present time, just now, soon, immediately	
今に	いまに	before long, even now	
今にも	いまにも	at any moment (now), at any minute, on the verge of (doing), just about to	
今や	いまや	now (esp. in contrast to the past), now at last, at present, right now	
今一	いまいち	not quite (right), not very good, somewhat (lacking)	
今夏	こんか	this summer, next summer, last summer	
今回	こんかい	this time, now	
今期	こんき	the present term, the present session	
今月	こんげつ	this month	
今後	こんご	from now on, hereafter	
今更	いまさら	now (when it is already much too late), at this stage	
今頃	いまごろ	about this time, about now	
今時	いまどき	these days, nowadays, today, present age, modern times	
今秋	こんしゅう	this autumn, this fall, autumn of this year	
今週	こんしゅう	this week	
今春	こんしゅん	this spring, spring this year	
今宵	こよい	this evening, tonight	
今度	こんど	this time, now	
今日は	こんにちは	hello, good day, good afternoon	
今日的	こんにちてき	modern, up-to-date	
今晩	こんばん	tonight, this evening	
今晩は	こんばんは	good evening	
今夜	こんや	this evening, tonight	
困り果てる	こまりはてる	to be at a complete loss, to be without recourse, to be completely stymied, to have absolutely no idea what to do	
困る	こまる	to be troubled, to have difficulty, to be in a fix, to be at a loss, to be stumped, to be embarrassed	
困窮	こんきゅう	poverty, need, destitution	
困難	こんなん	difficulty, hardship, trouble, distress	
困惑	こんわく	bewilderment, perplexity, embarrassment, discomfiture, bafflement	
婚姻	こんいん	marriage, matrimony	
婚約	こんやく	engagement, betrothal	
恨み	うらみ	resentment, grudge, malice, bitterness	
恨む	うらむ	to bear a grudge against, to resent, to blame, to curse, to feel bitter towards	
懇意	こんい	friendship, (on) familiar terms, intimacy	
懇願	こんがん	pleading, entreaty, supplication, petition	
懇親	こんしん	friendship, intimacy	
懇切	こんせつ	kind and careful (instruction, explanation, etc.), considerate, helpful, thoughtful, detailed, scrupulous	
懇談	こんだん	friendly chat, relaxed conversation, informal meeting	
懇話	こんわ	friendly talk, chat	
昏睡	こんすい	coma	
昆虫	こんちゅう	insect, bug	
根	ね	root (of a plant)	
根ざす	ねざす	to come from, to have roots in	
根掘り葉掘り	ねほりはほり	inquisitively, pryingly, nosily, thoroughly, persistently, through-and-through	
根回し	ねまわし	laying the groundwork, behind-the-scenes maneuvering, consensus-building process	
根幹	こんかん	foundation, root, basis, core, fundamentals	
根気	こんき	patience, perseverance, persistence, tenacity, energy	
根拠	こんきょ	basis, grounds, foundation, reason, authority	
根強い	ねづよい	firmly rooted, deep-seated	
根源	こんげん	root, source, origin, cause	
根性	こんじょう	willpower, guts, determination, grit, spirit	
根絶	こんぜつ	eradication, extermination, rooting out, stamping out, getting rid of	
根底	こんてい	root, basis, foundation	
根本的	こんぽんてき	fundamental, basic	
梱包	こんぽう	packing, crating, packaging	
混ぜる	まぜる	to mix, to stir, to blend	
混ぜ物	まぜもの	mixture, adulteration	
混血	こんけつ	mixed race, mixed parentage	
混合	こんごう	mixing, mixture, meld	
混雑	こんざつ	congestion, crush, crowding, jam	
混成	こんせい	mixed (e.g. team, chorus)	
混戦	こんせん	confused fight, free-for-all, melee	
混同	こんどう	confusion, mixing, merger	
混入	こんにゅう	mixing, blending, adding, adulteration	
混紡	こんぼう	mixed yarn, mixed spinning	
混迷	こんめい	turmoil, chaos, confusion	
混乱	こんらん	disorder, chaos, confusion, mayhem	
痕跡	こんせき	trace, vestige, mark, sign, evidence	
紺	こん	navy blue, deep blue	
魂胆	こんたん	ulterior motive, plot, scheme	
些細	ささい	trivial, trifling, slight, insignificant	
唆す	そそのかす	to instigate, to tempt, to entice, to incite	
左	ひだり	left, left-hand side	
左右	さゆう	left and right, right and left	
左記	さき	undermentioned (statement), the following, at left	
左手	ひだりて	left hand	
左上	ひだりうえ	upper left	
左折	させつ	turning to the left, left turn	
左遷	させん	demotion, relegation, reduction in rank, degradation, downward move	
左前	ひだりまえ	wearing a kimono with the right side over the left (normally used only for the dead)	
左足	ひだりあし	left foot	
左派	さは	left wing	
左様なら	さようなら	farewell, adieu, goodbye, so long	
左翼	さよく	left wing	
差	さ	difference, variation	
差し引き	さしひき	deduction, subtraction, balance	
差し掛かる	さしかかる	to come near (to), to approach	
差し控える	さしひかえる	to be moderate in, to be temperate in, to not do too much of	
差し込む	さしこむ	to insert, to put in, to thrust in, to plug in	
差し支える	さしつかえる	to interfere (with), to hinder, to be hindered (from doing), to become impeded, to have difficulty, to suffer inconvenience	
差し止め	さしとめ	prohibition, ban, suspension, injunction	
差し出す	さしだす	to hold out, to extend (e.g. a hand)	
差し上げる	さしあげる	to lift up, to hold up, to raise	
差し伸べる	さしのべる	to hold out, to extend (e.g. one's hands), to stretch, to reach out for	
差し当たり	さしあたり	for the time being, at present	
差し戻す	さしもどす	to send back, to refer back	
差す	さす	to shine	
差異	さい	difference, disparity, gap	
差益	さえき	marginal profits	
差額	さがく	balance, difference (in price, cost), margin	
差別	さべつ	distinction, differentiation, discrimination	
査察	ささつ	inspection (for compliance), investigation (tax, etc.)	
査証	さしょう	visa	
査定	さてい	assessment (of value, damages, etc.), revision (of a budget)	
査問	さもん	inquiry, enquiry, hearing	
砂	すな	sand, grit	
砂丘	さきゅう	sand dune, sand hill	
砂時計	すなどけい	hourglass, sandglass	
砂糖	さとう	sugar	
砂浜	すなはま	sandy beach	
砂防	さぼう	erosion control	
砂利	じゃり	gravel, ballast, pebbles	
詐欺	さぎ	fraud, swindle, graft, cheating, trick, scam	
詐欺師	さぎし	swindler, fraudster, trickster, con man	
詐取	さしゅ	defrauding, swindle	
詐称	さしょう	misrepresentation, false statement	
鎖	くさり	chain, chains	
鎖国	さこく	national isolation, closing the country (to foreigners)	
座	ざ	seat, place	
座り込み	すわりこみ	sit-in (protest), sit-down (strike)	
座る	すわる	to sit (down), to have a seat, to be seated, to kneel (on the floor)	
座席	ざせき	seat	
座禅	ざぜん	zazen (seated Zen meditation, usu. in a cross-legged position)	
座談会	ざだんかい	symposium, round-table discussion	
座長	ざちょう	chairman	
座布団	ざぶとん	zabuton, flat floor cushion used when sitting or kneeling; usu. rectangular	
座敷	ざしき	tatami room, tatami mat room, formal Japanese room	
挫折	ざせつ	setback, failure (e.g. plans, business), frustration, discouragement	
債	さい	debt, loan	
債券	さいけん	bond, debenture	
債権	さいけん	credit, claim	
債務	さいむ	debt, liabilities, obligation to a person or party (usu. legal or contractual)	
催し	もよおし	event, festivities, function, social gathering, auspices, opening, holding (a meeting)	
催す	もよおす	to hold (an event), to give (a dinner, party, etc.)	
催促	さいそく	pressing, urging, demanding, demand	
催眠	さいみん	hypnosis	
再	さい	re-, again	
再び	ふたたび	again, once more, a second time	
再演	さいえん	another showing (of a play)	
再会	さいかい	meeting again, reunion	
再開	さいかい	reopening, resumption, restarting	
再確認	さいかくにん	reaffirmation, reconfirmation, revalidation	
再起	さいき	comeback, recovery, restoration, rally	
再起動	さいきどう	restart, reboot	
再建	さいけん	rebuilding, reconstruction, rehabilitation	
再検討	さいけんとう	re-examination, review, reconsideration, reappraisal	
再現	さいげん	reappearance, reemergence, return, revival	
再考	さいこう	reconsideration	
再婚	さいこん	second marriage, remarriage	
再三	さいさん	again and again, repeatedly	
再審	さいしん	retrial, reopening of a case	
再生	さいせい	restoration to life, coming to life again, resuscitation, regeneration	
再選	さいせん	re-election, reelection	
再度	さいど	a second time, again, once more, twice	
再任	さいにん	reappointment	
再燃	さいねん	recurrence, revival, resuscitation	
再発	さいはつ	return, relapse, recurrence	
再販	さいはん	resale	
再編	さいへん	reorganization, reorganisation, reshuffle	
再来	さいらい	return, coming back	
再来月	さらいげつ	month after next	
再来週	さらいしゅう	week after next	
再来年	さらいねん	year after next	
最も	もっとも	most, extremely	
最愛	さいあい	beloved, dearest	
最悪	さいあく	worst	
最寄り	もより	nearest, closest	
最期	さいご	one's last moment, one's death, one's end	
最強	さいきょう	strongest	
最近	さいきん	recently, lately, these days, nowadays, right now	
最古	さいこ	the oldest, the earliest	
最後	さいご	end, conclusion	
最高	さいこう	best, supreme, wonderful, finest	
最高裁	さいこうさい	Supreme Court	
最高峰	さいこうほう	highest peak, highest mountain	
最終	さいしゅう	last, final, closing	
最初	さいしょ	beginning, outset, first, onset	
最小	さいしょう	smallest (in size, degree, etc.), least, minimum, minimal	
最小限	さいしょうげん	minimum, lowest, minimal, least	
最少	さいしょう	fewest, least, smallest (number), lowest, minimum	
最新	さいしん	latest, newest, late-breaking (news)	
最盛期	さいせいき	golden age, prime, heyday, height of prosperity	
最先端	さいせんたん	cutting edge, leading edge, forefront, state of the art	
最前線	さいぜんせん	front line, forefront	
最善	さいぜん	the very best, utmost	
最早	もはや	already, now	
最大	さいだい	biggest, greatest, largest, maximum	
最短	さいたん	shortest	
最低	さいてい	least, lowest, minimum	
最低限	さいていげん	minimum	
最適	さいてき	most suitable, optimum, optimal, best	
最良	さいりょう	the best, ideal	
妻	つま	wife	
妻子	さいし	wife and children	
宰相	さいしょう	prime minister, premier, chancellor	
彩り	いろどり	coloring, colouring, coloration, colouration	
彩る	いろどる	to colour, to color, to paint	
彩色	さいしき	colouring, coloring, colouration, coloration, painting	
才能	さいのう	talent, ability	
採掘	さいくつ	mining, digging, working (a mine)	
採決	さいけつ	vote, ballot, division	
採算	さいさん	profit	
採取	さいしゅ	picking, collecting, harvesting, gathering	
採集	さいしゅう	collecting, gathering	
採択	さいたく	adoption, selection, choice	
採炭	さいたん	coal mining, coal extraction	
採点	さいてん	marking, grading, scoring	
採用	さいよう	use, adoption, acceptance	
栽培	さいばい	cultivation	
歳	さい	... years old, age (of) ...	
歳月	さいげつ	time, years	
歳出	さいしゅつ	annual expenditure (of a state, organization, etc.)	
歳入	さいにゅう	annual revenue (government), annual income (government), budget receipts	
歳暮	せいぼ	year-end gift	
歳末	さいまつ	year end	
済ます	すます	to finish, to get it over with, to conclude	
済ませる	すませる	to finish, to make an end of, to get through with, to let end	
済みません	すみません	excuse me, pardon me, I'm sorry, I beg your pardon	
済む	すむ	to finish, to end, to be completed, to be resolved	
災い	わざわい	disaster, calamity, misfortune, trouble, woes	
災害	さいがい	calamity, disaster, misfortune	
災難	さいなん	calamity, misfortune, disaster	
砕く	くだく	to break (into pieces), to smash, to crush, to shatter, to grind (into powder), to pound	
砕ける	くだける	to break (into pieces), to be broken, to be smashed	
砕石	さいせき	crushed stone, macadam	
祭る	まつる	to deify, to enshrine	
祭壇	さいだん	altar	
祭典	さいてん	festival	
祭日	さいじつ	national holiday, festival day	
祭礼	さいれい	(religious) festival	
斎場	さいじょう	funeral hall	
細々	こまごま	minutely, in detail, with particular attention	
細々	ほそぼそ	poor (living)	
細い	ほそい	thin, slender, fine	
細か	こまか	small, fine, detailed, stingy	
細かい	こまかい	small	
細やか	ささやか	small, little, tiny, insignificant, humble, modest, meagre, meager	
細る	ほそる	to get thin, to taper off	
細菌	さいきん	bacterium, bacteria, germ	
細工	さいく	work, workmanship, craftsmanship, handiwork	
細心	さいしん	meticulous, careful, discreet, scrupulous, prudent	
細長い	ほそながい	long and narrow	
細部	さいぶ	details, particulars	
細分	さいぶん	subdivision (into small parts)	
細胞	さいぼう	cell	
細目	さいもく	particulars, details, specified items	
菜	な	greens, vegetables	
菜園	さいえん	vegetable garden	
菜種	なたね	rapeseed, coleseed	
菜食	さいしょく	vegetable diet	
裁く	さばく	to judge, to try, to sit in judgement (on), to decide (on)	
裁つ	たつ	to cut (cloth)	
裁決	さいけつ	decision, ruling, judgement, judgment	
裁判	さいばん	trial, judgement, judgment	
裁判官	さいばんかん	judge	
裁判所	さいばんしょ	court, courthouse	
裁縫	さいほう	sewing, needlework	
裁量	さいりょう	discretion, judgement, judgment	
際	さい	occasion, time, circumstances, (in) case (of), when	
際限	さいげん	limits, end, bounds	
際立つ	きわだつ	to be prominent, to be conspicuous, to stand out, to be outstanding, to be remarkable, to be striking, to be notable	
有る	ある	to be, to exist, to live	
在外	ざいがい	overseas, abroad	
在学	ざいがく	attending (school, college, etc.), being enrolled, being a student	
在庫	ざいこ	stock, inventory	
在住	ざいじゅう	residing, living, dwelling	
在職	ざいしょく	being in office, holding a position, employment, service	
在籍	ざいせき	being enrolled (at a school), being registered, being a member (of a team, organization, etc.)	
在宅	ざいたく	being at home, being in	
在日	ざいにち	resident in Japan (of a foreigner), situated in Japan (e.g. of an embassy)	
在任	ざいにん	being in office	
在来	ざいらい	pre-existing, already there, conventional	
在留	ざいりゅう	residing (esp. abroad), staying, living	
材質	ざいしつ	material	
材木	ざいもく	wood (for building), lumber, timber	
材料	ざいりょう	materials, ingredients	
罪	つみ	crime, sin, wrongdoing, indiscretion	
罪人	ざいにん	criminal, lawbreaker, wrongdoer, offender	
財	ざい	fortune, riches	
財界	ざいかい	financial world, business circles	
財源	ざいげん	source of funds, resources, finances	
財産	ざいさん	property, fortune, assets	
財政	ざいせい	public finance	
財政難	ざいせいなん	economic difficulties, financial difficulties, fiscal difficulties	
財団	ざいだん	foundation (institution), syndicate, group	
財団法人	ざいだんほうじん	incorporated foundation, juridical foundation	
財閥	ざいばつ	zaibatsu, financial conglomerate, industrial group	
財布	さいふ	wallet, purse, coin purse, billfold, pocketbook	
財務	ざいむ	financial affairs	
冴える	さえる	to be clear (of a sight, sound, colour, etc.), to be bright, to be vivid, to be crisp	
坂	さか	slope, incline, hill	
坂道	さかみち	hill road	
阪神	はんしん	Osaka-Kobe	
咲き乱れる	さきみだれる	to bloom in profusion	
咲く	さく	to bloom, to flower, to blossom, to open	
崎	さき	small peninsula, cape, promontory, headland	
作	さく	work (e.g. of art), piece, production	
作り	つくり	making, producing, manufacturing, building, construction, make, structure	
作り出す	つくりだす	to manufacture, to produce, to raise (crops)	
作り笑い	つくりわらい	forced laugh, forced smile	
作り上げる	つくりあげる	to build up, to complete, to construct, to create, to put together	
作り話	つくりばなし	fiction, made-up story, fable, fabrication, myth	
作家	さっか	author, writer, novelist, artist	
作業	さぎょう	work, operation, task	
作曲	さっきょく	composition (of music), setting, writing music	
作曲家	さっきょくか	composer	
作詞	さくし	(writing) song lyrics	
作者	さくしゃ	creator (of a work), author, writer, artist, composer, playwright, dramatist	
作成	さくせい	making (a report, plan, contract, etc.), drawing up, writing out, preparing, creating (a file, website, account, etc.)	
作製	さくせい	manufacture, production	
作戦	さくせん	tactics, strategy	
作動	さどう	operation, functioning, running	
作品	さくひん	work (e.g. book, film, painting, composition), piece, production, opus	
作風	さくふう	style (of a work, author, artist, etc.), characteristics	
作物	さくもつ	crop, crops, (agricultural) produce, farm products	
作文	さくぶん	writing (an essay, prose, etc.), composition	
作柄	さくがら	crop (conditions), harvest, yield	
作法	さほう	manners, etiquette, propriety	
作用	さよう	action, operation, process, agency, effect, function	
削り節	けずりぶし	flaked bonito	
削る	けずる	to shave (wood, leather, etc.), to sharpen (e.g. pencil), to plane, to whittle, to pare, to scrape off, to erode	
削減	さくげん	cut, reduction, curtailment	
削除	さくじょ	deletion, elimination, erasure, striking out	
搾取	さくしゅ	exploitation, bleeding dry, squeezing dry	
搾乳	さくにゅう	milking (a cow, goat, etc.)	
昨今	さっこん	these days, nowadays, recently, lately	
昨春	さくしゅん	last spring, the spring of last year	
昨年	さくねん	last year	
昨晩	さくばん	last night	
柵	さく	fence, paling, railing	
策	さく	plan, policy, means, measure, stratagem, scheme	
策定	さくてい	formulation (of a plan, policy, etc.), decision, settling on	
策略	さくりゃく	stratagem, artifice, trick, ruse, scheme, tactics	
索引	さくいん	index (in a book)	
錯覚	さっかく	illusion, hallucination	
錯誤	さくご	mistake, error, discrepancy	
錯乱	さくらん	confusion, distraction, derangement	
冊	さつ	counter for books	
冊子	さっし	book, booklet, story book, pamphlet, notebook	
刷る	する	to print	
刷新	さっしん	reform, renovation	
察する	さっする	to guess, to sense, to presume, to judge	
察知	さっち	to sense, to infer, to gather, to pick up on, to get wind of, to perceive	
撮る	とる	to take (a photograph)	
撮影	さつえい	photography (still or motion), photographing, filming, shooting, (video) recording	
擦る	こする	to rub, to scrub, to scrape	
札	さつ	banknote, bill, note, paper money	
札	ふだ	ticket, token, check, receipt	
札束	さつたば	bundle of banknotes, stack of bills	
殺し	ころし	murder, killing, murderer	
殺す	ころす	to kill, to slay, to murder, to slaughter	
殺意	さつい	intent to kill, intent to murder, urge to kill, murderous impulse	
殺害	さつがい	killing, murder	
殺気	さっき	thirst for blood, bloodlust, determination to kill	
殺菌	さっきん	sterilization, sterilisation, disinfection, pasteurization	
殺傷	さっしょう	killing and wounding, bloodshed	
殺人	さつじん	murder, homicide, manslaughter	
殺虫剤	さっちゅうざい	insecticide, pesticide	
殺到	さっとう	rush, flood, deluge	
さつま芋	さつまいも	sweet potato (Ipomoea batatas)	
雑	ざつ	rough, crude, sloppy, messy	
雑音	ざつおん	noise (usu. unpleasant)	
雑貨	ざっか	miscellaneous goods, general goods, sundries	
雑居	ざっきょ	living together, mixed residence, sharing living quarters	
雑巾	ぞうきん	house-cloth, dust cloth	
雑誌	ざっし	magazine, journal, periodical	
雑煮	ぞうに	soup containing rice cakes and vegetables (New Year's dish)	
雑炊	ぞうすい	rice gruel containing vegetables, fish, etc., and seasoned with miso or soy sauce	
雑草	ざっそう	weed	
雑談	ざつだん	chatting, idle talk	
雑木林	ぞうきばやし	grove of miscellaneous trees, copse, coppice, thicket	
鯖	さば	mackerel (esp. the chub mackerel, Scomber japonicus)	
錆びる	さびる	to rust, to become rusty	
鮫	サメ	shark	
皿	さら	plate, dish, platter, disc	
皿洗い	さらあらい	washing-up, dish-washing	
三つ	みっつ	three	
三回	さんかい	three times	
三角	さんかく	triangle, triangular shape	
３月	さんがつ	March	
三権	さんけん	the three powers of government (legislative, executive and judicial)	
三時	さんじ	3 o'clock	
３次元	さんじげん	three dimensions, 3D, 3-D	
３０日	さんじゅうにち	30th day of the month	
３８度線	さんじゅうはちどせん	38th parallel (that demarcates North Korea and South Korea)	
三女	さんじょ	third daughter	
三省	さんせい	frequent reflection, frequent meditation	
三振	さんしん	strikeout	
三人	さんにん	three people	
３０００	さんぜん	3000, three thousand	
三選	さんせん	third-term election	
三男	さんなん	three sons	
３日	みっか	3rd day of the month	
三日月	みかづき	crescent moon, young moon	
３００	さんびゃく	300, three hundred	
三本	さんぼん	three (long cylindrical things)	
三枚	さんまい	three flat objects (sheets of paper, pieces of cloth, etc.)	
三役	さんやく	three highest ranks (wrestling, unions, etc.)	
三流	さんりゅう	third-rate, third-class	
三輪	さんりん	three wheels	
三塁	さんるい	third base	
三塁手	さんるいしゅ	third baseman	
三塁打	さんるいだ	three-base hit, triple	
傘	かさ	umbrella, parasol	
傘下	さんか	affiliated with, under jurisdiction of, under the umbrella	
参る	まいる	to go, to come, to call	
参院	さんいん	House of Councillors (upper house of the National Diet of Japan)	
参加	さんか	participation, joining, entry	
参加者	さんかしゃ	participant, entrant, player, competitor	
参画	さんかく	taking part (in planning), participation	
参観	さんかん	visit, inspection	
参議院	さんぎいん	House of Councillors (upper house of the National Diet of Japan)	
参考	さんこう	reference, consultation	
参考書	さんこうしょ	reference book, study-aid book, supplemental textbook, student handbook	
参事	さんじ	secretary, councillor, councilor	
参事官	さんじかん	councillor, councilor	
参照	さんしょう	reference (e.g. to a dictionary, passage, footnotes), consultation, comparison	
参政権	さんせいけん	suffrage, franchise	
参戦	さんせん	participation in a war, going to war	
参道	さんどう	road approaching a shrine	
参入	さんにゅう	entering (the marketplace), introducing (something) to the market, access	
参拝	さんぱい	going and worshipping (at a shrine or temple), visit (to a shrine or temple to worship)	
参謀	さんぼう	staff officer, military staff	
参与	さんよ	participation, taking part	
参列	さんれつ	attendance, participation, presence	
山	やま	mountain, hill	
山葵	わさび	wasabi (Wasabia japonica), Japanese horseradish	
山陰	やまかげ	place in the shade of a mountain, shelter of the mountains	
山奥	やまおく	deep in the mountains, mountain recesses	
山火事	やまかじ	forest fire, wildfire, bushfire	
山岳	さんがく	mountain chain, mountains	
山間	さんかん	among the mountains	
山菜	さんさい	edible wild plants	
山寺	やまでら	mountain temple	
山小屋	やまごや	mountain hut (esp. one that offers lodging to climbers and hikers), mountain cottage, mountain shanty	
山川	さんせん	mountains and rivers	
山荘	さんそう	mountain villa, mountain retreat, mountain cottage	
山賊	さんぞく	bandit, brigand	
山地	さんち	mountainous region, mountainous district, hilly district	
山頂	さんちょう	summit (of a mountain)	
山登り	やまのぼり	mountain climbing, mountaineering	
山道	やまみち	mountain road, mountain trail	
山猫	やまねこ	wildcat (European wildcat, Iriomote cat, Tsushima cat, etc.)	
山崩れ	やまくずれ	landslide	
山脈	さんみゃく	mountain range, mountain belt	
山林	さんりん	mountain forest, forest on a mountain, forest land, woodland	
惨め	みじめ	miserable, wretched, unhappy, sad, pitiable	
惨事	さんじ	disaster, tragedy, tragic incident, horrible accident	
惨状	さんじょう	disastrous scene, terrible spectacle	
撒く	まく	to scatter, to sprinkle, to strew	
散らかす	ちらかす	to scatter around, to leave untidy, to make a mess	
散らかる	ちらかる	to be in disorder, to lie scattered around	
散らし	ちらし	leaflet, flyer, handbill	
散らす	ちらす	to scatter, to cause a shower of	
散らばる	ちらばる	to be scattered about, to disperse, to be littered (with)	
散る	ちる	to fall (e.g. blossoms, leaves)	
散会	さんかい	adjournment	
散策	さんさく	walking, strolling, roaming, wandering, exploring	
散発	さんぱつ	sporadic, scattering	
散髪	さんぱつ	(having a) haircut, hair-cutting, hair-dressing	
散布	さんぷ	dissemination, scattering, sprinkling, spraying	
散文	さんぶん	prose	
散歩	さんぽ	walk, stroll	
散漫	さんまん	vague, desultory, distracted, loose, half-hearted, diffuse, scattered	
桟橋	さんばし	wharf, bridge, jetty, pier	
珊瑚	さんご	coral	
産科	さんか	obstetrics	
産業	さんぎょう	industry	
産児制限	さんじせいげん	birth control	
産地	さんち	producing area, place of origin, growing district	
産婦人科	さんふじんか	maternity and gynaecology department (gynecology), department of obstetrics and gynaecology (gynecology)	
産物	さんぶつ	product, produce	
産卵	さんらん	egg-laying, spawning	
算出	さんしゅつ	calculation, computation	
算数	さんすう	arithmetic	
算定	さんてい	calculation, estimation, computation	
蚕	かいこ	silkworm (Bombyx mori)	
蚕糸	さんし	silk thread, silk yarn	
賛歌	さんか	song of praise, eulogy, paean, hymn	
賛辞	さんじ	eulogy, compliment	
賛助	さんじょ	support, patronage	
賛成	さんせい	approval, agreement, support, favour, favor	
賛同	さんどう	approval, endorsement	
賛否	さんぴ	yes and no, for and against	
賛美	さんび	praise, glorification, extolment	
酸	さん	acid	
酸っぱい	すっぱい	sour, acid	
酸化	さんか	oxidation, oxidization	
酸性	さんせい	acidity	
酸素	さんそ	oxygen (O)	
酸味	さんみ	sourness, acidity	
斬る	きる	to kill (a human) using a blade (sword, machete, knife, etc.), to slice (off), to lop (off), to cut (off)	
斬新	ざんしん	novel, original, new, innovative	
暫く	しばらく	for a moment, for a minute	
暫定	ざんてい	provisional, temporary, tentative	
残り	のこり	remainder, remnant, the rest, what is left, balance, leftovers	
残る	のこる	to remain, to be left	
残虐	ざんぎゃく	cruel, brutal, savage, barbarous	
残業	ざんぎょう	overtime (work)	
残高	ざんだか	(bank) balance, remainder	
残酷	ざんこく	cruel, brutal, ruthless, merciless, inhuman	
残暑	ざんしょ	late summer heat, lingering summer heat	
残存	ざんぞん	survival, remaining, being extant, being left	
残忍	ざんにん	brutal, cruel, merciless, ruthless, cold-blooded	
残念	ざんねん	regrettable, unfortunate, disappointing, vexing	
残留	ざんりゅう	staying behind, remaining, residual	
仕える	つかえる	to serve, to work for, to attend	
仕掛ける	しかける	to start, to begin, to commence	
仕業	しわざ	deed (esp. negative), act, action, one's doing, one's work	
仕込み	しこみ	training, education, upbringing	
仕事	しごと	work, job, labor, labour, business, task, assignment, occupation, employment	
仕事場	しごとば	place where one works, construction site, working area	
仕事中	しごとちゅう	at work, in the midst of work, working	
仕手	して	doer, performer	
仕出し	しだし	food delivery service, catering	
仕上がり	しあがり	finish, end, completion, result	
仕上げる	しあげる	to finish up, to complete, to finish off, to get through, to polish off	
仕切り	しきり	partition, division, boundary, compartment	
仕草	しぐさ	gesture, movement, action, behavior, behaviour, bearing, mannerism	
仕送り	しおくり	allowance, remittance, sending (someone) an allowance	
仕入れ	しいれ	buying (of stock, materials, etc.), purchasing, stocking, laying in, procurement	
仕入れる	しいれる	to buy (stock, materials, etc.), to purchase, to lay in, to stock, to procure	
仕舞う	しまう	to finish, to stop, to end, to put an end to, to bring to a close	
仕方がない	しかたがない	there's no (other) way	
仕方ない	しかたない	there's no (other) way	
仕様	しよう	way, method, means, resource, remedy	
仕様がない	しょうがない	there's no (other) way	
仕立て	したて	tailoring, sewing, cut	
仕立てる	したてる	to tailor, to make (clothing)	
伺う	うかがう	to call on someone, to call at a place, to pay a visit, to wait on someone	
使い	つかい	errand, mission, going on an errand	
使い道	つかいみち	purpose, utility, objective	
使い分け	つかいわけ	proper use, using (different things) for different purposes	
使い方	つかいかた	way of using (something), way to use, how to use, usage, use	
使う	つかう	to use (a tool, method, etc.), to make use of, to put to use	
使者	ししゃ	messenger, envoy, emissary	
使節	しせつ	envoy, ambassador, delegate, emissary, mission	
使徒	しと	apostle, disciple	
使途	しと	purpose for which money is spent, the way money is spent, how goods are used	
使命	しめい	mission, errand	
使用	しよう	use, application, employment, utilization, utilisation	
使用済み	しようずみ	used (ticket, stamp, etc.), spent (fuel, battery, etc.)	
使用者	しようしゃ	user, consumer	
使用人	しようにん	employee, servant	
使用料	しようりょう	use fee, rent	
刺さる	ささる	to stick into (of something with a sharp point), to prick, to pierce, to get stuck (in), to lodge (in)	
刺し	さし	grain thief, sharpened tube for testing rice in bags	
刺し殺す	さしころす	to stab to death	
刺す	さす	to pierce, to stab, to prick, to stick, to thrust	
刺繍	ししゅう	embroidery	
刺身	さしみ	sashimi (raw sliced fish, shellfish or crustaceans)	
司る	つかさどる	to be in charge of, to manage, to direct, to administer, to preside over	
司会	しかい	leading a meeting, presiding over a meeting, officiating at a ceremony, chairmanship	
司会者	しかいしゃ	chairman, moderator, toastmaster, master of ceremonies, chairperson, host (of a TV show, etc.)	
司書	ししょ	librarian	
司法	しほう	administration of justice, judicature	
司令	しれい	command, commander, commandant	
司令官	しれいかん	commandant, commanding officer, general	
司令部	しれいぶ	headquarters	
史家	しか	historian	
史学	しがく	study of history	
史実	しじつ	historical fact	
史上	しじょう	in history, ever, historical	
史料	しりょう	historical materials, historical records, historical sources, archives	
四つ	よっつ	four, 4	
四つ角	よつかど	four corners	
四角	しかく	quadrilateral, square	
四角い	しかくい	square, rectangular	
四季	しき	the four seasons	
四球	しきゅう	base on balls, walk, pass	
四隅	よすみ	four corners	
４月	しがつ	April	
四国	しこく	Shikoku (smallest of the four main islands of Japan)	
四肢	しし	the (four) limbs, arms and legs	
４時	よじ	four o'clock	
四捨五入	ししゃごにゅう	rounding (off; a number), rounding half away from zero	
四重奏	しじゅうそう	instrumental quartet	
四畳半	よじょうはん	four and a half tatami mats, four-and-a-half-mat room	
４日	よっか	4th day of the month	
四半期	しはんき	quarter (of a year)	
四方	しほう	the four cardinal directions, north, east, south and west, all directions	
四輪車	よんりんしゃ	automobile, car	
士官	しかん	officer	
士気	しき	morale (of troops, team, etc.), esprit de corps	
始まる	はじまる	to begin, to start, to commence	
初めに	はじめに	first, firstly, first of all, to begin with, in the beginning, at the beginning	
始める	はじめる	to start, to begin, to commence, to initiate, to originate	
始業	しぎょう	start of work, commencement, opening	
始終	しじゅう	continuously, from beginning to end, from first to last	
始動	しどう	starting (a machine, engine, etc.)	
始発	しはつ	first departure (of the day), first train, first bus	
始末	しまつ	management, dealing with, settlement, cleaning up, disposal	
姉	あね	older sister, elder sister	
姉さん	ねえさん	older sister, elder sister	
姿	すがた	figure, form, shape	
姿勢	しせい	posture, pose, position, stance, carriage (of the body)	
子	こ	child, kid, teenager, youngster, young (non-adult) person	
子	ね	the Rat (first sign of the Chinese zodiac)	
子育て	こそだて	child rearing, child raising, raising children, parenting	
子会社	こがいしゃ	subsidiary (company)	
子宮	しきゅう	womb, uterus	
子供	こども	child, children	
子供たち	こどもたち	children, kids	
子供用	こどもよう	for use by children, for children	
子守	こもり	looking after a baby, taking care of a baby, babysitting, babysitter	
子守歌	こもりうた	lullaby	
子女	しじょ	sons and daughters, children	
子息	しそく	(another's) son	
子孫	しそん	descendant, progeny, offspring	
子弟	してい	children, sons, children and younger brothers	
市	いち	market, fair	
市	し	city	
市営	しえい	(under) municipal management (transport, housing, etc.), city facility management	
市会	しかい	city council	
市外	しがい	outside the city, suburbs	
市街	しがい	urban areas, the streets, town, city	
市街地	しがいち	town area, urban area, metropolitan area, built-up area	
市議	しぎ	city councillor, city councilor, city assemblyman	
市況	しきょう	market conditions	
市場	いちば	(town) market, (street) market, marketplace	
市場	しじょう	market (financial, stock, domestic, etc.), marketplace, exchange	
市場調査	しじょうちょうさ	market research	
市政	しせい	municipal government	
市中	しちゅう	in the city	
市町村	しちょうそん	cities, towns and villages, municipalities	
市長	しちょう	mayor	
市内	しない	in the city, within the city	
市販	しはん	putting on the market, putting on sale, making commercially available	
市部	しぶ	urban areas	
市民	しみん	citizen (of a country), citizenry	
市民権	しみんけん	citizenship, civic rights, civil rights	
市役所	しやくしょ	municipal office, council, city hall	
市立	しりつ	municipal, city	
師事	しじ	studying under, looking up to, apprenticing oneself to	
師匠	ししょう	master, teacher	
師団	しだん	(army) division	
師弟	してい	teacher and student	
師範	しはん	instructor, (fencing) teacher, model	
志	こころざし	will, resolution, intention, ambition, aim, goal	
志す	こころざす	to plan, to intend, to aspire to, to set aims (sights on)	
志願	しがん	aspiration, volunteering, desire, application	
志向	しこう	intention, aim, preference (for), orientation (towards a goal)	
志望	しぼう	wish, desire, ambition, choice	
思いやり	おもいやり	consideration, thoughtfulness, sympathy, compassion, feeling, kindness, understanding, regard, kindheartedness	
思い込む	おもいこむ	to be convinced (that), to be under the impression (that), to feel sure (that), to assume (that)	
思いとどまる	おもいとどまる	to give up (an idea or plan), to abandon, to refrain from (doing), to change one's mind	
思い出す	おもいだす	to recall, to remember, to recollect	
思い上がる	おもいあがる	to be conceited	
思いっきり	おもいっきり	to one's heart's content, as much as one wants, as hard as one can, with all one's strength, to the best of one's ability, to the utmost, with determination, hard, heavily	
思い切る	おもいきる	to give up all thoughts of, to abandon, to despair of	
思い直す	おもいなおす	to re-think, to think back upon, to change one's mind	
思い当たる	おもいあたる	to suddenly understand (esp. on basis of experience or memory), to come to mind, to recall (in a flash), to be reminded of, to call to mind, to think of, to strike on, to hit on an answer, to seize the crux of a problem	
思いつき	おもいつき	idea, plan, fancy, impulse, thought, whim, suggestion	
思わず	おもわず	unconsciously, involuntarily, instinctively, reflexively, spontaneously, unintentionally, in spite of oneself	
思案	しあん	careful thought, consideration, deliberation, reflection, rumination, pondering	
思考	しこう	thought, consideration, thinking	
思索	しさく	speculation, thinking, meditation	
思春期	ししゅんき	puberty, adolescence	
思想	しそう	thought, idea, ideology	
思慕	しぼ	yearning, longing for, deep affection	
思惑	おもわく	expectation, anticipation, prediction, forecast, calculations	
指	ゆび	finger, toe, digit	
指し示す	さししめす	to indicate, to show, to point to	
指す	さす	to point	
指揮	しき	command, direction, supervision	
指揮者	しきしゃ	(musical) conductor	
指差す	ゆびさす	to point at	
指示	しじ	indication, denotation, designation	
指針	ししん	needle (compass, gauge, etc.), hand (clock), indicator, pointer, index	
指図	さしず	directions, instructions, orders, command	
指数	しすう	index, index number, exponent (e.g. in floating-point representation), characteristic	
指先	ゆびさき	fingertip, finger	
指定	してい	designation, specification, assignment, appointment, pointing at	
指摘	してき	pointing out, identification	
指導	しどう	guidance, leadership, instruction, direction, coaching	
指導者	しどうしゃ	leader, guide, mentor, coach	
指標	しひょう	index, indices, indicator	
指名	しめい	naming, nominating, designating	
指名手配	しめいてはい	putting (a named suspect) on the wanted list	
指紋	しもん	fingerprint	
指輪	ゆびわ	(finger) ring	
指令	しれい	order, directive, instructions, command	
支える	ささえる	to support, to prop, to sustain, to underlay, to hold up, to defend	
支援	しえん	support, backing, aid, assistance	
支給	しきゅう	provision, supply, payment, allowance, grant	
支局	しきょく	branch office	
支持	しじ	support, backing, endorsement, approval	
支社	ししゃ	branch office	
支出	ししゅつ	expenditure, disbursement, expenses	
支障	ししょう	obstacle, hindrance, impediment, difficulty	
支柱	しちゅう	prop, stay, support, brace, fulcrum	
支店	してん	branch office, branch store	
支度	したく	preparation, arrangements	
支配	しはい	rule, domination, control	
支部	しぶ	branch, subdivision	
支払う	しはらう	to pay	
支流	しりゅう	tributary, branch	
施す	ほどこす	to give (time, money, goods), to donate	
施策	しさく	policy, measure	
施政	しせい	government, administration, statesmanship	
施設	しせつ	facility, facilities, institution, establishment	
旨	むね	principle, aim, main purpose, central part, pillar	
上手い	うまい	skillful, skilful, skilled, good, expert, clever (expression, trick, etc.), apt, appropriate	
上手く行く	うまくいく	to go smoothly, to turn out well, to do the trick, to have peaceful relations	
枝	えだ	branch, bough, limb, twig, sprig, spray	
枝豆	えだまめ	edamame (green soybeans)	
止す	よす	to stop (doing), to cease, to desist, to drop, to lay off, to give up, to quit	
止まる	とまる	to stop (moving), to come to a stop	
止む	やむ	to cease, to stop, to be over	
止める	とめる	to stop, to turn off	
止める	やめる	to stop (an activity), to cease, to discontinue, to end, to quit	
死	し	death	
死ぬ	しぬ	to die, to pass away	
死因	しいん	cause of death	
死活	しかつ	life and death, life or death	
死球	しきゅう	pitch that hits the batter	
死去	しきょ	death, decease, passing away	
死刑	しけい	death penalty, capital punishment	
死刑囚	しけいしゅう	criminal condemned to death, convict on death row	
死後	しご	after death	
死語	しご	dead language, extinct language	
死者	ししゃ	dead person, (the) deceased, (the) dead, casualties	
死傷者	ししょうしゃ	casualties, the killed and wounded	
死人	しにん	corpse, dead person	
死体	したい	dead body, corpse, cadaver, carcass	
死亡	しぼう	death, dying, mortality	
死亡者	しぼうしゃ	the deceased, deaths, persons killed	
死亡率	しぼうりつ	death rate, mortality rate	
氏神	うじがみ	patron god, tutelar deity, guardian deity, local deity	
氏名	しめい	(full) name, identity	
獅子	しし	lion	
私	わたし	I, me	
私	あたし	I, me	
私見	しけん	personal opinion	
私自身	わたしじしん	myself	
私塾	しじゅく	small private school (esp. for cramming)	
私書箱	ししょばこ	post office box	
私生活	しせいかつ	private life	
私設	しせつ	private	
私たち	わたしたち	we, us	
私邸	してい	private residence	
私的	してき	private, personal	
私鉄	してつ	private railway	
私費	しひ	private expense	
私物	しぶつ	private property, personal belongings, personal effects	
私有	しゆう	private ownership	
私用	しよう	personal use, private use	
私立	しりつ	private (establishment)	
糸	いと	thread, yarn, string	
糸口	いとぐち	beginning, start, first step	
紙	かみ	paper	
紙芝居	かみしばい	kamishibai, storytelling with pictures, form of Japanese street theater and storytelling (popular from the 1930s to the 1950s)	
紙袋	かみぶくろ	paper bag	
紙幣	しへい	paper money, note, bill	
紙面	しめん	space on a page (e.g. in a newspaper)	
紫	むらさき	purple, violet	
紫外線	しがいせん	ultraviolet rays, ultraviolet radiation, UV radiation	
紫色	むらさきいろ	purple, violet	
紫陽花	あじさい	bigleaf hydrangea (Hydrangea macrophylla), French hydrangea	
肢体	したい	limbs, arms and legs, body	
脂	あぶら	fat, tallow, lard, grease	
脂身	あぶらみ	fat (of meat), fatty meat	
脂肪	しぼう	fat, grease, blubber, lard, suet	
至って	いたって	very much, exceedingly, extremely	
至る	いたる	to arrive at (e.g. a decision), to reach (a stage), to attain	
至る所	いたるところ	everywhere, all over, throughout	
至急	しきゅう	urgent, pressing, immediate, prompt, express	
至上	しじょう	supremacy	
至難	しなん	most difficult, next to impossible	
至福	しふく	beatitude, supreme bliss	
視界	しかい	field of vision, visibility, view, visual field, (one's) ken	
視覚	しかく	(sense of) sight, eyesight, vision	
視察	しさつ	inspection, observation	
視線	しせん	one's line of sight, one's gaze, one's eyes (looking), glance, gaze, look	
視聴	しちょう	looking and listening, (television) viewing, watching	
視聴者	しちょうしゃ	viewer, (television) audience	
視聴率	しちょうりつ	ratings (e.g. of a television program), audience rating, viewing rate	
視点	してん	point of view, viewpoint, angle, perspective	
視野	しや	field of vision, view	
視力	しりょく	eyesight, vision, visual acuity	
詩集	ししゅう	poetry anthology, collection of poems, collected poems	
詩情	しじょう	poetic sentiment	
詩人	しじん	poet	
試し	ためし	trial, test	
試す	ためす	to try (out), to have a try (at), to test, to put to the test	
試み	こころみ	attempt, trial, experiment	
試みる	こころみる	to try, to attempt, to have a go (at)	
試案	しあん	tentative plan, draft plan	
試運転	しうんてん	trial run, test run	
試金石	しきんせき	touchstone (assaying tool)	
試験	しけん	examination, exam, test	
試行	しこう	making an attempt, trial run	
試行錯誤	しこうさくご	trial and error	
試合	しあい	match, game, bout, contest	
試作	しさく	trial manufacture, experiment, test piece, prototype	
試算	しさん	trial calculation, preliminary calculation, estimation	
試写	ししゃ	preview, private showing	
試食	ししょく	sampling food, tasting, trying	
試着	しちゃく	trying on clothes	
試薬	しやく	reagent	
試料	しりょう	sample, specimen, test piece	
試練	しれん	test, trial, ordeal, tribulation	
誌	し	magazine, journal	
誌上	しじょう	in a magazine	
誌面	しめん	page of a magazine	
諮る	はかる	to consult with, to discuss, to confer, to deliberate	
諮問	しもん	consultation, question, enquiry, inquiry	
資格	しかく	qualifications, requirements, capabilities	
資金	しきん	funds, capital	
資金繰り	しきんぐり	fundraising, financing, cash flow	
資源	しげん	resources	
資材	しざい	(raw) material	
資産	しさん	property, fortune, means, assets	
資質	ししつ	nature, disposition, temperament, qualities, attributes, talents	
資本	しほん	funds, capital	
資本金	しほんきん	capital stock	
資本主義	しほんしゅぎ	capitalism	
資料	しりょう	material, materials, data, information, documents	
雌	めす	female (animal, plant)	
雌花	めばな	female flower, pistillate flower	
雌雄	しゆう	male and female (animals), the two sexes	
飼う	かう	to keep (a pet or other animal), to have, to own, to raise, to rear, to feed	
飼育	しいく	breeding, raising, rearing, keeping	
飼料	しりょう	fodder, feed	
歯	は	tooth, teeth	
歯ブラシ	はブラシ	toothbrush	
歯医者	はいしゃ	dentist	
歯ごたえ	はごたえ	chewiness, firmness, feel of food while being chewed	
歯科	しか	dentistry	
歯科医	しかい	dentist	
歯科医師	しかいし	dentist	
歯止め	はどめ	brake, drag, skid, pawl	
歯車	はぐるま	gear, cogwheel	
歯切れ	はぎれ	feel when biting	
歯痒い	はがゆい	(feeling) impatient, irritated, irritating, frustrated, frustrating, vexed, vexing	
事	こと	thing, matter	
事による	ことによる	depending on the circumstances	
事業	じぎょう	business, enterprise, venture, (commercial) activity, (business) operation, industry	
事業所	じぎょうしょ	establishment, place of business, business site, office, (production) facility	
事件	じけん	event, affair, incident, case, plot, trouble, scandal	
事故	じこ	accident, incident, trouble	
事後	じご	after, post, ex-, after the fact, ex post	
事項	じこう	matter, item, facts	
事実	じじつ	fact, truth, reality	
事実上	じじつじょう	as a matter of fact, actually, effectively, in reality, in effect	
事実無根	じじつむこん	groundless, entirely contrary to fact	
事象	じしょう	event, phenomenon, matter	
事情	じじょう	circumstances, conditions, situation, reasons, state of affairs	
事前	じぜん	prior, beforehand, in advance, before the fact, ex ante	
事典	じてん	encyclopedia	
事柄	ことがら	matter, thing, affair, circumstance	
事変	じへん	accident, disaster, incident, uprising, emergency	
事務	じむ	office work, clerical work, administration, business, affairs	
事務員	じむいん	clerk, office worker, office staff	
事務官	じむかん	administrative official, secretary, commissioner	
事務局	じむきょく	secretariat, executive office	
事務次官	じむじかん	permanent vice-president, undersecretary, vice-minister	
事務室	じむしつ	office (room)	
事務所	じむしょ	office	
事務的	じむてき	administrative, businesslike, practical	
事務当局	じむとうきょく	officials in charge	
事由	じゆう	reason, cause, whys and wherefores, particulars	
事例	じれい	example, precedent, case	
似せる	にせる	to copy, to imitate, to counterfeit, to forge	
似る	にる	to resemble, to look like, to be like, to be alike, to be similar, to take after	
似顔	にがお	portrait, likeness	
似顔絵	にがおえ	portrait, likeness, sketch (of a face)	
似合い	にあい	well-matched (esp. of a couple), becoming, suitable	
似合う	にあう	to suit, to match, to become, to be like	
似通う	にかよう	to resemble closely	
侍	さむらい	warrior (esp. of military retainers of daimyos in the Edo period), samurai	
侍医	じい	court physician	
侍従	じじゅう	chamberlain	
侍女	じじょ	lady attendant, female servant, lady's maid, waiting maid	
児童	じどう	children, juvenile	
字	あざ	section of village	
字	じ	character (esp. kanji), letter, written text	
字引	じびき	dictionary	
字画	じかく	strokes in a Chinese character, stroke count of a Chinese character	
字形	じけい	character style, character form	
字体	じたい	form of a character (e.g. simplified, traditional)	
字幕	じまく	subtitles, captioning	
寺	てら	temple (Buddhist)	
寺院	じいん	Buddhist temple	
慈愛	じあい	affection (esp. parental), love, fondness	
慈善	じぜん	charity, benevolence, philanthropy	
慈悲	じひ	mercy, compassion, clemency, pity, charity, benevolence	
持ち越す	もちこす	to carry over (an issue, decision, work, etc.), to carry forward, to put off, to postpone, to defer	
持ち堪える	もちこたえる	to hold out (e.g. against an attack), to hang on, to withstand, to endure, to last	
持ち込む	もちこむ	to bring in, to take in, to carry in	
持ち出す	もちだす	to take out, to carry out, to bring out from where it belongs	
持ち上げる	もちあげる	to elevate, to raise, to lift up	
持ち前	もちまえ	natural, inborn, innate, inherent, characteristic	
持ち直す	もちなおす	to recover, to rally, to improve, to pick up	
持っていく	もっていく	to take (something) along, to bring with one, to carry (something) away, to bear	
持ってくる	もってくる	to bring (something), to take along, to fetch, to get	
持つ	もつ	to hold (in one's hand), to take, to carry	
持てる	もてる	to be able to possess (hold, get, etc.)	
持て成す	もてなす	to treat (a guest), to receive, to entertain, to be hospitable to, to make welcome	
持久	じきゅう	endurance, persistence	
持参	じさん	bringing, taking, carrying	
持続	じぞく	continuation, persisting, lasting, sustaining, enduring	
持病	じびょう	chronic disease, chronic illness, old complaint	
時	とき	time, hour, moment	
時には	ときには	at times, occasionally	
時雨	しぐれ	rain shower in late autumn (fall) or early winter	
時価	じか	current value, price, market value	
時間	じかん	time	
時間割	じかんわり	timetable (esp. a weekly school timetable), schedule	
時間切れ	じかんぎれ	being out of time, passing the deadline	
時間帯	じかんたい	period of time, time slot	
時期	じき	time, season, period, phase, stage	
時期尚早	じきしょうそう	premature	
時宜	じぎ	right time, appropriate time, season's greetings	
時給	じきゅう	hourly pay, hourly wage	
時局	じきょく	situation, state of things, current affairs	
時計	とけい	clock, watch, timepiece	
時限	じげん	(school) period	
時効	じこう	statute of limitations, lapse of rights after a period of time, prescription (including acquisitive and extinctive prescription)	
時刻	じこく	time, (the) hour	
時刻表	じこくひょう	timetable, schedule	
時差	じさ	time difference	
時節	じせつ	season	
時速	じそく	speed (per hour)	
時代	じだい	period, epoch, era, age	
時代劇	じだいげき	historical play, period drama	
時代錯誤	じだいさくご	anachronism	
時点	じてん	point in time, occasion	
時報	じほう	announcement of time, time signal	
次	つぎ	next, following, subsequent	
次いで	ついで	next, secondly, subsequently	
次ぐ	つぐ	to follow, to come after, to come next (to), to rank next (to), to rank second (to)	
次のように	つぎのように	in the following manner, as follows	
次回	じかい	next time (occasion)	
次官	じかん	vice-minister, undersecretary	
次期	じき	next term, next period	
次元	じげん	dimension	
次女	じじょ	second daughter	
次席	じせき	associate, junior, assistant, next in rank, runner-up	
次代	じだい	the next era	
次第	しだい	depending on	
次第に	しだいに	gradually, by degrees, little by little, bit by bit	
次男	じなん	second son	
次長	じちょう	vice-chief, vice-director, assistant director, deputy manager	
次点	じてん	runner-up	
滋養	じよう	nourishment, nutrition	
治まる	おさまる	to die down (storm, anger, conflict, etc.), to calm down, to cool off, to abate, to be settled, to be brought under control	
治める	おさめる	to rule, to govern, to reign over, to administer, to manage (e.g. a household)	
治安	ちあん	public order, public peace, public security, law and order	
治水	ちすい	river management, river improvement, flood control	
治癒	ちゆ	healing, cure, recovery	
治療	ちりょう	(medical) treatment, care, therapy, cure, remedy	
磁器	じき	porcelain, china, chinaware	
磁気	じき	magnetism	
磁石	じしゃく	magnet	
示す	しめす	to (take out and) show, to demonstrate, to tell, to exemplify, to make apparent	
示唆	しさ	suggestion, hint, implication	
示談	じだん	settlement out of court, private settlement	
耳	みみ	ear	
耳障り	みみざわり	hard (on the ears), offensive (to the ear), rasping, rough, harsh, grating, jarring, cacophonous	
耳鼻科	じびか	otolaryngology, ear, nose, and throat department	
耳目	じもく	eyes and ears, seeing and hearing	
自ずから	おのずから	naturally, in due course, by itself, of its own accord	
自ら	みずから	oneself	
自営	じえい	running one's own business, doing business on one's own, self-employment	
自衛	じえい	self-defense, self-defence	
自衛隊	じえいたい	Japan Self-Defense Forces, JSDF	
自家	じか	one's own house	
自我	じが	ego	
自画像	じがぞう	self-portrait	
自覚	じかく	self-consciousness, self-awareness	
自活	じかつ	self-support	
自棄	やけ	desperation, despair, self-abandonment	
自給	じきゅう	self-support	
自供	じきょう	confession	
自己	じこ	self, oneself	
自己紹介	じこしょうかい	self-introduction	
自国	じこく	one's own country	
自惚れ	うぬぼれ	conceit, vanity, pride, self-importance, egotism	
自惚れる	うぬぼれる	to be conceited	
自在	じざい	being able to do as one pleases, doing at will	
自作	じさく	one's own work, making by oneself	
自殺	じさつ	suicide	
自治	じち	self-government, autonomy	
自治省	じちしょう	Ministry of Home Affairs (1960-2001)	
自治体	じちたい	municipality, local government, self-governing body, autonomous body	
自社	じしゃ	one's company, company one works for	
自主	じしゅ	independence, autonomy, self-reliance	
自主的	じしゅてき	independent, autonomous, voluntary, of one's own initiative	
自首	じしゅ	surrender (to the authorities), giving oneself up, turning oneself in	
自習	じしゅう	self-study, teaching oneself	
自粛	じしゅく	self-restraint, voluntary restraint, self-imposed control, self-discipline	
自叙伝	じじょでん	autobiography	
自省	じせい	self-examination, reflection	
自称	じしょう	self-proclaimed, self-professed, self-styled, would-be	
自信	じしん	self-confidence, confidence (in oneself)	
自身	じしん	(one's) self, oneself, yourself, himself, herself	
自炊	じすい	cooking for oneself, cooking one's own food, doing one's own cooking, making food oneself, self-catering	
自制	じせい	self-control, self-restraint	
自責	じせき	self-condemnation, self-reproach, self-accusation	
自薦	じせん	self-recommendation, self-nomination, putting oneself forward	
自前	じまえ	paying one's own expenses	
自然	しぜん	nature	
自然科学	しぜんかがく	natural science	
自尊	じそん	self-respect, esteem, self-importance, pride	
自他	じた	oneself and others	
自体	じたい	itself	
自宅	じたく	one's home, one's house	
自転車	じてんしゃ	bicycle, bike	
自伝	じでん	autobiography	
自動	じどう	automatic	
自動化	じどうか	automation	
自動車	じどうしゃ	car, automobile, motorcar, motor vehicle, auto	
自動的	じどうてき	automatic	
自動販売機	じどうはんばいき	vending machine	
自白	じはく	confession, admission	
自発	じはつ	spontaneity	
自発的	じはつてき	spontaneous, voluntary	
自販機	じはんき	vending machine	
自費	じひ	one's own expense, out-of-pocket expense	
自筆	じひつ	one's own handwriting, autograph, holograph	
自負	じふ	pride, self-confidence, thinking highly of oneself, being proud of one's abilities or achievements	
自分	じぶん	myself, yourself, oneself, himself, herself	
自分自身	じぶんじしん	oneself, myself	
自閉症	じへいしょう	autism	
自慢	じまん	pride, boast	
自明	じめい	self-evident, obvious, axiomatic, self-explanatory, trivial	
自滅	じめつ	self-destruction, ruining oneself	
自由	じゆう	freedom, liberty	
自由化	じゆうか	liberalization, liberalisation, freeing	
自律	じりつ	autonomy (in Kantian ethics)	
自律神経	じりつしんけい	autonomic nerve	
自立	じりつ	independence, self-reliance	
自力	じりき	one's own strength, one's own efforts	
辞める	やめる	to resign, to retire, to quit, to leave (one's job, etc.)	
辞意	じい	intention to resign	
辞書	じしょ	dictionary, lexicon	
辞職	じしょく	resignation	
辞退	じたい	declining, refusal, nonacceptance, turning down, withdrawal (e.g. of candidacy), pulling out (e.g. of a race), excusing oneself	
辞任	じにん	resignation (from a position)	
辞表	じひょう	letter of resignation	
辞令	じれい	notice of personnel change (appointment, dismissal, etc.)	
鹿	しか	deer (esp. the sika deer, Cervus nippon), cervid	
式	しき	way, style, fashion, method, system, form, type	
式辞	しきじ	ceremonial address	
式場	しきじょう	ceremonial hall (e.g. wedding, funeral), hall for ceremonies, place of ceremony	
式典	しきてん	ceremony, rites	
識者	しきしゃ	well-informed person, thinking person, intelligent person	
識別	しきべつ	distinction, discrimination, discernment, identification	
軸	じく	axis, shaft, axle	
七	しち	seven	
七つ	ななつ	seven	
７月	しちがつ	July	
七五三	しちごさん	shichi-go-san, 7-5-3 day, festival day for children aged 7, 5 and 3 held on or around November 15	
七福神	しちふくじん	Seven Gods of Fortune, Seven Deities of Good Luck, Seven Lucky Gods	
叱る	しかる	to scold, to chide, to rebuke, to reprimand	
執行	しっこう	execution, carrying out, performance, enforcement, exercise, service, conduct	
執行猶予	しっこうゆうよ	stay of execution, suspended sentence	
執念	しゅうねん	tenacity, persistence, obsession, implacability	
執筆	しっぴつ	writing, authoring	
執務	しつむ	performance of one's official duties	
失う	うしなう	to lose	
失意	しつい	disappointment, despair, despondency, broken heart, adversity	
失格	しっかく	disqualification, elimination, incapacity	
失脚	しっきゃく	losing one's position, losing one's standing, downfall, fall (from power), being overthrown	
失業	しつぎょう	unemployment	
失敬	しっけい	rudeness, impoliteness, disrespect, impertinence	
失跡	しっせき	absconding, disappearance	
失速	しっそく	stall	
失墜	しっつい	abasement, fall, forfeiture, sinking (in people's estimation)	
失点	しってん	lost point (in a game), point given away, conceded goal	
失敗	しっぱい	failure, mistake, blunder	
失望	しつぼう	disappointment, despair	
失明	しつめい	loss of eyesight, loss of sight, going blind, blindness	
失礼	しつれい	discourtesy, impoliteness	
失礼しました	しつれいしました	my apologies, I'm sorry, excuse me	
失恋	しつれん	disappointed love, broken heart, unrequited love, being lovelorn	
失踪	しっそう	disappearance, running away, going missing, absconding	
嫉妬	しっと	jealousy, envy	
室	しつ	room	
室長	しつちょう	section chief, laboratory manager, office head, room monitor	
室内	しつない	indoor, inside the room	
室内楽	しつないがく	chamber music	
湿る	しめる	to become damp, to become moist, to become wet	
湿気	しっけ	moisture, humidity, dampness	
湿原	しつげん	marshy grassland, wetlands	
湿疹	しっしん	eczema, rash	
湿地	しっち	damp ground, wetland, bog, marsh	
湿度	しつど	humidity	
漆	うるし	East Asian lacquer, japan	
漆器	しっき	lacquer ware, lacquerware, lacquer work, lacquerwork	
漆黒	しっこく	jet-black, pitch-dark, raven-black, stygian	
漆塗り	うるしぬり	lacquering, lacquer ware	
疾っくに	とっくに	long ago, a long time ago, already	
疾患	しっかん	disease, illness, disorder, condition, ailment	
疾走	しっそう	sprint, dash, scampering	
疾病	しっぺい	illness, disease	
疾風	しっぷう	gale, strong wind, swift wind, fresh breeze (Beaufort scale)	
質	しつ	quality, value	
質屋	しちや	pawnshop	
質疑	しつぎ	question	
質素	しっそ	simple, plain	
質的	しつてき	qualitative	
質問	しつもん	question, inquiry, enquiry	
質量	しつりょう	mass	
実	じつ	truth, reality	
実	み	fruit, nut	
実は	じつは	as a matter of fact, by the way, to tell you the truth, to be honest, frankly	
実り	みのり	ripening (of a crop)	
実る	みのる	to bear fruit, to ripen	
実演	じつえん	demonstration, presentation	
実家	じっか	(one's parents') home	
実感	じっかん	real feeling, actual feeling	
実況	じっきょう	actual state (of things), actual conditions, actual scene	
実業	じつぎょう	industry, business	
実業家	じつぎょうか	businessperson, businessman, businesswoman, entrepreneur, captain of industry	
実兄	じっけい	biological older brother	
実験	じっけん	experiment, experimentation	
実験室	じっけんしつ	laboratory	
実現	じつげん	implementation (e.g. of a system), materialization, materialisation, realization, realisation, actualization, actualisation	
実効	じっこう	practical effect, efficacy, efficiency	
実行	じっこう	execution (e.g. of a plan), carrying out, (putting into) practice, action, implementation, fulfillment, realization	
実際	じっさい	reality, actuality, truth, fact, actual conditions	
実在	じつざい	actual existence, real existence, existing in real life	
実施	じっし	enforcement, implementation, putting into practice, carrying out, operation, working (e.g. working parameters), enactment	
実質	じっしつ	substance, essence	
実質的	じっしつてき	substantial, real (as opposed to nominal)	
実習	じっしゅう	practice (in the field), training (esp. practical and hands-on), practical exercise, drill	
実証	じっしょう	demonstration, verification, substantiation, actual proof	
実数	じっすう	real number	
実績	じっせき	achievements, actual results, accomplishments, past results, track record	
実践	じっせん	practice, putting into practice, implementation	
実体	じったい	substance, essence, entity, subject, content, reality, true form	
実態	じったい	true state, actual condition, reality	
実弾	じつだん	real bullet, live ammunition, live round, loaded cartridge, loaded shell	
実地	じっち	practice (as opposed to theory), actual practice	
実費	じっぴ	actual expenses, out-of-pocket expenses	
実物	じつぶつ	real thing, original, actual	
実務	じつむ	(practical) business, business practice, business affairs, (actual) work	
実名	じつめい	real name	
実用	じつよう	practical use, utility	
実用的	じつようてき	practical, useful, utilitarian, pragmatic	
実利	じつり	utility, (actual) profit, actual benefit, material gain	
実力	じつりょく	(real) ability, true strength, merit, efficiency, competency	
実力行使	じつりょくこうし	use of force	
実例	じつれい	example, illustration, precedent	
実話	じつわ	true story	
偲ぶ	しのぶ	to recollect, to remember, to reminisce, to be nostalgic for	
芝	しば	lawn, sod, turf	
芝居	しばい	play, drama	
芝居小屋	しばいごや	playhouse, theatre, theater	
芝生	しばふ	lawn, grass	
芝草	しばくさ	lawn, sod, turf	
縞	しま	stripe, bar, streak	
写し	うつし	copy, duplicate, facsimile, transcript	
写る	うつる	to be photographed, to be projected	
写真	しゃしん	photograph, photo, picture, photography	
写真家	しゃしんか	photographer	
写生	しゃせい	sketching, drawing from nature, portrayal, description	
射す	さす	to shine	
射る	いる	to shoot (arrow, bolt, dart)	
射撃	しゃげき	firing, shooting, fire, gunshot, marksmanship	
射殺	しゃさつ	shooting to death	
射止める	いとめる	to shoot dead, to bring down (an animal)	
射精	しゃせい	ejaculation	
射程	しゃてい	range (of a rifle, missile, etc.)	
捨てる	すてる	to throw away, to cast away, to dump, to discard	
赦免	しゃめん	pardon, remission, amnesty	
斜め	ななめ	slanting, tilted, sloping, diagonal, oblique	
斜面	しゃめん	slope, slanting surface, bevel	
斜陽	しゃよう	setting sun	
煮える	にえる	to be boiled, to be cooked	
煮詰める	につめる	to boil down, to concentrate (soup, milk, stock, etc.)	
煮やす	にやす	to cook inside	
煮る	にる	to boil, to simmer, to stew, to seethe	
煮込む	にこむ	to boil well, to stew, to simmer (for a long time)	
煮物	にもの	nimono, food cooked by boiling or stewing	
社員	しゃいん	company employee	
社会	しゃかい	society, public, community, the world	
社会科学	しゃかいかがく	social science	
社会学	しゃかいがく	sociology	
社会主義	しゃかいしゅぎ	socialism	
社会人	しゃかいじん	working adult, full-fledged member of society	
社会党	しゃかいとう	Socialist Party	
社会福祉	しゃかいふくし	social welfare	
社会面	しゃかいめん	social page (of newspaper), local news page	
社外	しゃがい	outside the company	
社交	しゃこう	social life, social intercourse	
社交的	しゃこうてき	sociable	
社債	しゃさい	corporate bond, corporate debenture	
社説	しゃせつ	editorial, leading article, leader	
社宅	しゃたく	company housing, housing provided by one's company	
社団法人	しゃだんほうじん	corporate juridical person, incorporated body, corporation	
社長	しゃちょう	company president, manager, director	
社内	しゃない	within a company, in-house	
社名	しゃめい	company name, name of a company	
者	もの	person	
謝る	あやまる	to apologize (apologise)	
謝意	しゃい	gratitude, thanks	
謝罪	しゃざい	apology	
謝礼	しゃれい	reward, honorarium, remuneration	
車	くるま	car, automobile, vehicle	
車椅子	くるまいす	wheelchair	
車検	しゃけん	vehicle inspection	
車庫	しゃこ	garage, carport, depot (for trains, buses, etc.), shed, carbarn	
車軸	しゃじく	axle	
車種	しゃしゅ	car model	
車掌	しゃしょう	(train) conductor	
車線	しゃせん	traffic lane, road lane	
車窓	しゃそう	train window, car window	
車体	しゃたい	body (of car), frame	
車道	しゃどう	roadway, road, carriageway	
車内	しゃない	inside a car (train, bus, etc.)	
車両	しゃりょう	(wheeled) vehicle, car, (railroad) car, (railway) carriage, rolling stock	
車輪	しゃりん	(vehicle) wheel	
遮る	さえぎる	to interrupt, to obstruct (a view, someone's way, etc.), to block (light, wind, etc.), to intercept, to cut off	
遮断	しゃだん	isolation, cut off, blockade, quarantine, interception, deprivation	
蛇	へび	snake	
蛇の目	じゃのめ	bull's-eye (pattern), double ring (pattern)	
蛇口	じゃぐち	faucet, tap	
蛇行	だこう	meandering, snaking, zigzagging	
邪	よこしま	wicked, evil, wrong, bad	
邪道	じゃどう	improper way (of doing), wrong way, unorthodox method	
邪魔	じゃま	hindrance, obstacle, nuisance, disturbance, interruption, interference	
借り	かり	borrowing, debt, loan	
借りる	かりる	to borrow	
借り入れ	かりいれ	borrowing (money)	
借款	しゃっかん	loan (esp. between governments)	
借金	しゃっきん	debt, loan, liabilities, borrowing money	
借地	しゃくち	leased land	
借入金	かりいれきん	loan, loan payable, debt	
尺	しゃく	shaku (unit of distance approximately equal to 30.3 cm)	
尺度	しゃくど	gauge, standard, measure, criterion, index	
尺八	しゃくはち	shakuhachi, end-blown fippleless bamboo flute	
釈迦	しゃか	Gautama Buddha, Shakyamuni, the historical Buddha	
釈放	しゃくほう	release, liberation, acquittal	
釈明	しゃくめい	explanation, vindication	
錫	すず	tin (Sn)	
若い	わかい	young, youthful	
若さ	わかさ	youth, youthfulness	
若しくは	もしくは	or, otherwise	
若干	じゃっかん	some, few, a number of, a little (bit)	
若者	わかもの	young person, youngster, young people, (the) youth	
若手	わかて	young person	
若人	わこうど	young person	
若布	わかめ	wakame (species of edible brown seaweed, Undaria pinnatifida)	
若葉	わかば	new leaves, young leaves, fresh verdure	
寂	さび	patina, antique look	
弱	じゃく	a little less than, a little under, slightly fewer than	
弱い	よわい	weak, frail, delicate, tender, unskilled, weak (wine)	
弱まる	よわまる	to abate, to weaken, to be emaciated, to be dejected, to be perplexed	
弱める	よわめる	to weaken	
弱る	よわる	to weaken, to grow weak, to wane, to decline (of one's health)	
弱音	よわね	feeble complaint, whine	
弱冠	じゃっかん	twenty years of age	
弱気	よわき	timid, weak-kneed, fainthearted	
弱腰	よわごし	weak attitude	
弱者	じゃくしゃ	weak person, the weak, vulnerable person, disadvantaged person	
弱体	じゃくたい	weak constitution, weak body	
弱虫	よわむし	coward, weakling, scaredy cat, wimp, sissy	
弱点	じゃくてん	weak point, weakness, shortcoming, defect, flaw, sore spot, tender spot	
主	おも	chief, main, principal, important	
主	しゅ	(one's) master, (one's) employer, (one's) lord	
主	ぬし	head (of a household, etc.), leader, master	
主たる	しゅたる	main, principal, chief, primary, major	
主として	しゅとして	mainly, chiefly, primarily, for the most part	
主に	おもに	mainly, primarily, mostly, largely, chiefly	
主因	しゅいん	primary cause, main factor	
主演	しゅえん	starring (in a film, play, etc.), playing the leading part	
主幹	しゅかん	chief editor, managing editor	
主管	しゅかん	supervision, management, supervisor, manager	
主観	しゅかん	subjectivity, subject (philosophical), ego	
主観的	しゅかんてき	subjective	
主眼	しゅがん	main purpose, chief aim, focus	
主義	しゅぎ	doctrine, rule, principle, -ism	
主義者	しゅぎしゃ	advocate (of a theory or principle), ideologist, ideologue	
主計	しゅけい	paymaster, accountant	
主計局	しゅけいきょく	budget bureau	
主権	しゅけん	sovereignty, supremacy, dominion	
主語	しゅご	subject	
主査	しゅさ	chief examiner or investigator	
主催	しゅさい	sponsorship (i.e. conducting under one's auspices), promotion, organizing, organising, hosting, staging	
主宰	しゅさい	chairmanship, presidency, management	
主治医	しゅじい	doctor chiefly responsible for a patient's care, doctor in charge (of a patient), attending physician	
主軸	しゅじく	main spindle, main shaft	
主将	しゅしょう	commander-in-chief, supreme commander	
主食	しゅしょく	staple food	
主審	しゅしん	chief umpire, referee (soccer, boxing, etc.)	
主人公	しゅじんこう	protagonist, main character, hero, heroine	
主席	しゅせき	head, chief	
主戦	しゅせん	advocacy of war	
主体	しゅたい	main constituent, core, nucleus	
主体的	しゅたいてき	independent, responsible, active, proactive	
主題	しゅだい	subject, theme, motif	
主張	しゅちょう	claim, insistence, assertion, advocacy, emphasis, contention, opinion, tenet	
主導	しゅどう	leadership, initiative, spearhead	
主導権	しゅどうけん	hegemony, leadership, initiative	
主任	しゅにん	person in charge, senior staff, manager, chief, head	
主犯	しゅはん	principal offence, principal offense, principal offender	
主筆	しゅひつ	editor-in-chief	
主婦	しゅふ	housewife, mistress (of the house), homemaker	
主砲	しゅほう	main battery, main armament	
主役	しゅやく	leading part, leading actor, leading actress	
主要	しゅよう	chief, main, principal, major	
主流	しゅりゅう	(the) mainstream	
主力	しゅりょく	main force, chief object, mainline	
取り扱う	とりあつかう	to handle, to operate (a machine, etc.), to use	
取り囲む	とりかこむ	to surround, to crowd around, to gather around, to encircle, to besiege	
取り外す	とりはずす	to dismantle, to demount, to take something away, to detach	
取り掛かる	とりかかる	to begin (doing), to start, to set about, to get down to	
取り巻く	とりまく	to surround, to encircle, to enclose	
取り寄せる	とりよせる	to order, to send away for, to have (something) sent to one	
取り込む	とりこむ	to take in, to bring in, to adopt (e.g. behaviour), to introduce	
取り残す	とりのこす	to leave behind	
取り次ぐ	とりつぐ	to pass on (a message, thoughts, etc.), to convey, to transmit, to relay, to tell	
取り出す	とりだす	to take out, to produce, to pick out	
取り除く	とりのぞく	to remove, to deinstall, to take away, to set apart	
取り消す	とりけす	to cancel, to withdraw, to retract, to take back (words, etc.), to revoke	
取り上げる	とりあげる	to pick up	
取り組む	とりくむ	to grapple with, to wrestle with, to engage in a bout, to be matched against	
取り替える	とりかえる	to exchange, to swap, to barter, to trade	
取り締まる	とりしまる	to manage, to control, to supervise, to oversee, to command	
取り入れる	とりいれる	to take in, to gather in	
取り柄	とりえ	worth, merit, value, good point, strong point, redeeming feature, saving grace	
取り返す	とりかえす	to get back, to regain, to recover, to make up (for), to catch up on	
取り戻す	とりもどす	to take back, to get back, to regain, to recover, to restore, to recoup	
取る	とる	to take, to pick up, to grab, to catch, to hold	
取れる	とれる	to come off (of a button, handle, lid, etc.)	
取材	しゅざい	gathering material (for an article, novel, etc.), collecting information, covering (an event, incident, etc.), reporting, interview (for a news story)	
取捨	しゅしゃ	adoption or rejection, selection, choice, option	
取締役会	とりしまりやくかい	board of directors	
取得	しゅとく	obtaining (a qualification, right, object, etc.), acquisition (of land, property, etc.), gaining possession (of), getting, purchase	
守り	もり	babysitting, babysitter	
守り	まもり	protection, defense, defence	
守る	まもる	to protect, to guard, to defend	
守衛	しゅえい	(security) guard, caretaker, janitor, doorkeeper, gatekeeper	
守備	しゅび	defense, defence	
手	て	hand, arm	
手に入る	てにはいる	to obtain, to come into possession of, to get hold of, to get one's hands on	
手に入れる	てにいれる	to obtain, to get, to procure, to win, to secure	
手応え	てごたえ	feeling in the hands (when striking, poking, etc.), (feeling of) resistance	
手荷物	てにもつ	hand luggage, hand baggage	
手がける	てがける	to handle, to manage, to deal with, to work with, to have experience with	
手間	てま	time, labour, labor	
手記	しゅき	note, memorandum, memo	
手ごわい	てごわい	difficult, tough, formidable, redoubtable, stubborn	
手形	てがた	draft, draught, promissory note, bill	
手軽	てがる	easy, simple, informal, offhand, cheap	
手堅い	てがたい	sound, sure, safe, secure, trustworthy, reliable, solid	
手元	てもと	at hand, on hand, nearby, close at hand	
手口	てぐち	modus operandi, criminal technique, trick	
手控え	てびかえ	note, memorandum	
手綱	たづな	reins, bridle	
手ごろ	てごろ	handy, convenient	
手際	てぎわ	skill, ability, dexterity	
手始め	てはじめ	outset, start, beginning	
手紙	てがみ	letter, note	
手持ち	てもち	in hand, on hand, on one, in stock, in store	
手首	てくび	wrist	
手術	しゅじゅつ	surgery, operation, procedure	
手順	てじゅん	process, procedure, sequence, protocol, instruction	
手書き	てがき	handwriting	
手助け	てだすけ	a help, assistance	
手招き	てまねき	beckoning	
手錠	てじょう	handcuffs, manacles	
手振り	てぶり	(hand) gesture, movement of the hand	
手数	てすう	trouble, bother	
手数料	てすうりょう	(handling) fee, charge (e.g. for a cancellation), commission, brokerage	
手製	てせい	handmade, homemade	
手洗い	てあらい	washing one's hands, water (or basin, etc.) for washing one's hands	
手前	てまえ	before oneself, in front of one, nearby	
手早い	てばやい	nimble, quick, agile	
手足	てあし	hands and feet, limbs	
手袋	てぶくろ	glove, mitten, mitt	
手探り	てさぐり	fumbling, groping	
手段	しゅだん	means, way, measure	
手遅れ	ておくれ	being too late, losing one's final chance	
手直し	てなおし	adjustment, tweaking, improvement, modification, tinkering, minor alteration, correction	
手痛い	ていたい	severe, hard	
手提げ	てさげ	handbag, purse	
手伝い	てつだい	helper, assistant	
手伝う	てつだう	to help, to assist, to aid	
手渡す	てわたす	to hand (over), to deliver in person	
手当たり次第	てあたりしだい	using anything one can lay one's hands on, haphazardly, on the rebound, at random, indiscriminately	
手動	しゅどう	manual (operation)	
手入れ	ていれ	care, looking after, repair, maintenance, tending, trimming, grooming	
手配	てはい	arrangement, preparations	
手抜き	てぬき	omitting crucial steps, cutting corners, skimping	
手品	てじな	magic (illusion), conjuring, magic trick, conjuring trick, sleight of hand	
手分け	てわけ	division of labour, division of labor, splitting into groups (e.g. to search)	
手柄	てがら	achievement, feat, meritorious deed, distinguished service	
手法	しゅほう	technique, method	
手本	てほん	model, (good) example, exemplar, paragon	
手立て	てだて	means, method	
手話	しゅわ	sign language	
手腕	しゅわん	ability, capability, skill	
朱	あけ	red, vermilion, cinnabar, scarlet	
朱印	しゅいん	red seal	
殊に	ことに	especially, particularly, unusually, above all	
殊勲	しゅくん	distinguished services, meritorious deeds	
殊勝	しゅしょう	admirable, laudable	
狩り	かり	hunting, hunt, shooting	
狩人	かりゅうど	hunter	
狩猟	しゅりょう	hunting	
珠玉	しゅぎょく	jewel, gem	
珠算	しゅざん	calculation on an abacus	
種	たね	seed (e.g. of a plant), pip, kernel, stone (e.g. of a peach)	
種子	しゅし	seed, pit	
種族	しゅぞく	race, tribe, ethnic group	
種痘	しゅとう	smallpox vaccination, inoculation against smallpox	
種別	しゅべつ	classification, assortment	
種目	しゅもく	item, event	
種類	しゅるい	variety, kind, type, category	
腫れる	はれる	to swell (from inflammation), to become swollen	
腫瘍	しゅよう	tumor, tumour, neoplasm, neoplasia	
趣	おもむき	meaning, tenor, gist	
趣向	しゅこう	plan, idea, design, plot	
趣旨	しゅし	meaning, point (e.g. of a statement), gist, effect	
趣味	しゅみ	hobby, pastime	
酒	さけ	alcohol, sake	
酒屋	さかや	liquor store, wine shop, bottle shop	
酒場	さかば	bar, pub, tavern	
酒造	しゅぞう	brewing (sake), distilling (e.g. whisky)	
酒類	しゅるい	alcoholic drinks, liquor	
首飾り	くびかざり	necklace, choker	
首相	しゅしょう	prime minister, chancellor (Germany, Austria, etc.), premier	
首長	しゅちょう	head (of organization, organisation), chief	
首都	しゅと	capital (city), metropolis	
首都圏	しゅとけん	Greater Tokyo Metropolitan area	
首脳	しゅのう	head, leader, top	
首班	しゅはん	head, leader, prime minister	
首尾	しゅび	beginning and end, from beginning to end	
首謀	しゅぼう	plotting, planning (crime, intrigue)	
儒学	じゅがく	Confucianism	
儒教	じゅきょう	Confucianism	
受かる	うかる	to pass (examination)	
受ける	うける	to receive, to get	
受け継ぐ	うけつぐ	to inherit, to succeed, to take over	
受け皿	うけざら	saucer	
受け止める	うけとめる	to catch, to stop the blow	
受け持つ	うけもつ	to take (be in) charge of	
受け取る	うけとる	to receive, to get, to accept	
受け入れ	うけいれ	receiving, acceptance, reception, admission	
受け入れる	うけいれる	to accept, to receive, to agree	
受け付ける	うけつける	to accept, to receive (an application), to take up	
受刑	じゅけい	punishment	
受験	じゅけん	taking an examination (esp. for entrance to a school or university)	
受講	じゅこう	taking a lecture, attending a class, taking a course	
受け取り	うけとり	receiving, receipt	
受賞	じゅしょう	winning (a prize), receiving (an award), being awarded	
受信	じゅしん	receiving (a message, letter, email, etc.), reception (radio, TV, etc.)	
受信機	じゅしんき	(television, radio, etc.) receiver	
受身	うけみ	the defensive	
受精卵	じゅせいらん	fertilized egg, fertilised egg	
受像	じゅぞう	(television) reception, receiving (a picture)	
受胎	じゅたい	conception, fertilization, fertilisation	
受託	じゅたく	being entrusted with, taking charge of	
受諾	じゅだく	acceptance	
受注	じゅちゅう	accepting an order, receiving an order, orders received, closed won	
受動	じゅどう	passivity	
受動的	じゅどうてき	passive	
受難	じゅなん	sufferings, ordeals, agony	
受容	じゅよう	reception	
受理	じゅり	acceptance	
受領	じゅりょう	receipt (of a letter, money, etc.), acceptance, receiving	
受話器	じゅわき	(telephone) receiver	
呪い	のろい	curse, spell, malediction	
呪う	のろう	to curse, to put a curse on, to detest intensely	
寿	ことぶき	congratulations, felicitations, best wishes	
寿命	じゅみょう	lifespan, life, lifetime	
授かる	さずかる	to be awarded (e.g. a prize), to be given an award, to receive (e.g. a title)	
授ける	さずける	to grant, to give, to confer, to award	
授業	じゅぎょう	lesson, class, teaching, instruction, classwork, schoolwork	
授業料	じゅぎょうりょう	tuition fee, course fee	
授受	じゅじゅ	giving and receiving, transferring, transfer, changing hands	
授賞	じゅしょう	awarding a prize, prize-giving, giving an award	
授与	じゅよ	awarding, conferment, granting, presentation	
樹脂	じゅし	resin, rosin	
樹皮	じゅひ	bark (of a tree, etc.)	
樹木	じゅもく	tree, trees and shrubs	
樹立	じゅりつ	establishment, founding, setting (a record)	
樹齢	じゅれい	age of a tree	
需給	じゅきゅう	supply and demand	
需要	じゅよう	demand, request	
囚人	しゅうじん	prisoner, convict	
収まる	おさまる	to fit into (a box, frame, category, etc.), to be contained within, to fall within (e.g. a budget)	
収益	しゅうえき	earnings, proceeds, returns, revenue	
収穫	しゅうかく	harvest, crop, ingathering	
収支	しゅうし	income and expenditure	
収拾	しゅうしゅう	control, bringing under control, settling (a matter), putting in order	
収縮	しゅうしゅく	contraction, shrinking, shrinkage, constriction, deflation	
収入	しゅうにゅう	income, earnings, revenue, proceeds, takings, receipts	
収納	しゅうのう	storage, putting away	
収容	しゅうよう	accommodation, taking in, receiving, housing, seating, admission (of patients, students, etc.)	
収容所	しゅうようじょ	housing facility, detention facility, internment camp, prisoner-of-war camp, concentration camp, refugee camp, asylum	
収用	しゅうよう	expropriation, seizure	
収量	しゅうりょう	yield, size of harvest	
収録	しゅうろく	recording (in a book, the minutes, etc.), printing, including	
収賄	しゅうわい	accepting a bribe	
ぐるり	ぐるり	surroundings, circumference	
周囲	しゅうい	surroundings, environs	
周期	しゅうき	cycle, period	
周知	しゅうち	common knowledge, being well-known, making (something) well-known	
周到	しゅうとう	careful, thorough, meticulous, scrupulous	
周年	しゅうねん	whole year, entire year	
周波数	しゅうはすう	frequency (esp. of waveforms)	
周辺	しゅうへん	circumference, outskirts, environs, around, in the area of, in the vicinity of	
周遊	しゅうゆう	(circular) tour, round trip, excursion	
宗家	そうけ	head of family, head house	
宗教	しゅうきょう	religion, religious affiliation, belief, faith, creed	
宗祖	しゅうそ	sect founder	
宗派	しゅうは	sect, denomination	
宗門	しゅうもん	(religious) denomination, sect	
就く	つく	to take (seat, position, course, office, etc.), to assume, to be hired, to be employed	
就学	しゅうがく	entering school, school attendance	
就業	しゅうぎょう	employment, starting work	
就航	しゅうこう	entering service (on a route; of a plane or ship), going into commission, being in service	
就職	しゅうしょく	finding employment, getting a job	
就寝	しゅうしん	going to bed, retiring (for the night)	
就任	しゅうにん	assumption (of office), taking up (a post), inauguration, installation	
就労	しゅうろう	working, being employed, being hired	
州	しゅう	state (of the US, Australia, India, Germany, etc.), province (e.g. of Canada), county (e.g. of the UK), region (e.g. of Italy), canton, oblast	
修める	おさめる	to study, to complete (a course), to cultivate, to master	
修学旅行	しゅうがくりょこう	excursion, field trip, school trip	
修士	しゅうし	master's (degree)	
修正	しゅうせい	amendment, correction, revision, modification, alteration, retouching, update, fix	
修繕	しゅうぜん	repair, mending	
修道	しゅうどう	learning, studying the fine arts	
修道院	しゅうどういん	monastery, convent, cloister, abbey	
修復	しゅうふく	restoration, repair, mending	
修理	しゅうり	repair, mending, fixing, servicing	
修了	しゅうりょう	completion (of a course)	
拾い物	ひろいもの	found article, thing picked up (e.g. in the street)	
拾う	ひろう	to pick up, to gather	
拾得	しゅうとく	finding (lost property), picking up	
秀でる	ひいでる	to excel, to surpass, to be superior, to be better (than others at something)	
秀逸	しゅういつ	excellent, superb, first-rate	
秀才	しゅうさい	bright person, talented student, prodigy	
秋	あき	autumn, fall	
秋口	あきぐち	beginning of autumn, beginning of fall	
秋風	あきかぜ	autumn breeze, fall breeze	
秋分	しゅうぶん	autumnal equinox, autumn equinox, fall equinox	
終える	おえる	to finish	
終局	しゅうきょく	end, close, conclusion	
終結	しゅうけつ	end, close	
終始	しゅうし	beginning and end	
終止符	しゅうしふ	full stop, period	
終身	しゅうしん	lifelong, lifetime, for life, life	
終戦	しゅうせん	end of war, cessation of hostilities	
終息	しゅうそく	cessation, (coming to an) end	
終値	おわりね	closing price	
終着駅	しゅうちゃくえき	terminal station	
終点	しゅうてん	terminus, last stop (e.g. train)	
終電	しゅうでん	last train (of the day)	
終日	しゅうじつ	all day, for a whole day	
終盤	しゅうばん	endgame, final stage	
終末	しゅうまつ	end, close, conclusion, termination	
終了	しゅうりょう	end, close, termination	
終焉	しゅうえん	end (of life), death, demise	
習う	ならう	to take lessons in, to be taught, to learn (from a teacher), to study (under a teacher), to get training in	
習慣	しゅうかん	habit	
習字	しゅうじ	penmanship, calligraphy	
習性	しゅうせい	habit	
臭い	くさい	stinking, smelly	
臭気	しゅうき	bad smell, stink	
舟艇	しゅうてい	boat, watercraft	
衆	しゅう	great numbers (of people), numerical superiority, masses	
衆院	しゅういん	House of Representatives (lower house of the National Diet of Japan)	
衆議院	しゅうぎいん	House of Representatives (lower house of the National Diet of Japan)	
襲う	おそう	to attack, to assail, to make an assault, to strike, to hunt down	
襲撃	しゅうげき	(surprise) attack, assault, raid, charge	
襲名	しゅうめい	succession to another's professional name	
蹴る	ける	to kick	
週	しゅう	week	
週刊	しゅうかん	weekly publication	
週刊誌	しゅうかんし	weekly (publication), weekly magazine, weekly journal	
週間	しゅうかん	week	
週末	しゅうまつ	weekend	
集い	つどい	meeting, get-together (e.g. among friends)	
集う	つどう	to meet, to assemble, to congregate	
集まる	あつまる	to gather, to collect, to assemble	
集める	あつめる	to collect, to assemble, to gather	
集る	たかる	to gather, to crowd round, to swarm, to flock	
集荷	しゅうか	collection of cargo (esp. produce, etc.), cargo booking	
集会	しゅうかい	meeting, assembly, gathering, congregation, convention, rally	
集金	しゅうきん	money collection	
集計	しゅうけい	totalization, totalisation, aggregation, tally (e.g. of votes), adding up, summing up	
集合	しゅうごう	meeting up, gathering, assembly	
集積	しゅうせき	accumulation	
集団	しゅうだん	group, mass	
集中	しゅうちゅう	concentration (on a task), focusing one's attention	
集約	しゅうやく	putting together (e.g. opinions), gathering, collecting, aggregating, summarizing, integrating	
集落	しゅうらく	settlement, village, community, town	
醜い	みにくい	ugly, unattractive, bad-looking	
醜悪	しゅうあく	ugly, unsightly, hideous, mean, repulsive, disgraceful	
醜態	しゅうたい	disgraceful behavior, disgraceful behaviour, shameful conduct, shameful sight	
醜聞	しゅうぶん	scandal	
住	じゅう	dwelling, living	
住まう	すまう	to live, to reside, to inhabit	
住み心地	すみごこち	(level of) comfort (in the place one lives)	
住む	すむ	to live (of humans), to reside, to inhabit, to dwell, to abide	
住所	じゅうしょ	address (of a home, business, etc.), residence, domicile	
住職	じゅうしょく	chief priest (of a Buddhist temple)	
住人	じゅうにん	dweller, inhabitant, resident	
住専	じゅうせん	housing-loan corporation	
住宅	じゅうたく	residence, housing, residential building	
住宅街	じゅうたくがい	residential area	
住宅地	じゅうたくち	housing district, residential district	
住民	じゅうみん	inhabitant, resident, citizen, population	
住民税	じゅうみんぜい	municipal tax	
住民票	じゅうみんひょう	certificate of residence	
充てる	あてる	to assign, to set aside	
充実	じゅうじつ	fullness, completeness, perfection, substantiality	
充足	じゅうそく	sufficiency	
充填	じゅうてん	filling (up), replenishing, filling in (a tooth), loading (a gun with ammunition, a camera with film, etc.), packing, plugging	
充電	じゅうでん	charging (electrically)	
充当	じゅうとう	allocation, appropriation	
充満	じゅうまん	being filled with, being full of, permeation	
十一	じゅういち	eleven, 11	
１１月	じゅういちがつ	November	
十億	じゅうおく	1,000,000,000, billion	
十九	じゅうきゅう	nineteen, 19	
１０月	じゅうがつ	October	
十五	じゅうご	fifteen, 15	
十三	じゅうさん	thirteen, 13	
十字	じゅうじ	cross, cross shape	
十字架	じゅうじか	cross (for crucifixion), the Cross (of Christ)	
十字路	じゅうじろ	crossroads, intersection	
十二	じゅうに	twelve, 12	
１２月	じゅうにがつ	December	
十二分	じゅうにぶん	more than enough, more than ample, exhaustive	
１０日	とおか	10th day of the month	
十八	じゅうはち	eighteen, 18	
十分	じゅうぶん	enough, sufficient, plenty, adequate, satisfactory	
１０万	じゅうまん	100,000, hundred thousand	
十両	じゅうりょう	second highest division, wrestlers of the second highest division	
十六	じゅうろく	sixteen, 16	
従う	したがう	to obey (an order, law, etc.), to abide by (a rule, custom, etc.), to follow, to observe, to conform to, to yield to	
従える	したがえる	to be accompanied by, to be attended by, to take along (someone)	
従って	したがって	therefore, consequently, accordingly	
従業員	じゅうぎょういん	employee, worker	
従軍	じゅうぐん	military service, serving in a war, taking part in a campaign	
従兄弟	いとこ	cousin (male)	
従姉妹	いとこ	cousin (female)	
従事	じゅうじ	engaging in (work), pursuing (e.g. studies), following (a profession), being involved in	
従属	じゅうぞく	subordination, dependency	
従来	じゅうらい	up to now, so far	
柔道	じゅうどう	judo	
柔軟	じゅうなん	flexible, lithe, soft, pliable	
柔和	にゅうわ	gentle, mild, meek, tender	
汁	しる	juice, sap	
渋い	しぶい	astringent, bitter, puckery, rough, harsh, tart	
渋る	しぶる	to be reluctant (to do), to be unwilling (to do), to hesitate (to do), to grudge, to be tardy (in doing), to put off (doing)	
渋滞	じゅうたい	(traffic) congestion, traffic jam, gridlock	
獣	けもの	beast, brute, animal	
獣医	じゅうい	veterinarian, veterinary surgeon, vet	
縦	たて	the vertical, height	
縦書き	たてがき	writing vertically, vertical writing	
縦断	じゅうだん	running through (north-south), cutting across, travelling across	
重い	おもい	heavy, weighty	
重さ	おもさ	weight	
重たい	おもたい	heavy, weighty	
重なる	かさなる	to be piled up, to lie on top of one another	
重ねる	かさねる	to pile up, to heap up, to stack up, to put on top of another	
重ね合わせ	かさねあわせ	superposition	
重る	おもる	to get heavy	
重んじる	おもんじる	to respect, to honor, to honour, to esteem, to prize	
重んずる	おもんずる	to honor, to honour, to respect, to esteem, to prize	
重圧	じゅうあつ	strong pressure, heavy pressure	
重苦しい	おもくるしい	heavy (feeling, etc.), gloomy (weather, etc.), oppressive (atmosphere, etc.), stifling, strained	
重工業	じゅうこうぎょう	heavy industry	
重視	じゅうし	regarding as important, attaching importance to, taking a serious view of, putting emphasis on	
重症	じゅうしょう	serious illness	
重心	じゅうしん	centre of gravity (center)	
重責	じゅうせき	heavy responsibility	
重大	じゅうだい	serious, important, significant, grave, weighty	
重鎮	じゅうちん	leader, authority, mainstay	
重点	じゅうてん	important point, emphasis, stress, importance, priority	
重箱	じゅうばこ	jūbako, multi-tiered food box	
重病	じゅうびょう	serious illness	
重役	じゅうやく	(company) director, executive, top management	
重油	じゅうゆ	heavy oil, fuel oil	
重要	じゅうよう	important, essential, significant, major, key, principal	
重要視	じゅうようし	regarding highly, attaching importance to	
重要性	じゅうようせい	importance, gravity	
重要文化財	じゅうようぶんかざい	important cultural property, important cultural asset	
重量	じゅうりょう	weight	
重力	じゅうりょく	gravity, gravitation, gravitational pull	
銃	じゅう	gun, firearm, small arms (e.g. rifle, pistol, etc)	
銃器	じゅうき	small arms	
銃殺	じゅうさつ	death by shooting	
銃声	じゅうせい	sound of a gunshot, report of a gun	
銃弾	じゅうだん	bullet (from a rifle)	
宿	やど	lodging, inn, hotel	
宿す	やどす	to house, to contain, to harbour (a feeling), to hold (e.g. dew on leaves)	
宿る	やどる	to dwell (in), to exist (within), to form	
宿屋	やどや	inn	
宿舎	しゅくしゃ	lodging (house), accommodation, hotel	
宿題	しゅくだい	homework, assignment	
宿敵	しゅくてき	old enemy, longtime enemy, arch-enemy, traditional rival, longstanding foe	
宿泊	しゅくはく	accommodation, lodging	
宿命	しゅくめい	fate, destiny, predestination	
淑やか	しとやか	graceful, ladylike, modest, gentle, polite, quiet, well-mannered, refined (behavior)	
淑女	しゅくじょ	lady	
淑徳	しゅくとく	womanly virtues	
祝い	いわい	congratulation, congratulations, celebration, festival	
祝う	いわう	to celebrate, to congratulate, to observe (a festival)	
祝賀	しゅくが	celebration, congratulations	
祝儀	しゅうぎ	celebration, celebratory event, wedding ceremony	
祝辞	しゅくじ	congratulatory address	
祝電	しゅくでん	congratulatory telegram	
祝日	しゅくじつ	national holiday, public holiday	
祝杯	しゅくはい	toast, congratulatory cup	
祝福	しゅくふく	celebration (of a joyous occasion), blessing, giving one's blessing, wishing (someone) good luck	
縮まる	ちぢまる	to shorten, to narrow, to close, to shrink	
縮む	ちぢむ	to shrink, to contract, to diminish (in size)	
縮める	ちぢめる	to shorten, to reduce, to condense, to shrink	
縮れる	ちぢれる	to be wavy, to be curled, to be frizzled	
縮尺	しゅくしゃく	reduced scale, scaling down	
縮小	しゅくしょう	reduction, curtailment, cut, cutback, scaling down, contraction, shrinkage	
縮図	しゅくず	reduced drawing, miniature copy	
粛清	しゅくせい	(political) purge	
塾	じゅく	cram school, private tutoring school, juku	
塾生	じゅくせい	cram school student, student of a private-tutoring school	
熟語	じゅくご	kanji compound	
熟睡	じゅくすい	deep sleep, sound sleep, profound sleep	
熟知	じゅくち	being familiar with, having a thorough knowledge of, being well-informed about	
熟練	じゅくれん	skill, expertise, experience, proficiency, mastery, dexterity	
出す	だす	to take out, to get out	
出る	でる	to leave, to exit, to go out, to come out, to get out	
出演	しゅつえん	appearance (in a film, play, TV show, etc.), performance	
出火	しゅっか	outbreak of fire	
出荷	しゅっか	shipping, shipment, forwarding, sending (goods), delivery	
出すぎる	ですぎる	to stick out too much, to protrude too far, to be too strong (e.g. of tea)	
出会い	であい	meeting, rendezvous, encounter	
お出かけ	おでかけ	about to start out, just about to leave or go out	
出願	しゅつがん	application, filing an application	
出勤	しゅっきん	going to work, leaving for work, attendance (at work), being at work, presence (in the office), reporting for work	
出金	しゅっきん	withdrawal (of money), payment, contribution, investment, financing	
出迎え	でむかえ	meeting, reception	
出迎える	でむかえる	to meet, to greet	
出撃	しゅつげき	sortie, sally, attack	
出欠	しゅっけつ	attendance or absence	
出血	しゅっけつ	bleeding, haemorrhage, hemorrhage	
出現	しゅつげん	appearance, emergence, advent, arrival, showing up, coming to existence	
出口	でぐち	exit, way out	
出向	しゅっこう	temporary transfer (of an employee), secondment, relocation, loan	
出向く	でむく	to go to, to proceed to, to leave for	
出港	しゅっこう	departure from a port, leaving port, setting sail	
出獄	しゅつごく	release (from prison)	
出産	しゅっさん	childbirth, (giving) birth, delivery, parturition	
出資	しゅっし	investment, contribution, financing	
出社	しゅっしゃ	going to work (e.g. in the morning), coming to work	
出し	だし	dashi, Japanese soup stock made from fish and kelp	
出場	しゅつじょう	participation (in a tournament, match, race, etc.), entry, taking part (in), competing (in), appearance	
出身	しゅっしん	one's origin (e.g. city, country, parentage, school)	
出身者	しゅっしんしゃ	alumnus (alumnae), graduate, old boy (girl)	
出身地	しゅっしんち	the place one comes from, one's birthplace, one's hometown	
出陣	しゅつじん	going into battle, departure for the front	
出世	しゅっせ	success in life, getting ahead, successful career, promotion, climbing the corporate ladder, eminence	
出征	しゅっせい	going to war, departure for the front	
出席	しゅっせき	attendance, presence, appearance	
出席者	しゅっせきしゃ	attendee, participant, person present	
出前	でまえ	home delivery (of food), outside catering	
出足	であし	turnout (of people)	
出題	しゅつだい	setting a question (for an exam, quiz, etc.)	
出鱈目	でたらめ	nonsense, irresponsible remark, codswallop, hogwash, rubbish	
出遅れる	でおくれる	to get a late start	
出張	しゅっちょう	business trip, official trip	
出張所	しゅっちょうじょ	branch office, agency, sub-branch	
出直し	でなおし	starting from scratch, making a fresh start, redoing	
出廷	しゅってい	appearance in court	
出典	しゅってん	source (e.g. quotation), authority	
出展	しゅってん	exhibit, display	
出土	しゅつど	archeological excavation (archaeological)	
出頭	しゅっとう	appearance, presence, attendance	
出動	しゅつどう	mobilization, going into action, being dispatched, being sent out, being called in, turning out	
出入	しゅつにゅう	in and out, income and expenses, free associations, run of the house	
出入り	でいり	going in and out, entering and exiting	
出納	すいとう	receipts and expenditure (disbursements)	
出馬	しゅつば	running (for election), coming forward as a candidate	
出発	しゅっぱつ	departure, leaving, setting off	
出版	しゅっぱん	publication	
出版物	しゅっぱんぶつ	publication	
出番	でばん	one's turn, one's shift	
出費	しゅっぴ	expenses, disbursements	
出品	しゅっぴん	exhibiting, showing, putting on display, putting up for sale, entering (a work into a competition), submitting	
出方	でかた	attitude, approach, move	
出没	しゅつぼつ	making frequent appearances, appearing often, appearing and disappearing	
出来	しゅったい	occurrence, happening, taking place	
出来	でき	workmanship, craftsmanship, execution, finish	
出来る	できる	to be able to do, to be possible, to be permitted (to do)	
出来るだけ	できるだけ	as much as one can, as much as possible, if at all possible	
出来高	できだか	yield, crop, production, volume, piecework	
出来事	できごと	occurrence, happening, incident, event	
出来上がり	できあがり	completion, finish	
出来上がる	できあがる	to be completed, to be finished, to be ready (e.g. to serve or eat)	
出力	しゅつりょく	output (electrical, signal, etc.)	
出塁	しゅつるい	getting on base, reaching first base	
術	じゅつ	art, technique, skill	
術語	じゅつご	technical term, terminology, nomenclature	
述べる	のべる	to state, to express, to say, to tell, to mention	
述懐	じゅっかい	speaking about (one's thoughts, memories, etc.), relating (one's feelings, reminiscences, etc.), recollection, reminiscence	
俊英	しゅんえい	excellence, genius	
俊足	しゅんそく	swiftness of foot, fast runner	
春	はる	spring, springtime	
春夏秋冬	しゅんかしゅうとう	spring, summer, autumn (fall) and winter, the four seasons	
春休み	はるやすみ	spring break, spring vacation	
春秋	しゅんじゅう	spring and autumn, spring and fall	
春先	はるさき	beginning of spring	
春闘	しゅんとう	spring labor offensive, annual spring wage bargaining round	
春分	しゅんぶん	vernal equinox, spring equinox	
瞬く	またたく	to twinkle (e.g. stars), to flicker, to waver	
瞬間	しゅんかん	moment, instant, second	
瞬時	しゅんじ	instant, moment, (split) second, (in a) flash, (in the) blink of an eye	
循環	じゅんかん	circulation, rotation, cycle, loop	
旬	しゅん	season (for fruit, seafood, etc.), best time of the year (for)	
旬	じゅん	ten-day period (in a month)	
殉職	じゅんしょく	dying at one's post, being killed in the line of duty	
殉難	じゅんなん	martyrdom	
準	じゅん	semi-, quasi-, associate	
準える	なぞらえる	to liken to, to compare to	
準じる	じゅんじる	to follow (a rule, precedent, etc.), to conform to (the law, standards, etc.), to be based on, to apply correspondingly	
準ずる	じゅんずる	to follow (a rule, precedent, etc.), to conform to (the law, standards, etc.), to be based on, to apply correspondingly	
準急	じゅんきゅう	semi-express train, local express train, sub-express train	
準拠	じゅんきょ	being based on, following (a rule, guidelines, etc.), conforming to (standards, regulations, etc.), complying with	
準決勝	じゅんけっしょう	semifinal	
準備	じゅんび	preparation, arrangements, getting ready, provision, setup, reserving	
潤い	うるおい	moisture, damp, wetness	
潤う	うるおう	to become moist, to be moistened, to become damp, to get wet	
潤す	うるおす	to moisten, to wet	
潤む	うるむ	to be wet (with tears), to be moist	
潤滑油	じゅんかつゆ	lubricating oil, lubricant, lube	
盾	たて	shield, buckler, escutcheon	
純益	じゅんえき	clear profit, net income, net profit	
純金	じゅんきん	pure gold, solid gold, fine gold	
純情	じゅんじょう	pure heart, naivete, innocence	
純粋	じゅんすい	pure, true, genuine, unmixed	
純度	じゅんど	purity (of a substance)	
純文学	じゅんぶんがく	pure literature, belles-lettres	
めぐり合う	めぐりあう	to meet fortuitously, to meet by chance, to happen across	
巡る	めぐる	to go around, to make a circle around	
巡回	じゅんかい	going around, patrol, round, tour	
巡業	じゅんぎょう	provincial tour	
巡航	じゅんこう	cruise, cruising	
巡査	じゅんさ	police officer, policeman, constable	
巡視	じゅんし	inspection tour	
巡礼	じゅんれい	pilgrimage, pilgrim	
遵守	じゅんしゅ	observance (of laws, rules, etc.), adherence, obeying, following, abiding by, compliance	
順	じゅん	order, turn, sorting	
順に	じゅんに	in order, in turn, one by one	
順位	じゅんい	order, rank, position (e.g. in a race), precedence	
順応	じゅんのう	adaptation, accommodation, conforming, adjustment	
順次	じゅんじ	in order, sequential, seriatim	
順序	じゅんじょ	order, sequence	
順調	じゅんちょう	favourable, favorable, doing well, OK, all right	
順番	じゅんばん	order, turn	
処遇	しょぐう	treatment (of a person), dealing with	
処刑	しょけい	execution	
処女	しょじょ	virgin (usu. female), maiden	
処置	しょち	measure, step, dealing with	
処罰	しょばつ	punishment, penalty	
処分	しょぶん	disposal, throwing away, selling off	
処方	しょほう	prescription (of medicine), formula	
処理	しょり	processing, dealing with, treatment, disposition, disposal	
初	はつ	first, new	
始め	はじめ	beginning, start, outset, opening	
初めて	はじめて	for the first time	
初める	そめる	to begin to	
初演	しょえん	first performance, premiere	
初夏	しょか	early summer	
初回	しょかい	first time, first innings, initial attempt	
初期	しょき	early days, early years, early stages, initial stages, beginning	
初級	しょきゅう	elementary level, beginner level	
初詣	はつもうで	first shrine visit of the New Year	
初出	しょしゅつ	first appearance	
初旬	しょじゅん	first 10 days of the month	
初場所	はつばしょ	New Year's Tournament (held in Tokyo in January)	
初心	しょしん	one's original intention, one's initial enthusiasm	
初心者	しょしんしゃ	beginner	
初雪	はつゆき	first snow (of the season), first snowfall	
初対面	しょたいめん	first meeting, first interview with	
初代	しょだい	first generation, founder	
初頭	しょとう	beginning (of a century, etc.)	
初日	しょにち	first day, opening day	
初任給	しょにんきゅう	initial salary, starting salary, entry-level salary	
初版	しょはん	first edition	
初歩	しょほ	basics, rudiments, elements, ABCs of ...	
初夢	はつゆめ	first dream of the New year (believed to foretell one's luck)	
初恋	はつこい	first love, puppy love	
初老	しょろう	past middle age, nearing old age, near-elderly	
所	ところ	place, spot, scene, site	
所で	ところで	by the way, incidentally, well, now	
所謂	いわゆる	what is called, what you call, what they call, so-called	
所轄	しょかつ	jurisdiction	
所管	しょかん	jurisdiction	
所見	しょけん	view, opinion, finding, findings	
所在	しょざい	location (of), position, whereabouts, place where one is	
所在地	しょざいち	location, address	
所持	しょじ	possession, having (on one's person), carrying (with one)	
所信	しょしん	belief, conviction, opinion	
所詮	しょせん	after all, in the end, anyway	
所属	しょぞく	belonging to (a group, organization, etc.), affiliation (with), being attached to, being under the control of, serving (in the military, congress, etc.)	
所長	しょちょう	head (of an office, laboratory, etc.), chief	
所定	しょてい	prescribed, designated, appointed, fixed	
所得	しょとく	income, earnings	
所得税	しょとくぜい	income tax	
所有	しょゆう	possession, ownership	
所有権	しょゆうけん	ownership, dominion, ownership rights, proprietorship, property rights	
所有者	しょゆうしゃ	owner	
暑い	あつい	hot, warm, sultry, heated	
暑さ	あつさ	heat (of the weather), hotness	
暑中	しょちゅう	height of summer, high summer, hottest part of the summer	
曙	あけぼの	dawn, daybreak, beginning	
渚	なぎさ	water's edge, beach, shore	
庶民	しょみん	common people, ordinary people, masses	
庶民的	しょみんてき	popular, folksy, plebeian, ordinary, unpretentious	
庶務	しょむ	general affairs	
緒	お	cord, strap, thong	
緒戦	しょせん	beginning of hostilities, beginning of competition	
署名	しょめい	signature, autograph	
書き言葉	かきことば	written word, written language	
書き込む	かきこむ	to fill in (field, entry, etc.), to fill out (form)	
書き取る	かきとる	to write down (what someone says), to take down dictation, to take notes (e.g. of a lecture)	
書き直す	かきなおす	to write out, to make a fair copy, to rewrite	
書き方	かきかた	way of writing, manner of writing	
書く	かく	to write, to compose, to pen	
書院	しょいん	drawing room, study, writing alcove	
書架	しょか	bookshelf, bookcase	
書簡	しょかん	letter, note, epistle, correspondence	
書記	しょき	clerk, secretary	
書斎	しょさい	study, library, den, home office, reading room	
書誌学	しょしがく	bibliography (study of books), bibliology	
書式	しょしき	prescribed form (of writing), format	
書籍	しょせき	book, publication	
書体	しょたい	typeface	
書店	しょてん	bookshop, bookstore	
書道	しょどう	calligraphy (esp. Asian calligraphy based on Chinese characters)	
書評	しょひょう	book review	
書物	しょもつ	book, volume	
書房	しょぼう	study, library	
書名	しょめい	book title	
書面	しょめん	document, letter	
書類	しょるい	document, papers	
諸	しょ	various, many, several	
諸君	しょくん	you (people)	
諸国	しょこく	various countries, various regions, various provinces	
諸島	しょとう	archipelago, group of islands	
助かる	たすかる	to be saved, to be rescued, to survive	
助け	たすけ	assistance, help, aid, support, reinforcement	
助ける	たすける	to save, to rescue, to spare	
助け合う	たすけあう	to help each other, to cooperate	
助っ人	すけっと	helper, supporter, second, backer	
助演	じょえん	supporting performance, playing a supporting role	
助教授	じょきょうじゅ	assistant professor, associate professor	
助産婦	じょさんぷ	midwife	
助詞	じょし	particle, postpositional word in Japanese grammar that functions as an auxiliary to a main word	
助手	じょしゅ	assistant, helper	
助成	じょせい	assisting, assistance, fostering, aiding	
助役	じょやく	assistant official	
助力	じょりょく	assistance, support	
叙勲	じょくん	conferring of decorations	
叙事詩	じょじし	descriptive poetry, epic poem	
叙述	じょじゅつ	description, account, delineation, narration	
女	おんな	woman, female	
女の子	おんなのこ	girl, daughter, baby girl	
女の人	おんなのひと	woman	
女らしい	おんならしい	womanly, ladylike, feminine	
女医	じょい	female doctor	
女王	じょおう	queen	
女史	じょし	lady (of high social status; e.g. scholar, artist, critic, politician)	
女子	じょし	woman, girl	
女子高	じょしこう	girls' high school	
女子高生	じょしこうせい	female high school student	
女子大	じょしだい	women's college, women's university	
女児	じょじ	girl, baby girl	
女神	めがみ	goddess	
女性	じょせい	woman, female	
女中	じょちゅう	maidservant, housemaid, maid	
女房	にょうぼう	wife (esp. one's own wife)	
女優	じょゆう	actress, female actor	
女流	じょりゅう	woman (writer, artist, aviator, etc.)	
序で	ついで	opportunity, occasion, chance	
序曲	じょきょく	overture, prelude	
序説	じょせつ	introduction	
序盤	じょばん	opening (in a game of go, chess, etc.)	
序文	じょぶん	preface, foreword, introduction	
序幕	じょまく	curtain-raiser, prologue	
序列	じょれつ	rank, ranking order, hierarchy	
徐行	じょこう	going slowly (esp. to enable a vehicle to stop immediately), going at a reduced speed, slowing down, reducing speed	
そろそろ	そろそろ	soon, before long, any time now, momentarily	
除いて	のぞいて	except, save	
除く	のぞく	to remove, to get rid of, to take away, to eliminate	
除外	じょがい	exception, exclusion	
除去	じょきょ	removal, getting rid of	
除籍	じょせき	removing a name	
除草	じょそう	weeding	
除名	じょめい	striking off a name, dropping a name (from a list), expulsion, excommunication	
傷害	しょうがい	injury, inflicting bodily injury	
傷口	きずぐち	(opening of a) wound, cut	
傷者	しょうしゃ	wounded person, casualty, injured person	
傷つける	きずつける	to wound, to injure	
償い	つぐない	recompense, indemnity, atonement	
償う	つぐなう	to make up for, to compensate for, to indemnify, to recompense, to redeem (e.g. a fault), to atone for	
償還	しょうかん	repayment, redemption, amortization, amortisation	
償却	しょうきゃく	repayment, redemption	
勝ち越し	かちこし	having more wins than losses	
勝つ	かつ	to win, to gain victory	
勝者	しょうしゃ	winner, victor	
勝手	かって	one's own convenience, one's way, selfishness	
勝訴	しょうそ	winning a (legal) case, victory (in a legal case)	
勝敗	しょうはい	victory or defeat, outcome (of a game, battle, etc.)	
勝負	しょうぶ	victory or defeat	
勝利	しょうり	victory, triumph, win, conquest, success	
匠	たくみ	craftsman, artisan, workman, carpenter	
升	ます	measuring container, measuring box, measure	
召し上がる	めしあがる	to eat, to drink	
召す	めす	to call, to summon, to send for, to invite	
召喚	しょうかん	summons, subpoena, citation	
召集	しょうしゅう	convening, calling together (e.g. parliament), call-up (for military service)	
商	しょう	quotient	
商い	あきない	trade, business, trading, dealing	
商会	しょうかい	firm, company	
商業	しょうぎょう	commerce, trade, business	
商工	しょうこう	commerce and industry	
商工会議所	しょうこうかいぎしょ	Chamber of Commerce and Industry	
商魂	しょうこん	commercial spirit	
商事	しょうじ	commercial affairs	
商社	しょうしゃ	trading company	
商談	しょうだん	business discussion, negotiation	
商店	しょうてん	shop, store, firm	
商店街	しょうてんがい	shopping district, shopping street, downtown	
商売	しょうばい	trade, business, commerce	
商標	しょうひょう	trademark	
商品	しょうひん	commodity, article of commerce, goods, stock, merchandise	
商品券	しょうひんけん	gift certificate	
商法	しょうほう	business practice, business method, commerce	
商務	しょうむ	commercial affairs	
商用	しょうよう	business (engagement)	
唱える	となえる	to recite, to chant	
唱歌	しょうか	singing, song	
奨学金	しょうがくきん	scholarship, stipend, bursary, grant-in-aid	
奨励	しょうれい	encouragement, promotion, inducement, incitement, stimulation	
宵	よい	evening, early night hours	
将棋	しょうぎ	shogi, Japanese chess	
将棋倒し	しょうぎだおし	falling down one after another (like dominoes)	
将軍	しょうぐん	general	
将校	しょうこう	commissioned officer	
将来	しょうらい	future, (future) prospects	
将来性	しょうらいせい	future prospects, promise	
将来像	しょうらいぞう	vision of the future	
小さい	ちいさい	small, little, tiny	
少尉	しょうい	second lieutenant, sublieutenant, ensign	
小雨	こさめ	light rain, drizzle	
小屋	こや	hut, cabin, shed, (animal) pen	
小学	しょうがく	elementary school, primary school, grade school	
小学校	しょうがっこう	primary school, elementary school, grade school	
小学生	しょうがくせい	elementary school student, primary school student, grade school student	
小規模	しょうきぼ	small scale	
小結	こむすび	wrestler of the fourth highest rank	
小遣い	こづかい	pocket money, spending money, pin money, allowance	
小言	こごと	scolding, telling-off, rebuke, lecture	
小康	しょうこう	lull, breathing spell, respite	
小国	しょうこく	small country	
小さじ	こさじ	teaspoon	
小皿	こざら	small plate, small dish	
小山	こやま	hill, knoll	
小指	こゆび	little finger, pinky, fourth (occ. fifth) finger	
小枝	こえだ	twig, spray	
小児	しょうに	young child, infant	
小児科	しょうにか	pediatrics	
小舟	こぶね	small boat	
小銃	しょうじゅう	rifle, small arms	
小人	しょうにん	child (esp. one of elementary school age or younger)	
小数	しょうすう	fraction (part of), decimal fraction	
小数点	しょうすうてん	decimal point, radix point	
小石	こいし	pebble, small stone	
小切手	こぎって	cheque, check	
小説	しょうせつ	novel, story, (work of) fiction	
小説家	しょうせつか	novelist, fiction writer	
小川	おがわ	stream, brook, creek	
小銭	こぜに	small change, coins	
小僧	こぞう	youngster, boy, kid, brat	
小鳥	ことり	small bird, little bird	
小刀	こがたな	(small) knife	
小島	こじま	small island, islet	
小豆	あずき	adzuki bean (Vigna angularis)	
小道具	こどうぐ	small tool, gadget	
小麦	こむぎ	wheat	
小麦粉	こむぎこ	wheat flour	
小品	しょうひん	short piece (of music, writing), small work (painting, sculpture, etc.), literary sketch, essay	
小物	こもの	accessories, small articles	
小文字	こもじ	lowercase letter	
小柄	こがら	small build, small stature, petite	
小惑星	しょうわくせい	asteroid	
少し	すこし	a little, a bit, a small amount, a few, some, slightly, somewhat	
少しずつ	すこしずつ	little by little, bit by bit	
少しも	すこしも	(not) at all, (not) a bit, (not) in the least, (not) in the slightest	
少ない	すくない	few, little, small (amount), low, scarce, insufficient, seldom, rare	
少額	しょうがく	small sum (of money), small amount	
少佐	しょうさ	major, lieutenant commander, wing commander	
少将	しょうしょう	major general, rear admiral, air commodore	
少数	しょうすう	small number, few, minority	
少年	しょうねん	boy	
尚	なお	still, yet	
尚且つ	なおかつ	besides, furthermore, on top of that	
尚更	なおさら	still more, even more, all the more	
床	とこ	bed, bedding	
床	ゆか	floor	
床の間	とこのま	tokonoma, alcove where art or flowers are displayed	
床屋	とこや	barbershop, barber shop, barber	
床下	ゆかした	under the floor	
承る	うけたまわる	to hear, to be told, to know	
承諾	しょうだく	consent, approval, acceptance, agreement, compliance	
承知	しょうち	knowledge, awareness	
承認	しょうにん	recognition, acknowledgement, acknowledgment, approval, consent, agreement	
抄本	しょうほん	excerpt, abridgment, abridgement, book of selections	
抄録	しょうろく	quotation, abstract, selection, summary	
招き	まねき	invitation	
招く	まねく	to invite, to ask	
招集	しょうしゅう	call, summons, convening, convocation	
招待	しょうたい	invitation	
招致	しょうち	invitation, summons, bidding (e.g. to host the Olympics), calling	
掌握	しょうあく	grasping, seizing, holding, commanding, having control over	
掌中	しょうちゅう	in the hand, (something) easily manipulated	
昇格	しょうかく	promotion, raising of status	
昇級	しょうきゅう	promotion, advancement	
昇給	しょうきゅう	salary raise	
昇進	しょうしん	promotion, advancement, rising in rank	
昭和	しょうわ	Shōwa era (1926.12.25-1989.1.7)	
松	まつ	pine tree (Pinus spp.)	
松林	まつばやし	pine forest	
沼	ぬま	marsh, swamp, wetland, bog, pond	
沼沢	しょうたく	marsh, swamp, bog	
沼地	ぬまち	marshland, wetland, swampland	
消える	きえる	to disappear, to vanish, to go out of sight, to go away, to become lost	
消しゴム	けしゴム	eraser, rubber	
消す	けす	to erase, to rub out, to rub off, to cross out, to delete	
消化	しょうか	digestion (of food)	
消火	しょうか	extinguishing a fire, fire fighting	
消火器	しょうかき	fire extinguisher	
消去	しょうきょ	erasure, deletion, elimination, clearing	
消極	しょうきょく	passive, negative, conservative	
消極的	しょうきょくてき	negative, passive, half-hearted, unmotivated	
消息	しょうそく	news (from someone), letter, contact	
消息筋	しょうそくすじ	informed circles	
消毒	しょうどく	disinfection, sterilization, sterilisation	
消費	しょうひ	consumption, expenditure, spending	
消費者	しょうひしゃ	consumer (of a product, service, etc.), customer, (end) user, buyer	
消費税	しょうひぜい	consumption tax (incl. sales tax, VAT, excise duty, etc.)	
消防	しょうぼう	fire fighting	
消防車	しょうぼうしゃ	fire engine, fire truck	
消防署	しょうぼうしょ	fire station	
消滅	しょうめつ	extinction, extinguishment, disappearance, vanishing, termination, lapse	
消耗品	しょうもうひん	consumable goods	
渉外	しょうがい	public relations, client liaison, client relations	
焼きそば	やきそば	yakisoba, fried noodles, usu. with vegetables and meat	
焼き芋	やきいも	roasted sweet potato, baked sweet potato	
焼く	やく	to burn	
焼ける	やける	to burn, to burn down, to go down in flames	
焼却	しょうきゃく	incineration, destruction by fire	
焼酎	しょうちゅう	shōchū, Japanese spirit distilled from sweet potatoes, rice, etc.	
焦がす	こがす	to burn, to scorch, to singe, to char	
焦げる	こげる	to burn, to scorch, to char, to singe	
焦り	あせり	impatience	
焦る	あせる	to be in a hurry, to be impatient, to be anxious (to do), to fret	
焦燥	しょうそう	impatience, irritation, frustration, fretfulness	
焦点	しょうてん	focus, focal point	
照らす	てらす	to shine on, to illuminate	
照る	てる	to shine	
照れる	てれる	to be shy, to be bashful, to feel awkward, to feel embarrassed	
照会	しょうかい	inquiry, query, enquiry, referral (e.g. to a doctor or court)	
照射	しょうしゃ	irradiation, radiation, beaming	
照準	しょうじゅん	sight (e.g. of a gun), aim, alignment	
照明	しょうめい	illumination, lighting	
症	しょう	illness, condition, -pathy	
症候	しょうこう	symptom	
症候群	しょうこうぐん	syndrome	
症状	しょうじょう	symptoms, condition (of a patient)	
省く	はぶく	to omit, to leave out, to exclude, to eliminate	
省庁	しょうちょう	ministries and government offices, the authorities	
省略	しょうりゃく	omission, leaving out	
省令	しょうれい	ministerial ordinance	
硝煙	しょうえん	gunpowder smoke	
硝酸	しょうさん	nitric acid	
称する	しょうする	to call, to name	
称号	しょうごう	title, name, degree	
章	しょう	chapter, section	
笑い	わらい	laugh, laughter	
笑い声	わらいごえ	(sound of) laughter, laughing voice	
笑う	わらう	to laugh	
笑み	えみ	smile	
笑顔	えがお	smiling face, smile	
紹介	しょうかい	introduction, presentation, referral, showcase (of a product)	
紹介者	しょうかいしゃ	person who introduces someone, introducer	
肖像	しょうぞう	portrait, likeness, picture	
衝撃	しょうげき	impact, shock, impulse	
衝動	しょうどう	impulse, urge, impetus	
衝突	しょうとつ	collision, crash, impact, running into	
証	あかし	proof, evidence, sign, testimony, testament (to something), vindication	
証拠	しょうこ	evidence, proof	
証券	しょうけん	bond, bill, certificate, security	
証言	しょうげん	testimony, (verbal) evidence	
証書	しょうしょ	document (of proof), certificate, paper, bond, deed	
証人	しょうにん	witness	
証明	しょうめい	proof, testimony, demonstration, verification, certification	
証明書	しょうめいしょ	certificate, credentials, testimonial	
詔書	しょうしょ	imperial edict, decree	
詳しい	くわしい	detailed, full, minute	
詳細	しょうさい	details, particulars, specifics	
詳述	しょうじゅつ	detailed explanation	
詳報	しょうほう	detailed report, full report, details, particulars	
象	しょう	form, shape, figure, appearance, phenomenon	
象	ぞう	elephant (Elephantidae spp.)	
象牙	ぞうげ	ivory	
象徴	しょうちょう	symbol (of something abstract), emblem, (symbolic) representation	
賞	しょう	prize, award	
賞金	しょうきん	prize money, monetary award, reward	
賞状	しょうじょう	certificate of merit, testimonial	
賞罰	しょうばつ	reward and punishment	
賞品	しょうひん	prize, trophy	
賞味期限	しょうみきげん	best-before date (on food), use-by date, expiry date, expiration date	
賞与	しょうよ	bonus	
鍾乳洞	しょうにゅうどう	limestone cave, limestone cavern	
鐘	かね	bell (often a large hanging bell), chime	
鐘楼	しょうろう	belfry, bell tower	
障る	さわる	to be harmful to, to hinder, to interfere with, to irritate	
障害	しょうがい	obstacle, impediment, hindrance, barrier, difficulty	
障子	しょうじ	shoji (paper sliding door)	
障壁	しょうへき	enclosing wall, boundary fence	
上	うえ	above, over, up	
上	かみ	upper reaches (of a river), upper stream	
上	じょう	from the standpoint of, from the viewpoint of, with respect to, in terms of, as a matter of, in view of, so far as ... is concerned	
上がったり	あがったり	doomed (business, trade, etc.), in a bad state, poor	
上がり	あがり	rise, increase, ascent	
上がる	あがる	to rise, to go up, to come up, to ascend, to be raised	
上げ	あげ	tuck (e.g. in a dress)	
上げる	あげる	to raise, to elevate	
上せる	のぼせる	to raise, to record, to bring up (a matter), to serve (food), to send some on out	
上っ調子	うわっちょうし	flippant, frivolous, shallow	
上り	のぼり	ascent, climbing, ascending (path), climb	
上り下り	のぼりくだり	going up and down, ascent and descent, climb and descent	
上り坂	のぼりざか	ascent, uphill, upward slope	
上る	のぼる	to ascend, to go up, to climb	
上位	じょうい	superior (in rank), top, ranking	
上映	じょうえい	screening (a movie), showing	
上越	じょうえつ	area on Japan Sea side of Japan, including Niigata	
上演	じょうえん	performance (of a play, opera, etc.), staging, presentation	
上下	うえした	top and bottom, up and down, high and low, above and below, upper and lower ends	
上下	じょうげ	top and bottom, high and low, above and below, upper and lower ends, up and down	
上回る	うわまわる	to exceed (esp. figures: profits, unemployment rate, etc.), to surpass, to be more than, to be better than	
上海	シャンハイ	Shanghai (China)	
上機嫌	じょうきげん	good humour (humor), good mood	
上記	じょうき	above-mentioned, above-named, above	
上級	じょうきゅう	upper level, upper grade, high rank, advanced level, senior level, upper class	
上京	じょうきょう	going (up) to the capital, going to Tokyo	
上空	じょうくう	sky, the skies, high-altitude sky, upper air	
上限	じょうげん	upper limit	
上皇	じょうこう	retired emperor, ex-emperor, former emperor, emperor emeritus	
上告	じょうこく	final appeal to the highest court	
上司	じょうし	(one's) superior, (one's) boss, the higher-ups	
上手	じょうず	skillful, skilled, proficient, good (at), adept, clever	
上手投げ	うわてなげ	overhand throw	
上旬	じょうじゅん	first third of a month, first ten days of a month	
上昇	じょうしょう	rising, ascending, climbing	
上場	じょうじょう	listing (on the stock exchange, etc.), taking (a company) public	
上申	じょうしん	report to a superior	
上積み	うわづみ	loading on top, piling on top, upper load, goods loaded on top, deck cargo	
上層	じょうそう	upper stratum (classes, stories, storeys), upper layer, layer above	
上体	じょうたい	upper body	
上達	じょうたつ	improvement (e.g. in skill, ability), advance, progress	
上田	じょうでん	high rice field, very fertile rice field	
上等	じょうとう	superior, first-class, excellent, top quality	
上半期	かみはんき	first half of the year, first half of the fiscal year	
上半身	じょうはんしん	upper half of the body, upper body	
上品	じょうひん	elegant, refined, polished, stylish, sophisticated	
上部	じょうぶ	top part, surface	
上陸	じょうりく	landing, going ashore, disembarkation	
上流	じょうりゅう	upper stream, upper course, upper reaches	
丈	たけ	height, stature	
乗じる	じょうじる	to take advantage of, to follow blindly	
乗ずる	じょうずる	to take advantage of, to follow blindly	
乗っ取り	のっとり	takeover (of a company, etc.)	
乗っ取る	のっとる	to take possession of (forcibly), to take over (a company, account, etc.), to capture (a castle, enemy position, etc.), to seize, to occupy, to usurp	
乗り	のり	riding, ride	
乗り越える	のりこえる	to climb over, to get over, to cross (a mountain)	
乗り越す	のりこす	to ride past (one's stop), to overshoot	
乗り回す	のりまわす	to drive (a car) around, to ride (a bicycle) around	
乗り気	のりき	interest, eagerness, enthusiasm	
乗り降り	のりおり	getting on and off (a vehicle), boarding and alighting	
乗り込む	のりこむ	to board (a train, plane, etc.), to get into (a car), to get on (a bus), to go on board, to get aboard	
乗り出す	のりだす	to set out, to set sail	
乗り切る	のりきる	to weather (a storm, rough seas), to ride across, to sail across	
乗り遅れる	のりおくれる	to miss (a train, bus, etc.)	
乗る	のる	to get on (train, plane, bus, ship, etc.), to get in, to board, to take, to embark	
乗員	じょういん	crew member, crewman, crew	
乗降	じょうこう	getting on and off, embarking and disembarking	
乗車	じょうしゃ	boarding (a train, bus, etc.), getting into (e.g. a taxi)	
乗車券	じょうしゃけん	ticket (for bus, train, etc.), passenger ticket	
乗組員	のりくみいん	crew (of a ship, airplane, etc.), crew member	
乗馬	じょうば	horse riding, horseback riding, mounting a horse	
乗務員	じょうむいん	transport staff (driver, conductor, etc.), crew member, crewman	
乗用車	じょうようしゃ	(passenger) car, automobile	
冗談	じょうだん	joke, jest, funny story	
剰余金	じょうよきん	surplus, balance	
城	しろ	castle	
城下町	じょうかまち	castle town, city in Japan that developed around the castle of a feudal lord	
城郭	じょうかく	castle, citadel, fortress	
城主	じょうしゅ	lord of a castle	
場	ば	place, spot, space	
場違い	ばちがい	out-of-place, inappropriate, sticking out like a sore thumb	
場合	ばあい	case, occasion, situation, circumstances	
場所	ばしょ	place, location, spot, position, area	
場内	じょうない	in-house, (on) the grounds, (in) the premises, hall, theatre, theater	
場面	ばめん	scene, setting, place (where something happens), scenario, case	
嬢	じょう	unmarried woman	
常に	つねに	always, constantly	
常軌	じょうき	normal course (of action), proper course, regular way	
常時	じょうじ	usually, ordinarily, always	
常識	じょうしき	common sense, good sense, common knowledge, general knowledge, common practice, accepted practice, social etiquette	
常習	じょうしゅう	custom, common practice, habit	
常設	じょうせつ	standing (committee), permanent (exhibit)	
常駐	じょうちゅう	permanent stationing, staying permanently	
常任	じょうにん	standing, regular, permanent	
常務	じょうむ	managing director, executive director	
常用	じょうよう	habitual use, daily use	
常用漢字	じょうようかんじ	jōyō kanji, kanji for common use, list of 2,136 kanji designated for common use (introduced in 1981, revised in 2010)	
常連	じょうれん	regular customer, regular patron, regular visitor, frequenter	
情	じょう	feelings, emotion, sentiment	
情け	なさけ	pity, sympathy, compassion, mercy	
情感	じょうかん	feeling, sensitivity, emotion	
情景	じょうけい	spectacle, sight, scene	
情勢	じょうせい	state of things, state of affairs, situation, conditions, circumstances	
情熱	じょうねつ	passion, enthusiasm, zeal	
情報	じょうほう	information, news, report, intelligence	
情報処理	じょうほうしょり	data processing, information processing	
条件	じょうけん	condition, term, requirement, qualification, prerequisite	
条件付き	じょうけんつき	conditional, qualified, with conditions attached	
条項	じょうこう	clause, article, stipulations	
条文	じょうぶん	text (of a law, treaty, contract, etc.), provisions	
条約	じょうやく	treaty, pact, convention, agreement	
条理	じょうり	reason	
条例	じょうれい	regulations, rules	
杖	つえ	cane, walking stick, staff, wand	
浄化	じょうか	purification	
浄水	じょうすい	clean water, purified water	
浄土	じょうど	pure land (esp. the Western Pure Land paradise of Amitabha), (Buddhist) paradise	
状	じょう	form, shape, appearance	
状況	じょうきょう	state of affairs, situation, conditions, circumstances	
状態	じょうたい	state, condition, situation, appearance, circumstances	
畳	じょう	tatami mat (esp. as a measure of room size, either 1.82 sqm or 1.54 sqm)	
畳	たたみ	tatami mat, Japanese straw floor coverings	
畳む	たたむ	to fold (clothes, umbrella)	
蒸かす	ふかす	to steam (food)	
蒸し暑い	むしあつい	humid, sultry	
蒸し返す	むしかえす	to reheat, to steam over	
蒸す	むす	to steam (food, towel, etc.)	
蒸気	じょうき	steam, vapour, vapor	
蒸発	じょうはつ	evaporation	
譲り渡す	ゆずりわたす	to hand over, to turn over, to cede	
譲る	ゆずる	to hand over, to transfer, to turn over, to assign, to convey, to bequeath	
譲渡	じょうと	transfer, assignment, conveyance	
譲歩	じょうほ	concession, conciliation, compromise	
醸成	じょうせい	brewing, fermenting	
醸造	じょうぞう	brewing	
錠剤	じょうざい	pill, lozenge, tablet	
嘱託	しょくたく	commission, entrusting with (work)	
嘱望	しょくぼう	having great hopes for (someone's future), expecting much of, pinning one's hopes on	
飾り	かざり	decoration, ornament, trimmings	
飾り気	かざりけ	affectation, showiness, pretence	
飾る	かざる	to decorate, to ornament, to adorn	
拭う	ぬぐう	to wipe, to mop up	
拭く	ふく	to wipe, to dry	
植える	うえる	to plant, to grow, to raise	
植樹	しょくじゅ	tree-planting	
植物	しょくぶつ	plant, vegetation	
植物園	しょくぶつえん	botanical garden	
植民地	しょくみんち	colony	
植木鉢	うえきばち	flowerpot, plant pot	
植林	しょくりん	afforestation	
織る	おる	to weave	
織機	しょっき	loom, weaving machine	
織物	おりもの	textile, fabric	
職	しょく	job, work, employment, occupation, position	
職員	しょくいん	staff member, employee, worker, personnel	
職業	しょくぎょう	occupation, profession, job, vocation, trade, calling, business	
職権	しょっけん	one's (official) authority, ex-officio authority, power	
職場	しょくば	one's post, place of work, workplace	
職人	しょくにん	craftsman, artisan, tradesman, worker, workman	
職能	しょくのう	occupational ability	
職務	しょくむ	professional duties	
職歴	しょくれき	work experience, work history	
色	いろ	colour, color, hue, tint, tinge, shade	
色気	いろけ	colouring, coloring, shade of colour (color)	
色合い	いろあい	colouring, coloring, shade (of colour), hue, tone, tinge, tint	
色彩	しきさい	colour, color, hue, tints	
色紙	しきし	square fancy cardboard, used for autographs, poetry, etc.	
色素	しきそ	pigment, coloring, colouring, colorant, colourant	
色調	しきちょう	color tone, colour tone	
触る	さわる	to touch, to feel, to handle	
触れる	ふれる	to touch, to feel	
触れ合う	ふれあう	to come into contact with, to touch (each other), to have a brush with	
触覚	しょっかく	sense of touch	
触媒	しょくばい	catalyst	
触発	しょくはつ	detonation by contact, contact detonation	
食い違い	くいちがい	difference, disagreement, conflict, clash, discrepancy, inconsistency	
食い違う	くいちがう	to not match well (e.g. at the seams), to not mesh properly (of gears)	
食い込む	くいこむ	to bite into (e.g. rope into skin), to cut into, to dig into (e.g. of fingernails)	
食い止める	くいとめる	to check, to hold back, to keep at bay, to stop, to prevent, to stem, to curb, to halt	
食べる	たべる	to eat	
食べ過ぎる	たべすぎる	to overeat	
食べ物	たべもの	food	
食パン	しょくパン	(loaf of) bread, bread in a rectangular shape	
食塩	しょくえん	table salt	
食管法	しょっかんほう	law governing food quality	
食器	しょっき	tableware	
食後	しょくご	after a meal	
食事	しょくじ	meal (e.g. lunch, dinner)	
食生活	しょくせいかつ	eating habits, diet, dietary pattern	
食卓	しょくたく	dining table	
食堂	しょくどう	dining room, dining hall, cafeteria, canteen, messroom	
食道	しょくどう	esophagus, oesophagus, gullet	
食肉	しょくにく	meat (for consumption)	
食費	しょくひ	food expenses, money for food, charge for board	
食品	しょくひん	food, food products, foodstuffs	
食品添加物	しょくひんてんかぶつ	food additive	
食物	しょくもつ	food, foodstuff	
食用	しょくよう	for use as food, edible	
食欲	しょくよく	appetite (for food)	
食料	しょくりょう	food	
食料品	しょくりょうひん	foodstuff, groceries	
食糧	しょくりょう	food (esp. staple food such as rice or wheat), provisions, rations, food supply	
蝕む	むしばむ	to be worm-eaten, to be eaten by worms	
尻	しり	buttocks, behind, rump, bottom, hips	
尻尾	しっぽ	tail (of an animal)	
伸し	のし	stretching	
伸びやか	のびやか	comfortable, carefree	
伸びる	のびる	to stretch, to extend, to lengthen, to grow (of hair, height, grass, etc.)	
伸び伸び	のびのび	comfortably, peacefully, freely, with one's mind at ease, unrestrained, calmly, without worries, relaxed, carefree	
伸び悩む	のびなやむ	to be sluggish, to make little progress, to show little growth, to fail to improve, to level off, to not grow as much as expected	
伸び率	のびりつ	growth rate	
伸縮	しんしゅく	expansion and contraction, elasticity, flexibility	
信じる	しんじる	to believe, to believe in, to place trust in, to confide in, to have faith in	
信ずる	しんずる	to believe, to believe in, to place trust in, to confide in, to have faith in	
信義	しんぎ	faith, fidelity, loyalty	
信仰	しんこう	(religious) faith, belief, creed	
信号	しんごう	signal, signalling, signaling	
信号機	しんごうき	traffic light, traffic signal	
信者	しんじゃ	believer, adherent, devotee, follower	
信条	しんじょう	creed, belief, conviction, article of faith	
信託	しんたく	trust, entrusting, leaving in someone's trust	
信徒	しんと	layman, believer, adherent, follower, laity	
信任	しんにん	trust, confidence, credence	
信念	しんねん	belief, faith, conviction	
信販会社	しんぱんがいしゃ	credit company	
信奉	しんぽう	belief, faith, adherence, espousal	
信用	しんよう	confidence, trust, faith, reputation	
信用組合	しんようくみあい	credit association	
信頼	しんらい	trust (in), confidence, faith, reliance	
信頼性	しんらいせい	credibility, authenticity, confidence, reliability	
侵す	おかす	to invade, to raid, to violate (airspace, etc.), to intrude, to trespass	
侵害	しんがい	infringement, violation, invasion, encroachment, trespass	
侵食	しんしょく	encroachment	
侵入	しんにゅう	invasion, incursion, raid, aggression, intrusion, trespass, penetration, hacking	
侵犯	しんぱん	violation (of foreign territory, rights, etc.), invasion, infringement	
唇	くちびる	lip, lips	
寝かす	ねかす	to put to bed, to let sleep	
寝かせる	ねかせる	to put to bed, to let sleep	
寝る	ねる	to sleep (lying down)	
寝巻き	ねまき	nightclothes, nightwear, sleepwear, pyjamas, pajamas, nightgown, nightdress	
寝顔	ねがお	sleeping face	
寝苦しい	ねぐるしい	unable to sleep well	
寝具	しんぐ	bedding, bedclothes	
寝言	ねごと	talking in one's sleep, somniloquy	
寝室	しんしつ	bedroom	
寝床	ねどこ	bed, berth, crib, cot, bedroom	
寝息	ねいき	breathing of a sleeping person	
寝不足	ねぶそく	lack of sleep, insufficient sleep	
寝付く	ねつく	to go to bed, to go to sleep, to fall asleep	
寝返る	ねがえる	to change sides, to double-cross, to betray	
寝坊	ねぼう	sleeping in late, oversleeping	
審議	しんぎ	deliberation, discussion, consideration	
審査	しんさ	judging, inspection, examination, investigation, review	
審判	しんぱん	judgement, judgment, decision, verdict, sentence	
審問	しんもん	trial, hearing, inquiry, examination, interrogation	
審理	しんり	trial	
心	こころ	mind, heart, spirit	
心がけ	こころがけ	(mental) attitude, way of thinking, attention, care, prudence, intention	
心を込めて	こころをこめて	wholeheartedly, with all one's heart	
心外	しんがい	regrettable, vexing, upsetting	
心がける	こころがける	to keep in mind, to bear in mind, to try, to aim to do, to endeavor, to endeavour	
心境	しんきょう	state of mind, mental state, mental attitude	
心強い	こころづよい	heartening, reassuring	
心遣い	こころづかい	consideration (for), thoughtfulness, solicitude, care, watchfulness, concern, sympathy	
心構え	こころがまえ	preparedness, readiness, mental attitude, frame of mind	
心細い	こころぼそい	helpless, forlorn, hopeless, unpromising, lonely, discouraging, disheartening	
心情	しんじょう	sentiment, emotions, one's feelings, one's heart	
心神耗弱	しんしんこうじゃく	diminished capacity, diminished responsibility, legally unaccountable (e.g. due to mental illness, drugs, alcohol, etc.)	
心身	しんしん	mind and body	
心酔	しんすい	adoration, admiration	
心臓	しんぞう	heart	
心待ち	こころまち	anticipation, expectation	
心地	ここち	feeling, sensation, mood	
心地よい	ここちよい	comfortable, pleasant	
心中	しんじゅう	double suicide, lovers' suicide	
心当たり	こころあたり	having in mind, happening to know (of), idea (of), inkling	
心得	こころえ	knowledge, understanding	
心得る	こころえる	to know, to understand, to be aware of, to regard as, to take for	
心配	しんぱい	worry, concern, anxiety, uneasiness, fear	
心不全	しんふぜん	heart failure	
心理	しんり	state of mind, mentality, psychology	
心理学	しんりがく	psychology	
心労	しんろう	anxiety, worry, fear	
慎重	しんちょう	careful, cautious, prudent, discreet, deliberate	
振り	ふり	swing, shake, sweep, wave, wag	
振り	ぶり	way, manner, style	
振り仮名	ふりがな	furigana, kana printed above or next to kanji to indicate pronunciation	
振り回す	ふりまわす	to wield, to brandish, to flourish, to wave (about), to swing	
振り向く	ふりむく	to turn one's face, to turn around, to look over one's shoulder	
振り込む	ふりこむ	to make a payment via bank deposit transfer	
振り切る	ふりきる	to shake off, to shake free from	
振り返る	ふりかえる	to turn one's head, to look over one's shoulder, to turn around, to look back	
振る	ふる	to wave, to shake, to swing	
振興	しんこう	promotion, encouragement	
振動	しんどう	oscillation, vibration, swing (e.g. of a pendulum)	
振幅	しんぷく	amplitude (of vibration)	
新	しん	new, neo-	
新しい	あたらしい	new, novel, fresh, recent, latest, up-to-date, modern	
新た	あらた	new, fresh, novel	
新鋭	しんえい	young and energetic, up-and-coming, new and excellent, newly produced, up-and-comer	
新芽	しんめ	sprout, bud, shoot	
新学期	しんがっき	new school term	
新刊	しんかん	new book, new publication	
新幹線	しんかんせん	Shinkansen, bullet train	
新顔	しんがお	newcomer, new face	
新規	しんき	new, fresh	
新旧	しんきゅう	new and old, incoming and outgoing	
新居	しんきょ	new home	
新興	しんこう	rising, developing, emergent, burgeoning, new	
新曲	しんきょく	new (musical) composition, new piece, new song	
新型	しんがた	new type, new style, new model, new strain (e.g. infectious disease)	
新語	しんご	new word, neologism, newly coined word, recent coinage	
新婚	しんこん	newly-wed, newly married	
新作	しんさく	new work, new production, new composition, new creation, new title	
新式	しんしき	new form, new formula	
新車	しんしゃ	new car	
新手	あらて	fresh troops, fresh players	
新人	しんじん	newcomer, new figure, new member, recruit, rookie, new talent, new star	
新制	しんせい	new system, new order	
新星	しんせい	nova	
新生	しんせい	rebirth, new birth, nascent	
新製品	しんせいひん	new product	
新設	しんせつ	establishing, founding, setting up, organizing, establishment	
新雪	しんせつ	fresh snow, new snow	
新鮮	しんせん	fresh	
新体	しんたい	new style	
新築	しんちく	new building, new construction	
新着	しんちゃく	newly arrived, newly received	
新陳代謝	しんちんたいしゃ	renewal, replacement, regeneration, rejuvenation	
新党	しんとう	new (political) party	
新入	しんにゅう	newly arrived, newly joined, newly entered, newcomer	
新任	しんにん	newly appointed, inaugural	
新年	しんねん	New Year	
新発売	しんはつばい	new release, putting (a new product) on sale, launch	
新婦	しんぷ	bride	
新風	しんぷう	new style	
新聞	しんぶん	newspaper	
新聞紙	しんぶんし	newsprint, newspaper used for wrapping, packing, etc.	
新聞社	しんぶんしゃ	newspaper company	
新米	しんまい	new rice, first rice crop of the year	
新緑	しんりょく	fresh verdure, new green leaves	
新郎	しんろう	bridegroom	
森	もり	forest	
森林	しんりん	forest, woods	
浸す	ひたす	to soak, to dip, to steep, to immerse	
浸る	ひたる	to be soaked in, to be flooded, to be submerged	
浸水	しんすい	inundation, submersion, flood	
浸透	しんとう	permeation (of thought, ideology, culture, etc.), infiltration (e.g. of ideas), spread, penetration (e.g. into a market), pervasion	
深い	ふかい	deep	
深さ	ふかさ	depth, profundity	
深まる	ふかまる	to deepen, to heighten, to intensify	
深み	ふかみ	deep place, depths	
深める	ふかめる	to deepen, to heighten, to intensify	
深海	しんかい	deep sea, depths of the sea, ocean depths	
深刻	しんこく	serious, severe, grave, acute	
深刻化	しんこくか	becoming more serious or severe, aggravation, intensification	
深層	しんそう	depths, deep level	
深度	しんど	depth	
深夜	しんや	late at night	
申	さる	the Monkey (ninth sign of the Chinese zodiac)	
申し込む	もうしこむ	to apply for, to make an application, to propose (marriage), to offer (mediation), to make an overture (of peace), to challenge, to lodge (objections), to request (an interview), to subscribe for, to book, to reserve	
申し出	もうしで	proposal, offer, request, application	
申し出る	もうしでる	to offer, to propose, to suggest, to put forward, to request, to ask (for), to apply (for), to report (to), to notify	
申し上げる	もうしあげる	to say, to tell, to state, to express, to offer, to extend (greetings, congratulations, etc.)	
申し入れる	もうしいれる	to propose, to suggest	
申し訳	もうしわけ	apology, excuse	
申す	もうす	to say, to be called	
申告	しんこく	report, return (e.g. tax), statement, declaration, notification, filing	
申請	しんせい	application, request, petition	
真	しん	truth, reality, genuineness	
真っ暗	まっくら	pitch-dark, pitch-black, completely dark	
真っ向	まっこう	directly opposite, right in front	
真っ最中	まっさいちゅう	right in the middle (of), midst, height	
真っ赤	まっか	bright red, deep red, flushed (of face)	
真っ先	まっさき	the head, the foremost, beginning, the very front	
真っ二つ	まっぷたつ	in two equal parts	
真意	しんい	real intention, true motive, true meaning	
真価	しんか	true value, real worth	
真夏	まなつ	middle of summer, height of summer, midsummer	
真顔	まがお	serious look (on one's face), straight face	
真偽	しんぎ	truth or falsehood, genuineness, authenticity, veracity	
真逆	まさか	by no means, never!, well, I never!, you don't say!, no way!	
真空	しんくう	vacuum	
真剣	しんけん	serious, earnest	
真四角	ましかく	square	
真似	まね	imitating, copying, mimicry	
真似る	まねる	to mimic, to imitate	
真実	しんじつ	truth, reality	
真珠	しんじゅ	pearl	
真上	まうえ	right above, just above, directly above, directly overhead	
真心	まごころ	sincerity, true heart, devotion	
真新しい	まあたらしい	brand new	
真正面	ましょうめん	directly opposite, right in front	
真相	しんそう	truth, real situation	
真冬	まふゆ	midwinter, dead of winter	
真面目	まじめ	serious, earnest, sober, grave	
真夜中	まよなか	dead of night, midnight	
真理	しんり	truth	
真摯	しんし	sincere, earnest, serious	
神	かみ	god, deity, divinity, spirit, kami	
神学	しんがく	theology, divinity	
神楽	かぐら	kagura, traditional Shinto music and dancing	
神官	しんかん	Shinto priest	
神宮	じんぐう	high-status Shinto shrine with connection to imperial family, imperial Shinto shrine	
神業	かみわざ	divine work, miracle, superhuman feat	
神経	しんけい	nerve	
神経質	しんけいしつ	nervous, highly strung, sensitive	
神社	じんじゃ	Shinto shrine	
神主	かんぬし	Shinto priest	
真髄	しんずい	essence, quintessence, spirit, soul, heart, pith (and marrow)	
神聖	しんせい	holiness, sacredness, sanctity, dignity	
神殿	しんでん	temple, shrine, sanctuary	
神童	しんどう	child prodigy, infant genius, wonder child	
神道	しんとう	Shinto, Shintoism	
神秘	しんぴ	mystery, mysteriousness, secret	
神秘的	しんぴてき	mysterious, mystical	
神父	しんぷ	Catholic priest, abbe, reverend father, minister, padre	
神風	かみかぜ	divine wind (esp. a typhoon thought to have protected Japan from a Mongolian invasion in the 13th century)	
神妙	しんみょう	meek, quiet, docile, humble, faithful, obedient	
神様	かみさま	God, god, deity, divinity, spirit, kami	
神話	しんわ	myth, mythology	
紳士	しんし	gentleman	
紳士協定	しんしきょうてい	gentlemen's agreement	
薪	まき	piece(s) of firewood (esp. chopped or split from logs)	
薪炭	しんたん	wood and charcoal, fuel	
親	おや	parent, parents, mother and father	
親しい	したしい	close (e.g. friend), familiar, friendly, intimate	
親しむ	したしむ	to be intimate with, to befriend	
親愛	しんあい	deep affection	
親衛	しんえい	monarch's guards	
親近感	しんきんかん	affinity, feeling of closeness (with someone), feeling of kinship	
親孝行	おやこうこう	filial piety, being kind to one's parents, taking care of one's parents	
親子	おやこ	parent and child	
親指	おやゆび	thumb	
親譲り	おやゆずり	inheritance from a parent (property, trait, physique, etc.)	
親戚	しんせき	relative, relation, kin	
親切	しんせつ	kind, gentle, considerate, generous, friendly, nice	
親善	しんぜん	friendship, goodwill, friendly relations, amity	
親族	しんぞく	relative, relation, kin	
親日	しんにち	pro-Japanese	
親バカ	おやばか	over-fond parent, doting parent	
親不孝	おやふこう	lack of filial piety, disobedience to one's parents	
親父	おやじ	one's father, one's old man, dad, pops	
親分	おやぶん	boss, leader, kingpin, chief, head (e.g. of a crime syndicate)	
親方	おやかた	master, boss, chief, foreman, supervisor	
親睦	しんぼく	friendship, amity	
親密	しんみつ	intimacy, friendship	
親友	しんゆう	close friend, bosom friend, buddy, crony, chum	
親類	しんるい	relative, relation, kin	
診る	みる	to examine (medically), to have a look at, to check (a patient's pulse)	
診察	しんさつ	medical examination, checkup, consultation	
診断	しんだん	diagnosis, medical examination	
診療	しんりょう	diagnosis and treatment, medical care	
身	み	one's body, one's person	
身なり	みなり	dress, attire, clothing, getup, outfit, personal appearance	
身の回り	みのまわり	one's personal belongings, one's vicinity, one's daily life, everyday necessities	
身の上	みのうえ	one's station in life, one's personal history, one's circumstances	
身寄り	みより	relative, relation	
身近	みぢか	near oneself, close to one, familiar	
身元	みもと	(one's) identity, background, upbringing, birth (and parentage)	
身上	しんじょう	one's background, one's history, one's circumstances	
身振り	みぶり	gesture, gesticulation, motion	
身震い	みぶるい	shivering (with cold), trembling (with fear), shuddering	
身体障害者	しんたいしょうがいしゃ	(physically) disabled person, person with a physical disability	
身代わり	みがわり	substitution (for someone else), substitute, stand-in, scapegoat, sacrifice	
身長	しんちょう	height (of a person), stature	
身投げ	みなげ	throwing oneself (e.g. into the water to commit suicide)	
身内	みうち	relatives, one's family	
身分	みぶん	(social) standing, status, position, rank	
身分証明書	みぶんしょうめいしょ	identification papers, piece of identification, identity document, ID	
身柄	みがら	one's person	
身辺	しんぺん	one's person, around one's person	
辛い	からい	spicy, hot	
辛い	つらい	painful, bitter, heart-breaking, difficult (emotionally)	
辛うじて	かろうじて	barely, narrowly, only just, with difficulty	
辛苦	しんく	hardship, toil, trouble	
辛酸	しんさん	hardships, privation	
辛勝	しんしょう	narrow victory	
辛抱	しんぼう	patience, endurance, perseverance	
進み	すすみ	progress	
進む	すすむ	to advance, to go forward	
進める	すすめる	to advance, to move forward, to put (a clock, watch) forward	
進化	しんか	evolution	
進学	しんがく	advancing to the next stage of education, going on to (high school, college, etc.)	
進級	しんきゅう	promotion (school, military, etc.)	
進撃	しんげき	advance, charge	
進行	しんこう	moving forward (e.g. of a vehicle), onward movement	
進出	しんしゅつ	advance (into a new market, industry, etc.), expansion (into), launch (into), entering, making inroads (into)	
進退	しんたい	advance or retreat, moving forwards or backwards, movement	
進退伺い	しんたいうかがい	informal resignation, unofficial resignation	
進駐	しんちゅう	occupation, stationing	
進捗	しんちょく	progress, advance, making (good) progress	
進呈	しんてい	presentation (e.g. of a gift)	
進展	しんてん	progress, development	
進入	しんにゅう	entry, approach, penetration	
進歩	しんぽ	progress, advance, improvement, development	
進路	しんろ	route, course, path	
針	はり	needle, pin	
針金	はりがね	wire	
震える	ふるえる	to shiver, to shake, to quake, to tremble, to quaver, to quiver	
震源	しんげん	hypocentre (of an earthquake), hypocenter, focus	
震災	しんさい	earthquake disaster	
震度	しんど	seismic intensity	
震動	しんどう	shock, tremor, impact, vibration	
人	じん	-ian (e.g. Italian), -ite (e.g. Tokyoite)	
人為	じんい	human work, human agency, art, artificiality	
人為的	じんいてき	artificial, unnatural, human-caused (e.g. mistake, error, disaster), man-made	
人違い	ひとちがい	mistaking one person for another, (case of) mistaken identity	
人一倍	ひといちばい	(much) more than others, exceedingly, extremely, unusually	
人員	じんいん	number of persons, personnel	
人格	じんかく	personality, character, individuality, personhood	
人間	にんげん	human being, human, person, man, mankind, humankind	
人間関係	にんげんかんけい	human relations, personal relationships	
人間性	にんげんせい	humanity, human nature	
人間的	にんげんてき	human, human-like, as a person	
人気	にんき	popularity, public favor	
人気者	にんきもの	popular person, favorite, favourite	
人形	にんぎょう	doll, puppet, marionette	
人件費	じんけんひ	personnel expenses, labor cost, labour cost	
人権	じんけん	human rights, civil liberties	
人見知り	ひとみしり	shyness, fear of strangers, stranger anxiety	
人口	じんこう	population	
人工	じんこう	artificial, man-made, human work, human skill, artificiality	
人工衛星	じんこうえいせい	artificial satellite, man-made satellite	
人工呼吸	じんこうこきゅう	artificial respiration	
人工的	じんこうてき	artificial, unnatural	
人骨	じんこつ	human bones	
人ごみ	ひとごみ	crowd of people	
人妻	ひとづま	married woman	
人材	じんざい	capable person, talented person	
人殺し	ひとごろし	murder, murderer	
人参	にんじん	carrot (Daucus carota)	
人事	じんじ	personnel affairs, human affairs, human resources, HR	
人事	ひとごと	other people's affairs, someone else's problem	
人事異動	じんじいどう	personnel change, personnel shift, reshuffle, (annual) staff reassignment	
人事院	じんじいん	National Personnel Authority	
人質	ひとじち	hostage	
人種	じんしゅ	race (of people)	
人だかり	ひとだかり	crowd, throng	
人出	ひとで	crowd, turnout	
人情	にんじょう	humanity, empathy, kindness, sympathy	
人生	じんせい	(one's) life	
人生観	じんせいかん	one's view of life, attitude toward life, outlook	
人選	じんせん	personnel selection	
人前	にんまえ	portion of food	
人前	ひとまえ	presence of other people, (in) public, (in) front of others	
人相	にんそう	looks, countenance, facial features	
人造	じんぞう	artificial, man-made, imitation, synthetic	
人体	じんたい	human body	
人たち	ひとたち	people	
人中	ひとなか	society, company, the public, the world	
人通り	ひとどおり	pedestrian traffic	
人的	じんてき	human, personal	
人道	じんどう	humanity	
人道主義	じんどうしゅぎ	humanism, humanitarianism	
人道的	じんどうてき	humane	
人物	じんぶつ	person, character, figure, personage, man, woman	
人文科学	じんぶんかがく	humanities, arts	
人柄	ひとがら	personality, character, personal appearance, gentility	
人脈	じんみゃく	personal connections	
人民	じんみん	the people, citizens, the populace	
人民戦線	じんみんせんせん	popular front	
人名	じんめい	person's name	
人命	じんめい	(human) life	
人力車	じんりきしゃ	rickshaw, jinrikisha	
人類	じんるい	mankind, humanity	
人類学	じんるいがく	anthropology	
仁	じん	benevolence (esp. as a virtue of Confucianism), consideration, compassion, humanity, charity	
仁義	じんぎ	humanity and justice (esp. in Confucianism), virtue	
刃	は	edge (of a knife or sword), blade	
刃先	はさき	edge of blade	
刃物	はもの	edged tool, cutting instrument, knife	
塵	ゴミ	rubbish, trash, garbage, refuse, litter	
塵	ちり	dust	
ちり取り	ちりとり	dustpan	
尋ねる	たずねる	to ask, to enquire, to inquire	
尋ね人	たずねびと	missing person, wanted person	
尋常	じんじょう	common, usual	
尋問	じんもん	questioning, interrogation, examination (of a witness)	
甚だ	はなはだ	very, greatly, extremely, exceedingly, highly, quite	
甚だしい	はなはだしい	extreme, excessive, terrible, intense, severe, serious, tremendous, heavy (damage)	
甚大	じんだい	very great, enormous, serious	
尽きる	つきる	to be used up, to be run out, to be exhausted, to be consumed, to come to an end	
尽くす	つくす	to use up, to exhaust, to run out of	
尽力	じんりょく	efforts, exertion, endeavour, assistance, services	
腎臓	じんぞう	kidney	
迅速	じんそく	(very) quick, rapid, swift, speedy, prompt, expeditious	
陣営	じんえい	camp (supporters of a doctrine, party, etc.), faction (of a party)	
陣地	じんち	encampment, position	
陣中	じんちゅう	in camp, at the front	
陣痛	じんつう	labour pains, labor pains, birth pains, contractions	
陣容	じんよう	battle formation, battle array	
酢	す	vinegar	
酢の物	すのもの	vinegared dish, pickled dish	
酢酸	さくさん	acetic acid	
図	ず	drawing, picture, diagram, figure, illustration, chart, graph, map	
図解	ずかい	(explanatory) diagram, illustration	
図鑑	ずかん	pictorial book, picture book, illustrated reference book, identification manual, field guide	
図形	ずけい	figure, shape, graphic	
図示	ずし	showing by a diagram, illustrating, representing graphically	
図式	ずしき	diagram, graph, schema	
図書	としょ	books	
図書館	としょかん	library	
図書室	としょしつ	library (usu. single-room), small library	
図版	ずはん	plate, illustration, figure	
図表	ずひょう	chart, diagram, graph, figure	
図柄	ずがら	design, pattern	
図面	ずめん	drawing, diagram, plans, blueprint	
厨房	ちゅうぼう	kitchen, galley	
吹き込む	ふきこむ	to blow in (of wind, rain, etc.)	
吹き飛ぶ	ふきとぶ	to be blown off, to blow off, to blow away	
吹く	ふく	to blow (of the wind)	
吹雪	ふぶき	snow storm, blizzard	
垂らす	たらす	to dribble, to spill	
垂れ	たれ	sauce (esp. soy or mirin-based dipping sauce)	
垂れる	たれる	to hang, to droop, to dangle, to sag, to lower, to pull down	
垂直	すいちょく	vertical	
推す	おす	to recommend, to endorse (e.g. a candidate), to nominate, to support, to back	
推移	すいい	transition, change, progress, development, shift	
推計	すいけい	estimate, estimation	
推奨	すいしょう	recommendation, endorsement	
推進	すいしん	propulsion, drive	
推薦	すいせん	recommendation, referral, endorsement	
推測	すいそく	guess, conjecture	
推定	すいてい	presumption, assumption	
推理	すいり	reasoning, inference, deduction	
推量	すいりょう	guess, conjecture, supposition, inference	
推論	すいろん	inference, deduction, induction, reasoning	
推敲	すいこう	polishing (a piece of writing), improvement, revision, refinement	
水	みず	water (esp. cool or cold)	
水域	すいいき	waters, water area	
水稲	すいとう	wet-land rice	
水泳	すいえい	swimming	
水温	すいおん	water temperature	
水害	すいがい	water damage, flood disaster	
水割り	みずわり	cutting an alcoholic beverage (usu. whisky or shōchū), diluting an alcoholic beverage, cut drink, diluted drink, watered-down drink	
水気	みずけ	water content, moisture, juiciness, dampness	
水牛	すいぎゅう	water buffalo (Bubalus bubalis), domestic Asian water buffalo	
水玉	みずたま	drop of water	
水銀	すいぎん	mercury (Hg)	
水源	すいげん	source of river, fountainhead	
水彩画	すいさいが	watercolor painting, watercolour painting	
水際	みずぎわ	water's edge, waterside, shore	
水産業	すいさんぎょう	fisheries industry	
水産物	すいさんぶつ	marine products	
水死	すいし	death by drowning	
水車	すいしゃ	water wheel	
水準	すいじゅん	level, standard	
水晶	すいしょう	(rock) crystal, high purity quartz	
水上	すいじょう	on the water, aquatic	
水蒸気	すいじょうき	water vapour, water vapor, steam	
水色	みずいろ	light blue, pale blue, aqua	
水浸し	みずびたし	submersion, inundation, being flooded	
水星	すいせい	Mercury (planet)	
水仙	すいせん	daffodil (esp. Narcissus tazetta var. chinensis), narcissus	
水洗	すいせん	washing with water, rinsing, flushing	
水素	すいそ	hydrogen (H)	
水槽	すいそう	water tank, cistern	
水増し	みずまし	dilution, watering down	
水族館	すいぞくかん	aquarium (building)	
水着	みずぎ	bathing suit, swimsuit, swimmers	
水中	すいちゅう	underwater	
水滴	すいてき	drop of water	
水田	すいでん	(water-filled) paddy field	
水筒	すいとう	canteen, flask, water bottle, thermos	
水道	すいどう	water supply, water service, waterworks, tap water	
水分	すいぶん	water, liquid, fluid, moisture, humidity, sap, juice	
水平	すいへい	horizontal, level, even	
水平線	すいへいせん	horizon (related to bodies of water)	
水泡	すいほう	foam, bubble	
水墨画	すいぼくが	India-ink painting	
水面	すいめん	water's surface	
水揚げ	みずあげ	landing, unloading (e.g. a ship)	
水曜	すいよう	Wednesday	
水曜日	すいようび	Wednesday	
水溶性	すいようせい	water-soluble	
水力	すいりょく	hydraulic power, water power	
水路	すいろ	waterway, canal, channel, watercourse, aqueduct	
炊事	すいじ	cooking, kitchen work	
炊飯器	すいはんき	rice cooker	
睡眠	すいみん	sleep	
粋	いき	chic, smart, stylish, tasteful, refined, sophisticated	
衰える	おとろえる	to become weak, to decline, to wear, to abate, to decay, to wither, to waste away	
衰弱	すいじゃく	weakness, debility, breakdown, prostration	
衰退	すいたい	decline, degeneration, decay, waning, ebbing	
遂げる	とげる	to accomplish, to achieve, to carry out	
遂に	ついに	finally, in the end, at last	
遂行	すいこう	accomplishment, execution	
酔う	よう	to get drunk, to become intoxicated	
酔っ払い	よっぱらい	drunkard	
酔っ払う	よっぱらう	to get drunk	
随意	ずいい	voluntary, optional, free, elective	
随一	ずいいち	best, greatest, first	
随時	ずいじ	whenever necessary, as needed, as required, as occasion demands	
随所	ずいしょ	everywhere, all over the place, here and there, at every turn	
随筆	ずいひつ	essays, miscellaneous writings, literary jottings	
随分	ずいぶん	very, extremely, surprisingly, fairly, quite, considerably, awfully, terribly	
瑞々しい	みずみずしい	fresh and youthful, lively, vibrant, vivacious, juicy (e.g. fruit)	
崇高	すうこう	lofty, sublime, noble	
崇拝	すうはい	worship, adoration, admiration, cult	
数える	かぞえる	to count, to enumerate	
数億年	すうおくねん	several hundred million years	
数回	すうかい	several times, a few times	
数学	すうがく	mathematics	
数個	すうこ	several (objects, usu. from two to six)	
数字	すうじ	numeral, digit, numeric character	
数珠	じゅず	rosary, string of prayer beads	
数人	すうにん	several people, a few people	
数千	すうせん	thousands, several thousand	
数多く	かずおおく	in great numbers	
数値	すうち	numerical value	
数日	すうじつ	few days	
数年	すうねん	several years, a few years	
数百	すうひゃく	several hundred, hundreds (of)	
数量	すうりょう	quantity, volume, amount	
枢軸	すうじく	axle, pivot	
雛	ひよこ	young bird, chick, fledgling	
ひな祭り	ひなまつり	Hinamatsuri (March 3), Girls' Festival, Dolls' Festival	
据える	すえる	to place (in position), to fix, to set (e.g. table), to lay (foundation)	
据え付ける	すえつける	to install, to equip, to mount, to fix (in place), to set up	
杉	すぎ	Japanese cedar (Cryptomeria japonica)	
雀	すずめ	tree sparrow (Passer montanus)	
裾	すそ	hem, (trouser) cuff, shirttail, bottom (of a kimono), train (of a dress)	
すまし顔	すましがお	straight face, composed expression, nonchalant look	
澄ます	すます	to clear, to make clear	
澄み切る	すみきる	to be perfectly clear (water, air, etc.), to clear up	
澄む	すむ	to become clear (water, air, etc.), to become transparent	
寸暇	すんか	moment's leisure, free minute	
寸前	すんぜん	just before, on the verge of, on the brink of	
寸断	すんだん	cutting to pieces, tearing to pieces	
寸法	すんぽう	measurement, size, extent, dimension	
世の中	よのなか	society, the world, the times	
世界	せかい	the world, society, the universe	
世界一	せかいいち	best in the world	
世界大戦	せかいたいせん	world war	
世界的	せかいてき	worldwide, global, international, universal	
世間	せけん	world, society, people, the public	
世紀	せいき	century	
世紀末	せいきまつ	end of a century (esp. 19th), fin-de-siècle	
世襲	せしゅう	heredity, heritage	
世相	せそう	social conditions, phase of life, (sign of) the times, state of society	
世帯	せたい	household, home, family, housekeeping	
世代	せだい	generation	
世話	せわ	care, looking after, help, assistance, aid	
世話人	せわにん	sponsor, manager, caretaker	
瀬	せ	shallows, shoal	
瀬戸	せと	strait, channel	
瀬戸際	せとぎわ	brink, verge, critical moment, crucial moment	
瀬戸物	せともの	earthenware, porcelain, china, pottery, crockery	
畝	うね	ridge (in field), row of raised earth when planting crops	
畝る	うねる	to wind (of a road, river, etc.), to meander, to twist, to snake	
是正	ぜせい	correction, revision, redressing, rectifying	
是認	ぜにん	approval, approbation, endorsement	
是非	ぜひ	certainly, without fail	
凄い	すごい	terrible, dreadful	
制	せい	system, organization, organisation, imperial command, laws, regulation, control, government, suppression, restraint, holding back, establishment	
制する	せいする	to hold back (e.g. emotions), to rein in (e.g. a horse, unruly people), to bridle	
制圧	せいあつ	gaining total control (of people or counties), suppression, oppression, control, mastery, ascendancy, supremacy	
制球	せいきゅう	(pitcher's) control	
制限	せいげん	restriction, restraint, limitation, limit	
制裁	せいさい	sanctions, punishment	
制作	せいさく	work (film, book)	
制止	せいし	control, check, restraint, inhibition	
制定	せいてい	enactment, establishment, creation	
制度	せいど	system, institution, organization, organisation	
制覇	せいは	conquest, domination, supremacy, mastery	
制服	せいふく	uniform	
制約	せいやく	limitation, restriction, condition, constraints	
勢い	いきおい	force, vigor, vigour, energy, spirit, life	
勢ぞろい	せいぞろい	assembling (in full force), muster, lining up, gathering, getting together	
勢力	せいりょく	influence, power, might, strength, potency, force, energy	
姓	せい	surname, family name	
姓名	せいめい	(full) name, family name and given name	
征服	せいふく	conquest, subjugation	
性	せい	nature (of a person)	
性格	せいかく	character (of a person), personality, disposition, nature	
性急	せいきゅう	hasty, rash, rushed, hurried, impatient, impetuous, quick-tempered	
性教育	せいきょういく	sex education	
性交	せいこう	sexual intercourse, sex, coitus	
性向	せいこう	inclination, tendency, nature, character	
性行	せいこう	character and conduct	
性質	せいしつ	nature (of a person), disposition, temperament, character	
性的	せいてき	sexual (i.e. relating to biological sex)	
性能	せいのう	ability, performance, efficiency	
性病	せいびょう	sexually transmitted disease, STD, sexually transmitted infection, STI, venereal disease, VD	
性分	しょうぶん	nature, disposition	
性癖	せいへき	disposition, inclination, characteristic, idiosyncrasy, propensity	
性別	せいべつ	(distinction of) sex, gender	
性欲	せいよく	sexual desire, sex drive, lust	
成し遂げる	なしとげる	to accomplish, to achieve, to complete, to carry out, to carry through	
成り立つ	なりたつ	to consist of, to be made up of, to be composed of	
成る	なる	to become, to get, to grow, to turn, to reach, to attain	
成るべく	なるべく	as (much) as possible, as (much) as one can, wherever practicable, if possible	
成果	せいか	(good) result, outcome, fruits (of one's labors), product, accomplishment	
成金	なりきん	upstart, nouveau riche, new money, new rich, coming into wealth suddenly	
成功	せいこう	success, achievement	
成就	じょうじゅ	fulfillment, fulfilment, realization, realisation, completion	
成熟	せいじゅく	maturity, ripeness	
成人	せいじん	adult, grown-up	
成績	せいせき	results, record, grades, marks	
成層圏	せいそうけん	stratosphere	
成長	せいちょう	growth, development, growing up, becoming an adult	
成る程	なるほど	I see, that's right, indeed	
成年	せいねん	adult age, majority	
成分	せいぶん	ingredient, component, composition	
成立	せいりつ	formation, establishment, materialization, coming into existence	
政	まつりごと	rule, government, administration	
政界	せいかい	(world of) politics, political world, political circles	
政局	せいきょく	political situation	
政権	せいけん	(political) administration, political power	
政見	せいけん	political views	
政策	せいさく	political measures, policy	
政治	せいじ	politics, government	
政治家	せいじか	politician, statesman	
政治的	せいじてき	political	
政治力	せいじりょく	political strength	
政情	せいじょう	political situation, political affairs	
政敵	せいてき	political opponent	
政党	せいとう	political party	
政府	せいふ	government, administration, ministry	
政変	せいへん	political disturbance, political change, change of government, political upheaval, overthrowing of a government, coup d'état, coup, revolution	
政令	せいれい	government ordinance, cabinet order	
整える	ととのえる	to put in order, to arrange, to tidy up, to fix, to straighten	
整形外科	せいけいげか	orthopedic surgery, orthopaedic surgery, orthopedics, orthopaedics	
整合	せいごう	adjustment, coordination, integration, conformity	
整数	せいすう	integer	
整頓	せいとん	orderliness, put in order, tidying up, arranging neatly	
整備	せいび	maintenance, servicing	
整理	せいり	sorting, arrangement, organization, putting in order, adjustment, regulation	
整列	せいれつ	standing in a row, forming a line, alignment	
星	ほし	star (usu. excluding the Sun), planet (usu. excluding Earth), heavenly body	
星空	ほしぞら	starry sky	
星座	せいざ	constellation	
星条旗	せいじょうき	Stars and Stripes (US flag)	
星占い	ほしうらない	astrology, horoscope	
晴らす	はらす	to dispel, to clear away, to refresh (oneself)	
晴れ	はれ	clear weather, fine weather	
晴れる	はれる	to clear up, to clear away, to be sunny, to stop raining	
晴天	せいてん	fine weather (i.e. little or no clouds), fair weather, clear weather, clear sky, fair skies	
正	せい	(logical) true, regular	
正しい	ただしい	right, correct	
正す	ただす	to correct, to rectify, to reform, to amend, to redress	
正に	まさに	exactly, just, precisely, really, truly, surely, certainly, without doubt	
正解	せいかい	correct answer, right solution, correct interpretation	
正確	せいかく	accurate, correct, precise, exact	
正規	せいき	regular, normal, formal, legal, established, legitimate	
正義	せいぎ	justice, right, righteousness	
正教	せいきょう	orthodoxy, (Greek) orthodox church	
正月	しょうがつ	New Year (esp. first three days)	
正午	しょうご	noon, midday	
正式	せいしき	formal, official, regular, proper, legal, due (formalities)	
正常	せいじょう	normal, regular	
正常化	せいじょうか	normalization, normalisation	
正装	せいそう	full dress, formal dress, uniform	
正則	せいそく	correct, proper, formal, regular, systematic, normal	
正体	しょうたい	true character, true form, true colors, identity, truth (of a mystery, phenomenon, etc.), origin	
正直	しょうじき	honest, frank, candid, straightforward	
正当	せいとう	just, justifiable, right, due, proper, equitable, reasonable, legitimate, legal, lawful	
正当防衛	せいとうぼうえい	legitimate self-defence, legitimate self-defense	
正統	せいとう	legitimate, orthodox, traditional	
正反対	せいはんたい	exactly the opposite (of), completely opposite, quite contrary	
正方形	せいほうけい	square	
正味	しょうみ	net (amount), clear, full (e.g. working hours)	
正面	しょうめん	front, frontage, facade, main	
正面	まとも	the front	
正門	せいもん	main gate, main entrance	
正論	せいろん	sound argument, fair argument, just reasoning	
清い	きよい	clean, clear	
清らか	きよらか	clean, clear	
清潔	せいけつ	clean, hygienic, sanitary	
清算	せいさん	(financial) settlement, squaring accounts, clearing debts	
清酒	せいしゅ	refined sake	
清書	せいしょ	fair copy, clean copy	
清浄	せいじょう	pure, clean, purity	
清澄	せいちょう	clear, serene	
清掃	せいそう	cleaning, clean-up, garbage collection, scavenging	
清貧	せいひん	poverty without selfish desire, honourable poverty (honorable), being poor yet honest	
清流	せいりゅう	clear stream	
清涼	せいりょう	cool, refreshing	
清廉	せいれん	honest, upright, cleanhanded, unselfish	
生	なま	raw, uncooked, fresh	
生い立ち	おいたち	growth, development	
生える	はえる	to grow, to spring up, to sprout	
生き	いき	living, being alive	
生きる	いきる	to live, to exist	
生きがい	いきがい	reason for living, something one lives for, purpose in life, raison d'être, ikigai	
生き残る	いきのこる	to survive	
生き物	いきもの	living thing, living creature, animal, life	
生き返る	いきかえる	to revive, to come to oneself, to be restored to life	
生じる	しょうじる	to produce, to yield, to cause	
生ずる	しょうずる	to produce, to yield, to cause	
生まれる	うまれる	to be born	
生み出す	うみだす	to create, to bring forth, to produce	
生やす	はやす	to grow, to cultivate	
生まれつき	うまれつき	by nature, by birth, naturally, natural, innate	
生意気	なまいき	impertinent, saucy, cheeky, impudent, audacious, cocky, pert, brash	
生育	せいいく	birth and growth, giving birth and raising, development, breeding	
生ぬるい	なまぬるい	lukewarm, tepid	
生化学	せいかがく	biochemistry	
生家	せいか	house where one was born	
生涯	しょうがい	life, lifetime, career	
生涯教育	しょうがいきょういく	lifelong education, continuing education, further education	
生活	せいかつ	life, living	
生活費	せいかつひ	living expenses	
生協	せいきょう	co-op, (consumers') cooperative	
生計	せいけい	livelihood, living	
生後	せいご	post-natal, since birth	
生産	せいさん	production, manufacture	
生産者	せいさんしゃ	producer, grower, maker, manufacturer	
生産性	せいさんせい	productivity	
生死	せいし	life and death, life or death	
生糸	きいと	raw silk thread	
生臭い	なまぐさい	smelling of fish, fishy, smelling of blood, bloody	
生殖	せいしょく	reproduction	
生成	せいせい	creation, generation, formation, derivation	
生前	せいぜん	while alive, during one's lifetime	
生憎	あいにく	unfortunately, sorry, but ...	
生息	せいそく	inhabiting, living	
生存	せいぞん	existence, being, life, survival	
生体	せいたい	organism, living body	
生態	せいたい	ecology, life and habits (of an animal)	
生態学	せいたいがく	ecology	
生態系	せいたいけい	ecosystem	
生誕	せいたん	birth (esp. of a famous person), nativity	
生地	きじ	cloth, fabric, material, texture	
生中継	なまちゅうけい	live broadcast (radio, TV), live coverage	
生長	せいちょう	growth (of a plant)	
生徒	せいと	pupil, student, schoolchild	
生年月日	せいねんがっぴ	birth date, date of birth, DOB	
生物	せいぶつ	living thing, organism, creature, life	
生物学	せいぶつがく	biology	
生保	せいほ	life insurance	
生命	せいめい	life, existence	
生命保険	せいめいほけん	life insurance	
生理	せいり	physiology	
生姜	しょうが	ginger (Zingiber officinale)	
盛り	さかり	height (e.g. of summer), peak (e.g. of cherry blossom season), (in) season, full bloom, full swing (of a party, etc.)	
盛り込む	もりこむ	to incorporate, to include	
盛り上がり	もりあがり	climax, uprush	
盛り上がる	もりあがる	to swell, to rise, to bulge, to be piled up	
盛り上げる	もりあげる	to pile up, to heap up	
盛る	もる	to serve (in a bowl, on a plate, etc.), to dish out, to dish up, to fill (a bowl) with	
盛ん	さかん	prosperous, flourishing, thriving, successful	
盛況	せいきょう	success, prosperity, boom	
盛衰	せいすい	rise and fall, ups and downs, welfare, vicissitudes	
盛大	せいだい	grand, magnificent, lavish, large scale, prosperous, thriving, lively	
精	せい	spirit, sprite, nymph	
精一杯	せいいっぱい	the best one can do, one's best effort	
精鋭	せいえい	elite, best, pick, cream of the crop	
精液	せいえき	semen, seminal fluid, sperm	
精巧	せいこう	elaborate, delicate, exquisite	
精算	せいさん	exact calculation, squaring of accounts, adjustment	
精子	せいし	sperm, spermatozoon	
精神	せいしん	mind, spirit, soul, heart, ethos	
精神科	せいしんか	psychiatry, psychiatric department	
精神薄弱	せいしんはくじゃく	feeble-mindedness, intellectual disability	
精進	しょうじん	concentration, diligence, devotion	
精製	せいせい	refining, purification	
精選	せいせん	careful selection	
精通	せいつう	being well versed (in), being well acquainted (with), being familiar (with), having a thorough knowledge (of), being an authority (on)	
精度	せいど	precision, accuracy	
精米	せいまい	rice polishing, polished rice	
精密	せいみつ	precise, exact, detailed, accurate, minute, close	
精力	せいりょく	energy, vigor, vigour, vitality	
聖域	せいいき	sacred precincts, sanctuary, consecrated ground, holy ground	
聖書	せいしょ	Bible, the Scriptures, Holy Writ	
聖人	せいじん	saint	
聖戦	せいせん	holy war, crusade	
聖堂	せいどう	(Confucian) temple, church, sanctuary	
聖母	せいぼ	mother of a holy person	
声	こえ	voice	
声援	せいえん	(shout of) encouragement, cheering, rooting, support	
声楽	せいがく	vocal music	
声高	こわだか	loud (of a voice)	
声色	こわいろ	tone of voice	
声明	せいめい	declaration, statement, proclamation	
製	せい	make, manufacture, -made, made of ..., made in ...	
製鋼	せいこう	steel manufacture	
製作	せいさく	manufacture, production	
製図	せいず	drafting, drawing	
製造	せいぞう	manufacture, production	
製鉄	せいてつ	iron manufacture	
製糖	せいとう	sugar manufacture	
製品	せいひん	manufactured goods, finished goods, product	
製法	せいほう	manufacturing method, recipe, formula	
製薬	せいやく	medicine manufacture, drug manufacture	
西	にし	west	
西ドイツ	にしドイツ	West Germany (1949-1990), Federal Republic of Germany	
西瓜	すいか	watermelon (Citrullus lanatus)	
西欧	せいおう	Western Europe	
西口	にしぐち	west entrance, west exit	
西側	にしがわ	west side, west bank	
西南	せいなん	south-west	
西部	せいぶ	western part, the west (of a region)	
西風	にしかぜ	west wind	
西洋	せいよう	the West, the Occident, Western countries	
西洋人	せいようじん	Western person, Westerner	
西暦	せいれき	Common Era, CE, Christian Era, anno domini, AD	
誠に	まことに	indeed, really, absolutely, truly, actually, very, quite	
誠意	せいい	sincerity, good faith	
誠実	せいじつ	sincere, honest, faithful	
誓い	ちかい	oath, vow	
誓う	ちかう	to swear, to vow, to take an oath, to pledge	
誓約	せいやく	oath, vow, pledge, covenant	
請け負う	うけおう	to contract, to undertake	
請願	せいがん	petition	
請求	せいきゅう	claim, demand, charge, application, request, billing (for a service)	
請求書	せいきゅうしょ	bill, account, invoice	
逝去	せいきょ	death, passing	
青	あお	blue, azure	
青い	あおい	blue, azure	
青ざめる	あおざめる	to become pale, to turn pale	
青果	せいか	fruits and vegetables, produce	
青空	あおぞら	blue sky	
青酸	せいさん	hydrocyanic acid, prussic acid, hydrogen cyanide	
青春	せいしゅん	youth, adolescence, springtime of life	
青少年	せいしょうねん	young people, youth, the younger generation	
青色	あおいろ	blue	
青田買い	あおたがい	speculatively buying a rice harvest, while the fields are still green	
青銅	せいどう	bronze	
青年	せいねん	youth, young man	
青白い	あおじろい	pale, pallid	
静か	しずか	quiet, silent	
静けさ	しずけさ	stillness, silence, quiet, hush, calm, serenity	
静観	せいかん	watchful waiting, careful supervision	
静止	せいし	stillness, rest, being stationary, standing still, coming to a standstill	
静寂	せいじゃく	silence, stillness, quietness	
静粛	せいしゅく	silent	
静物	せいぶつ	still object, object at rest	
静脈	じょうみゃく	vein	
斉唱	せいしょう	singing in unison, chanting in unison	
税引き	ぜいびき	after (deduction of) tax, after-tax (income or profits), excluding tax (of a price)	
税額	ぜいがく	amount of tax	
税関	ぜいかん	customs, customs house	
税金	ぜいきん	tax, duty	
税収	ぜいしゅう	tax yields, revenue	
税制	ぜいせい	tax system	
税法	ぜいほう	taxation law	
税務	ぜいむ	taxation business	
税務署	ぜいむしょ	tax office	
税理士	ぜいりし	tax counsellor, tax counselor, licensed tax accountant	
税率	ぜいりつ	tariff	
脆い	もろい	brittle, fragile, weak, frail	
席	せき	seat	
席上	せきじょう	at the meeting, on the occasion	
惜しい	おしい	regrettable, disappointing, unfortunate	
惜しむ	おしむ	to spare, to grudge, to be sparing (with), to be frugal, to be stingy	
惜敗	せきはい	regrettable defeat, defeat by a narrow margin	
昔	むかし	the old days, the past, former times, a long time ago	
昔話	むかしばなし	old tale, folk tale, legend	
石	いし	stone, rock, pebble	
石	こく	koku, traditional unit of volume, approx. 180.4 litres	
石英	せきえい	quartz	
石灰	せっかい	lime, quicklime, caustic lime	
石垣	いしがき	stone wall	
石棺	せっかん	sarcophagus, stone coffin	
石橋	いしばし	stone bridge	
石鹸	せっけん	soap	
石室	せきしつ	stone hut, rock chamber	
石炭	せきたん	coal	
石段	いしだん	(flight of) stone steps, stone stairway	
石頭	いしあたま	obstinate person, stubbornness, pigheadedness	
石碑	せきひ	stone monument	
石仏	せきぶつ	stone Buddhist image	
石油	せきゆ	oil, petroleum	
積	せき	product	
積み込む	つみこむ	to load (with goods, cargo), to put on board, to stow aboard	
積み重ねる	つみかさねる	to pile up, to accumulate	
積立	つみたて	saving, savings, accumulation, putting aside, reserving	
積む	つむ	to pile up, to stack	
積もり	つもり	intention, plan, purpose, expectation	
積もる	つもる	to pile up, to accumulate	
積極	せっきょく	active, positive, progressive	
積極的	せっきょくてき	positive, assertive, active, proactive, aggressive	
積載	せきさい	loading, carrying	
積算	せきさん	addition, adding up	
積雪	せきせつ	fallen snow, snow cover	
積立金	つみたてきん	reserve (fund), deposit	
脊髄	せきずい	spinal cord	
責める	せめる	to condemn, to blame, to criticize, to criticise, to reproach, to accuse	
責任	せきにん	duty, responsibility (incl. supervision of staff)	
責任者	せきにんしゃ	person in charge (including a supervisory role for other staff), person responsible for ..., responsible party, supervisor, manager	
責務	せきむ	duty, obligation	
赤い	あかい	red, crimson, scarlet, vermilion	
赤ちゃん	あかちゃん	baby, infant	
赤ん坊	あかんぼう	baby, infant	
赤外線	せきがいせん	infrared rays, infrared radiation	
赤軍	せきぐん	Red Army (Soviet Union, 1918-1946), Workers' and Peasants' Red Army	
赤字	あかじ	(being in) the red, deficit	
赤道	せきどう	equator	
赤飯	せきはん	red rice (beans and mochi) for auspicious occasions	
赤面	せきめん	blushing, getting red in the face	
赤痢	せきり	dysentery	
跡	あと	trace, tracks, mark, sign	
跡継ぎ	あとつぎ	heir, inheritor	
切ない	せつない	painful, heartrending, trying	
切らす	きらす	to run out of, to be short of, to be out of stock	
切り	きり	end, finish, place to stop	
切りがない	きりがない	endless, boundless, innumerable	
切り口	きりくち	cut end, section, opening, slit	
切り崩す	きりくずす	to level (earth), to cut through (a mountain)	
切り離す	きりはなす	to cut off (from), to separate, to detach, to sever, to uncouple	
切る	きる	to cut, to cut through, to perform (surgery)	
切れ	きれ	piece, slice, strip, scrap	
切れる	きれる	to break, to snap, to be cut, to split, to crack	
切実	せつじつ	earnest, sincere, acute, keen, fervent	
切手	きって	stamp (postage)	
切断	せつだん	cutting, severance, section, amputation, disconnection	
切迫	せっぱく	pressure, urgency, tension, imminence, acuteness	
切符	きっぷ	ticket	
切腹	せっぷく	seppuku, harakiri, ritual suicide by disembowelment	
切望	せつぼう	earnest desire, eager hope, longing, yearning, hankering	
拙速	せっそく	rough-and-ready, knocked-up, hasty, slipshod, slapdash	
拙劣	せつれつ	clumsy, unskillful	
接する	せっする	to touch, to come in contact with, to border on, to adjoin, to be adjacent, to be close	
接近	せっきん	getting closer, drawing nearer, approaching	
接見	せっけん	(official) audience, interview, reception	
接種	せっしゅ	inoculation, vaccination	
接触	せっしょく	touch, contact, touching	
接戦	せっせん	close contest, close match, close game, close race	
接続	せつぞく	connection, attachment, union, join, joint, link	
接待	せったい	entertainment (of guests; esp. in the corporate world), treating (to food and drinks), wining and dining	
接着	せっちゃく	adhesion, glueing, gluing, bonding, binding, adhering, fastening	
接点	せってん	point of tangency, point of contact	
摂氏	せっし	Celsius, centigrade	
摂取	せっしゅ	intake (e.g. of salt), ingestion	
摂理	せつり	laws (of nature)	
折	おり	opportunity, chance, occasion, time	
折から	おりから	just then, at that time, at that moment	
折り合い	おりあい	agreement (e.g. business, dispute), understanding, compromise, settlement	
折りたたみ	おりたたみ	folding, collapsible, telescopic	
折り返し	おりかえし	by return, (call or write back) without delay	
折り返す	おりかえす	to turn up (hem, sleeves, etc.), to fold back (e.g. page)	
折る	おる	to break, to fracture, to break off, to snap off, to pick (e.g. flowers)	
折れる	おれる	to break, to be broken, to snap, to fracture	
折衝	せっしょう	negotiation	
折衷	せっちゅう	compromise, cross, blending, eclecticism	
折半	せっぱん	halving, splitting evenly, sharing equally	
設ける	もうける	to prepare, to provide	
設計	せっけい	plan, design, layout	
設置	せっち	establishment, institution	
設定	せってい	establishment, creation, posing (a problem), setting (movie, novel, etc.), scene	
設備	せつび	equipment, facilities, installation, accommodations, conveniences, arrangements	
設問	せつもん	posing a question	
設立	せつりつ	establishment, founding	
窃盗	せっとう	theft, stealing, larceny	
節	せつ	occasion, time	
節	ふし	joint, knuckle	
節減	せつげん	retrenchment, curtailment, economy	
節操	せっそう	integrity, fidelity, constancy, principle, faithfulness, honor, honour	
節度	せつど	moderation, standard	
節約	せつやく	economising, saving	
説	せつ	theory, doctrine	
説く	とく	to explain, to preach, to advocate	
説教	せっきょう	sermon, preaching, homily	
説得	せっとく	persuasion	
説得力	せっとくりょく	persuasiveness, powers of persuasion, cogency	
説明	せつめい	explanation, exposition, description, account, caption, legend	
説明書	せつめいしょ	(printed) instructions, manual, explanatory leaflet (pamphlet, note), description	
雪	ゆき	snow, snowfall	
雪解け	ゆきどけ	thawing of snow, thaw	
雪渓	せっけい	snowy valley	
雪国	ゆきぐに	snow country, snowy region	
雪辱	せつじょく	vindication of honour, vindication of honor, making up for loss, revenge	
雪崩	なだれ	avalanche, snowslide	
絶えず	たえず	constantly, always, continually, steadily	
絶える	たえる	to die out, to peter out, to become extinct	
絶え間なく	たえまなく	incessantly, without a pause	
絶やす	たやす	to exterminate, to eradicate, to wipe out, to put an end to	
絶縁	ぜつえん	breaking off relations (with), severing one's connections (with), breaking with (e.g. one's past)	
絶叫	ぜっきょう	scream, shriek, shout, exclamation	
絶句	ぜっく	being lost for words, becoming speechless	
絶交	ぜっこう	breaking off a relationship, permanent breach of friendship, rupture	
絶好	ぜっこう	best, ideal, perfect	
絶対	ぜったい	absolutely, definitely, unconditionally	
絶大	ぜつだい	tremendous, immense, enormous, colossal, stupendous, huge	
絶頂	ぜっちょう	top (of a mountain), summit	
絶望	ぜつぼう	despair, hopelessness	
絶妙	ぜつみょう	exquisite, superb, perfect, miraculous	
絶滅	ぜつめつ	extinction, extermination	
舌	した	tongue	
舌戦	ぜっせん	war of words	
舌打ち	したうち	clicking one's tongue, tut-tut	
蝉	せみ	cicada, locust	
仙人	せんにん	immortal mountain wizard (in Taoism), mountain man (esp. a hermit)	
先	さき	point, tip, end, nozzle	
先々	さきざき	distant future, inevitable future	
先ず	まず	first (of all), firstly, to begin with, before anything else	
先に	さきに	previously, before, earlier, formerly, recently	
先安	さきやす	lower future quotations	
先駆	せんく	forerunner, precursor, pioneer, leader	
先駆ける	さきがける	to do (something) before (something or someone else), to be ahead of (others, the times, etc.)	
先決	せんけつ	deciding first, settling (a matter) first, first priority	
先月	せんげつ	last month	
先見	せんけん	foresight, anticipation	
先遣	せんけん	sending ahead	
先行	せんこう	going ahead, going first	
先取	せんしゅ	earning the first (runs), preoccupation	
先取り	さきどり	receiving in advance (e.g. wages, interest), taking before others	
先手	せんて	moving first, person with the first move	
先週	せんしゅう	last week, the week before	
先進	せんしん	advanced, developed	
先進国	せんしんこく	developed country, advanced country	
先人	せんじん	predecessor, pioneer, ancestor	
先陣	せんじん	vanguard, advance guard	
先制	せんせい	head start, initiative, preemption	
先生	せんせい	teacher, instructor, master	
先祖	せんぞ	ancestor, forefather, foremother	
先代	せんだい	previous generation (of a family), previous head of the family, one's (late) father	
先だって	せんだって	the other day, some time ago, recently	
先端	せんたん	pointed end, tip, point, cusp (of a leaf, crescent moon, etc.), apex (of a curve)	
先着	せんちゃく	arriving first	
先ほど	さきほど	a short while ago, a moment ago, just now, some time ago	
先天的	せんてんてき	inborn, innate, inherent, congenital, hereditary	
先導	せんどう	guidance, leadership, leading the way	
先日	せんじつ	the other day, a few days ago	
先入観	せんにゅうかん	preconception, preconceived notion, prejudice	
先輩	せんぱい	senior (at work or school), superior, elder, older graduate, progenitor, old-timer	
先発	せんぱつ	starting in advance, starting first, going first, going ahead	
先般	せんぱん	some time ago, the other day	
先物	さきもの	futures, futures contract	
先方	せんぽう	other party, other side	
先例	せんれい	precedent	
千	せん	thousand, 1,000	
１０００円	せんえん	1000 yen	
千円札	せんえんさつ	1,000 yen bill	
千秋楽	せんしゅうらく	final day of a performance, closing date, final show	
千切る	ちぎる	to tear to pieces, to tear to shreds, to tear up	
千鳥	ちどり	plover	
千島	ちしま	Kurile Islands	
千里	せんり	1000 ri, (a) long distance	
占い	うらない	fortune-telling, divination	
占う	うらなう	to tell someone's fortune, to divine (the future)	
占める	しめる	to occupy, to hold	
占拠	せんきょ	occupation, taking and maintaining exclusive control (of a location)	
占有	せんゆう	possession, occupation, occupancy	
占領	せんりょう	occupying, having (an area) all to oneself	
宣教師	せんきょうし	missionary	
宣言	せんげん	declaration, proclamation, announcement	
宣告	せんこく	sentence, verdict, pronouncement	
宣誓	せんせい	oath, abjuration, pledge	
宣戦	せんせん	declaration of war	
宣伝	せんでん	publicity, advertisement, advertising, propaganda	
専ら	もっぱら	wholly, solely, entirely, exclusively, devotedly, fixedly	
専横	せんおう	arbitrariness, despotism, high-handedness, tyranny	
専業	せんぎょう	special occupation, principal occupation, specialty, monopoly	
専攻	せんこう	major subject, special study	
専修	せんしゅう	specialization, specialisation	
専制	せんせい	despotism, autocracy	
専属	せんぞく	exclusive, attached to, specialist	
専任	せんにん	full-time service	
専念	せんねん	absorption, giving undivided attention, devoting oneself (to)	
専売	せんばい	monopoly, monopolization, exclusive sales rights	
専務	せんむ	special duty, being in sole charge of a duty	
専門	せんもん	speciality, specialty, special subject of study, area of expertise, (one's) field, (one's) major	
専門家	せんもんか	specialist, expert, professional, authority, pundit	
専門的	せんもんてき	technical, specialist, professional, exclusive	
専門店	せんもんてん	specialist shop, shop specializing in a particular type of product	
尖る	とがる	to taper to a point, to become pointed, to become sharp	
川	かわ	river, stream	
川沿い	かわぞい	along the river, riverside	
川下	かわしも	downstream	
川岸	かわぎし	riverbank, riverside	
川上	かわかみ	upper reaches of a river, upstream	
川端	かわばた	riverside, riverbank	
川柳	せんりゅう	senryū, comic haiku, humorous seventeen-mora poem	
戦域	せんいき	war area, battlefield, theater, theatre	
戦火	せんか	wartime fire	
戦禍	せんか	war damage, ravages of war, horrors of war	
戦艦	せんかん	battleship	
戦国	せんごく	country in civil war, country disarrayed by war	
戦災	せんさい	war damage	
戦士	せんし	soldier, combatant, warrior	
戦死	せんし	death in battle	
戦時	せんじ	wartime	
戦車	せんしゃ	tank (military vehicle)	
戦術	せんじゅつ	tactics	
戦勝	せんしょう	winning a war, victory	
戦場	せんじょう	battlefield, battleground	
戦線	せんせん	(war) front	
戦前	せんぜん	pre-war days, before the war	
戦争	せんそう	war	
戦闘	せんとう	battle, fight, combat	
戦闘機	せんとうき	fighter (aircraft)	
戦犯	せんぱん	war criminal	
戦没	せんぼつ	death in battle, killed in action	
戦略	せんりゃく	strategy, tactics	
戦力	せんりょく	war potential, military strength, fighting power	
戦列	せんれつ	line of battle	
扇	おうぎ	folding fan	
扇子	せんす	folding fan	
扇動	せんどう	incitement, sedition, agitation, abetting	
扇風機	せんぷうき	electric fan	
栓抜き	せんぬき	bottle opener, corkscrew	
泉	いずみ	spring, fountain	
泉水	せんすい	garden pond, miniature lake	
浅い	あさい	shallow, superficial	
浅黒い	あさぐろい	dark (skin, complexion, etc.), swarthy, tanned	
浅瀬	あさせ	shoal, shallows, sand bar, ford	
洗う	あらう	to wash, to cleanse, to rinse	
洗剤	せんざい	detergent, cleanser, cleaning agent, washing material	
洗浄	せんじょう	washing, cleansing, cleaning, laundering	
洗濯	せんたく	washing, laundry	
洗濯機	せんたくき	washing machine, (clothes) washer	
洗濯物	せんたくもの	laundry, the washing	
洗脳	せんのう	brainwashing	
洗髪	せんぱつ	washing one's hair, having a shampoo	
洗面	せんめん	washing one's face	
洗面器	せんめんき	wash basin, wash bowl (incl. portable bowl in a public bath)	
洗面所	せんめんじょ	washroom, bathroom	
洗礼	せんれい	baptism, christening	
洗練	せんれん	refinement, polish	
染まる	そまる	to be dyed	
染み	しみ	stain, spot, smudge, blot, smear, blotch	
染みる	しみる	to pierce, to penetrate, to soak in, to permeate	
染める	そめる	to dye, to colour, to color	
染色	せんしょく	dyeing	
潜む	ひそむ	to lurk, to be hidden, to be concealed, to lie dormant, to be latent	
潜在	せんざい	potentiality, dormancy, latency	
潜水	せんすい	diving, submerging, going underwater	
潜水艦	せんすいかん	submarine	
潜入	せんにゅう	infiltration, sneaking in, going undercover	
潜伏	せんぷく	concealment, hiding, ambush	
炒る	いる	to roast, to parch, to toast, to boil down	
煎餅	せんべい	(Japanese) rice cracker, senbei	
煽る	あおる	to fan (oneself, flames, etc.)	
旋回	せんかい	revolution, rotation, turning, circling, swiveling	
旋風	せんぷう	whirlwind	
旋律	せんりつ	melody, tune	
線	せん	line, stripe, stria	
線香	せんこう	incense stick	
線量	せんりょう	dose (of radioactivity)	
線路	せんろ	railway track, railway line, railroad, railway, track, line	
繊維	せんい	fibre, fiber	
繊細	せんさい	dainty, delicate (e.g. fingers), fine, slim	
羨ましい	うらやましい	envious, jealous	
船員	せんいん	sailor, seaman, seafarer	
船室	せんしつ	stateroom, cabin	
船主	せんしゅ	shipowner	
船酔い	ふなよい	seasickness	
船長	せんちょう	ship's captain, skipper	
船舶	せんぱく	vessel, ship, shipping, seacraft	
船便	ふなびん	surface mail (by ship), sea mail	
船旅	ふなたび	trip by boat, sea trip, voyage, cruise	
選挙	せんきょ	election	
選挙権	せんきょけん	suffrage, right to vote	
選挙戦	せんきょせん	election campaign	
選考	せんこう	selection, choice, screening	
選手	せんしゅ	player (of a sport), athlete, team member	
選手権	せんしゅけん	championship, title (of champion)	
選出	せんしゅつ	election, selection, choice	
選択	せんたく	choice, selection, option	
選択科目	せんたくかもく	elective subject or course	
選択肢	せんたくし	choices, alternatives, options	
選定	せんてい	selection	
選任	せんにん	nomination (of a person to a position), selection, election, assignment, appointment	
選抜	せんばつ	selection, choice, picking out	
選別	せんべつ	selection, classification, sorting, screening, triage	
銭	せん	sen (hundredth of a yen)	
銭湯	せんとう	public bath, bathhouse	
銑鉄	せんてつ	pig iron	
閃く	ひらめく	to flash (e.g. lightning), to flicker, to glitter, to sparkle, to gleam	
鮮やか	あざやか	vivid, bright, brilliant, clear, fresh, vibrant	
鮮魚	せんぎょ	fresh fish	
鮮度	せんど	(degree of) freshness	
鮮明	せんめい	vivid, clear, distinct	
鮮烈	せんれつ	vivid, striking	
前	ぜん	last (i.e. immediately preceding), previous, ex-, former	
前	まえ	in front (of), before (e.g. a building)	
前衛	ぜんえい	advance guard, vanguard	
前回	ぜんかい	previous time, last time, previous installment, previous instalment, previous session	
前期	ぜんき	first term, first half-year, preceding period, early period	
前記	ぜんき	aforesaid, above-mentioned, said, above	
前後	ぜんご	front and rear, front and back, before and behind, back and forth	
前向き	まえむき	front-facing	
前者	ぜんしゃ	the former, the first	
前借り	まえがり	getting an advance (on one's salary)	
前週	ぜんしゅう	last week, the week before	
前書き	まえがき	preface, foreword, preamble	
前哨戦	ぜんしょうせん	(preliminary) skirmish	
前触れ	まえぶれ	advance warning, previous notice, prior announcement	
前身	ぜんしん	antecedents, ancestor, previous position, previous existence, predecessor organization, predecessor organisation	
前進	ぜんしん	advance, moving forward, progress	
前線	ぜんせん	(weather) front	
前代未聞	ぜんだいみもん	unheard-of, unprecedented, unparalleled in history (unparallelled), record-breaking	
前置き	まえおき	preface, introduction, preamble	
前庭	ぜんてい	front garden, front yard	
前提	ぜんてい	condition, assumption, prerequisite, hypothesis	
前途	ぜんと	future, prospects, outlook	
前頭	まえがしら	rank-and-file wrestlers in the highest division	
前日	ぜんじつ	previous day, day before, eve, prior day, preceding day	
前年	ぜんねん	the preceding year, the previous year, last year	
前年度	ぜんねんど	preceding fiscal year	
前髪	まえがみ	forelock, bangs	
前半戦	ぜんはんせん	first half of a game, first half of a match	
前部	ぜんぶ	front part, fore, front	
前文	ぜんぶん	the above sentence, the foregoing remark	
前方	ぜんぽう	ahead, forward, (in) front	
前面	ぜんめん	front part, frontage, facade	
前夜	ぜんや	last night, the previous night	
前夜祭	ぜんやさい	event held the night before another event, eve (of a festival) (e.g. Christmas Eve)	
前略	ぜんりゃく	dispensing with the preliminaries ...	
前例	ぜんれい	precedent	
前歴	ぜんれき	personal history	
善	ぜん	good, goodness, right, virtue	
善悪	ぜんあく	right and wrong, good and evil	
善意	ぜんい	virtuous mind	
善戦	ぜんせん	fighting a good fight, putting up a good fight, fighting bravely	
善良	ぜんりょう	good (person, nature, etc.), good-natured, virtuous, honest	
善隣	ぜんりん	good neighbour, good neighbor	
漸く	ようやく	finally, at last	
漸減	ぜんげん	gradual decrease, decline	
漸次	ぜんじ	gradually, slowly, little by little, incrementally	
漸進	ぜんしん	gradual progress, steady advance	
そう言う	そういう	such, like that, that sort of	
全	ぜん	all, whole, entire, complete, total, pan-	
真っ当	まっとう	proper, respectable, decent, honest	
全く	まったく	really, truly, entirely, completely, wholly, perfectly	
全域	ぜんいき	the whole area, the entire region, all parts (of)	
全員	ぜんいん	all members, all hands, everyone, everybody, whole crew	
全快	ぜんかい	complete recovery of health	
全額	ぜんがく	total, full amount, sum	
全曲	ぜんきょく	all compositions, the entire composition	
全権	ぜんけん	plenipotentiary powers, full authority	
全校	ぜんこう	the whole school	
全国的	ぜんこくてき	nationwide, countrywide, national, throughout the country	
全社	ぜんしゃ	the whole company	
全集	ぜんしゅう	complete works, complete collection, complete series	
全勝	ぜんしょう	complete victory	
全焼	ぜんしょう	total destruction by fire, being burned down	
全身	ぜんしん	whole (body), full-length (e.g. portrait)	
全人	ぜんじん	saint, person well-balanced morally and intellectually	
全世界	ぜんせかい	the whole world	
全盛	ぜんせい	height of prosperity	
全然	ぜんぜん	(not) at all, (not) in the slightest	
全速力	ぜんそくりょく	full speed	
全体	ぜんたい	whole, entirety	
全体主義	ぜんたいしゅぎ	totalitarianism	
全長	ぜんちょう	full length, total length, overall length	
全土	ぜんど	whole nation, whole land, whole country	
全日	ぜんじつ	all days	
全日制	ぜんにちせい	the full-day (school system)	
全廃	ぜんぱい	total abolition, full phase-out, total repeal	
全般	ぜんぱん	(the) whole	
全部	ぜんぶ	all, entire, whole, altogether	
全文	ぜんぶん	whole passage, full text, whole sentence, full paragraph	
全米	ぜんべい	all-America, pan-American, all of America	
全貌	ぜんぼう	full view, total picture, whole story, full particulars, all the details	
全滅	ぜんめつ	total destruction, complete destruction, annihilation, being wiped out	
全面	ぜんめん	whole surface, entire	
全面的	ぜんめんてき	total, complete, all-out, general, extensive, full-scale	
全訳	ぜんやく	complete translation	
全容	ぜんよう	full portrait, whole aspect, full story	
全量	ぜんりょう	the whole amount, entire amount, total amount, total quantity	
全力	ぜんりょく	all one's power (strength, energy, efforts), one's utmost	
禅	ぜん	dhyana (profound meditation)	
禅寺	ぜんでら	Zen temple	
禅宗	ぜんしゅう	Zen (Buddhism)	
禅僧	ぜんそう	Zen priest	
禅問答	ぜんもんどう	Zen dialogue, Zen questions and answers	
繕う	つくろう	to mend, to patch up, to repair, to fix, to darn	
膳	ぜん	small dining table (usu. for a single person), serving tray (with legs)	
措置	そち	measure, step, action	
狙い	ねらい	aim (of a gun, bow, etc.)	
狙う	ねらう	to aim at (with a weapon, etc.)	
疎か	おろそか	negligent, neglectful, careless, remiss	
疎ら	まばら	sparse, thin, scattered, straggling, sporadic	
疎遠	そえん	estrangement, alienation, neglecting to stay in contact	
疎開	そかい	evacuation (to the country)	
疎外	そがい	alienation, estrangement, leaving (someone) out, casting out, cutting off, avoiding, giving the cold shoulder	
疎通	そつう	(mutual) understanding, communication	
礎	いしずえ	foundation stone, cornerstone	
礎石	そせき	foundation stone, cornerstone	
祖国	そこく	homeland, motherland, fatherland, native country	
祖先	そせん	ancestor	
祖父	そふ	grandfather	
祖父母	そふぼ	grandparents	
祖母	そぼ	grandmother	
租界	そかい	(foreign) concession (in China), settlement	
租税	そぜい	taxes, taxation	
粗い	あらい	coarse, rough	
粗悪	そあく	coarse, crude, inferior	
粗筋	あらすじ	outline, summary, argument	
粗大	そだい	coarse, rough, bulky	
粗品	そしな	small present, trifling gift	
粗暴	そぼう	rough (behaviour, temperament, etc.), wild, rude, violent	
粗末	そまつ	crude, rough, plain, humble, shabby, poor-quality, low-quality	
粗野	そや	rustic, rude, vulgar, rough	
素顔	すがお	face with no make-up, unpainted face	
素材	そざい	ingredient, (raw) material, resource	
素子	そし	element (esp. component in electronics), elemental device, device	
素質	そしつ	makings (of), aptitude, talent, qualities	
素人	しろうと	amateur, layman, ordinary person, novice	
素晴らしい	すばらしい	wonderful, splendid, magnificent	
素早い	すばやい	quick, swift, nimble, agile	
素直	すなお	obedient, meek, docile, unaffected	
素敵	すてき	lovely, wonderful, charming, enchanting, nice, great, splendid, marvellous (marvelous), fantastic, superb	
素描	そびょう	drawing, sketch	
素朴	そぼく	simple, artless, naive, unsophisticated	
素粒子	そりゅうし	elementary particle, particle	
組	くみ	class (of students)	
組み合わせる	くみあわせる	to put together, to combine, to join together, to join up	
組み込む	くみこむ	to insert, to include, to incorporate, to install, to embed	
組み替え	くみかえ	rearrangement (of classes), recomposition, recombination, reclassification	
組み立てる	くみたてる	to assemble, to put together, to set up, to construct, to build, to compose (a story, poem, etc.)	
組む	くむ	to cross (legs or arms), to link (arms)	
組閣	そかく	formation of a cabinet	
組曲	くみきょく	suite	
組合	くみあい	association, union, guild	
組織	そしき	organization, organisation, formation	
組織的	そしきてき	systematic, organized, organizational	
組成	そせい	composition, constitution	
組長	くみちょう	boss (esp. yakuza), foreman	
訴え	うったえ	lawsuit, complaint	
訴える	うったえる	to raise, to bring to (someone's attention)	
訴訟	そしょう	lawsuit, suit, (legal) action, litigation	
訴状	そじょう	petition, complaint, (legal) brief	
訴追	そつい	prosecution, indictment	
阻む	はばむ	to keep someone from doing, to stop, to prevent, to check, to hinder, to obstruct, to oppose, to thwart	
阻害	そがい	obstruction, impediment, hindrance, inhibition, blocking, check	
阻止	そし	obstruction, prevention, hindrance, check, blocking, stopping	
遡る	さかのぼる	to go upstream, to go up (a river)	
鼠	ねずみ	mouse, rat	
僧	そう	monk, priest	
僧院	そういん	monastery, temple	
僧侶	そうりょ	priest, monk, bonze	
創意	そうい	original idea, originality	
創価学会	そうかがっかい	Soka Gakkai (lay organization based on Nichiren Buddhism)	
創刊	そうかん	foundation (of a newspaper, magazine, etc.), starting, launching, first publication	
創業	そうぎょう	establishment (of a business), founding	
創作	そうさく	creation, production, creative work (novel, film, etc.), original work, (creative) writing	
創始	そうし	creation, founding, initiating	
創設	そうせつ	establishment, founding, organization, organisation	
創造	そうぞう	creation	
創造的	そうぞうてき	creative	
創造力	そうぞうりょく	creative power, creativity	
創立	そうりつ	establishment, founding, organization, organisation	
双	そう	pair	
双眼鏡	そうがんきょう	binoculars, field glasses	
双子	ふたご	twins, twin	
双生児	そうせいじ	twins	
双方	そうほう	both parties, both sides	
倉庫	そうこ	storehouse, warehouse, godown	
倉敷	くらしき	Kurashiki (city)	
喪	も	mourning	
喪失	そうしつ	loss, forfeit	
喪主	もしゅ	chief mourner	
喪章	もしょう	mourning band, mourning ribbon	
喪服	もふく	mourning clothes, mourning attire, mourning dress	
壮行	そうこう	(rousing) send-off, farewell	
壮大	そうだい	magnificent, grand, majestic, splendid	
壮年	そうねん	prime of life	
壮烈	そうれつ	heroic, brave	
奏でる	かなでる	to play an instrument (esp. string instruments)	
奏者	そうしゃ	instrumentalist, player	
爽やか	さわやか	fresh, refreshing, invigorating, pleasant, delightful	
爽快	そうかい	refreshing, exhilarating, invigorating, bracing	
惣菜	そうざい	small dish (served as a part of an ordinary household meal), side dish	
想	そう	conception, idea, thought	
想像	そうぞう	imagination, supposition, guess	
想定	そうてい	hypothesis, supposition, assumption, expectation, anticipation	
捜査	そうさ	search (esp. in criminal investigations), investigation, inquiry, enquiry	
捜索	そうさく	search (esp. for someone or something missing), manhunt	
掃く	はく	to sweep, to brush, to clean	
掃海	そうかい	sweeping the sea for mines, dragging for mines	
掃除	そうじ	cleaning, sweeping, dusting, scrubbing	
掃討	そうとう	cleaning up (enemy remnants), sweeping clean (of opponents), mopping up	
挿入	そうにゅう	insertion, incorporation, infixing	
挿話	そうわ	episode, side story, story within a story, aside, anecdote	
かき氷	かきごおり	shaved ice (usually served with flavored simple syrup), Italian ice, snow cone, sno-cone	
掻く	かく	to scratch	
操	みさお	fidelity, honour, honor, constancy	
操る	あやつる	to operate (e.g. a machine), to handle, to manage, to control, to maneuver, to steer	
操業	そうぎょう	operation (of a machine, factory, fishing boat, etc.), work	
操作	そうさ	operation, management, handling	
操縦	そうじゅう	steering, piloting, flying, control, operation, handling	
早く	はやく	early, soon	
早まる	はやまる	to be brought forward (e.g. by three hours), to be moved up, to be advanced	
早引け	はやびけ	leaving work (office, school) early	
早期	そうき	early stage	
早起き	はやおき	early rising	
早口	はやくち	fast-talking, rapid talking	
早熟	そうじゅく	precocity, early ripening, premature development	
早瀬	はやせ	swift current, rapids	
早速	さっそく	at once, immediately, without delay, promptly	
早退	そうたい	leaving early	
早朝	そうちょう	early morning	
巣	す	nest, rookery, breeding place, hive	
巣立ち	すだち	leaving the nest	
槍	やり	spear, lance	
漕ぐ	こぐ	to row, to paddle, to scull, to pull (the oars)	
燥ぐ	はしゃぐ	to make merry, to frolic, to be in high spirits	
争い	あらそい	fight, dispute, feud, conflict, struggle, strife, discord, argument, quarrel, controversy	
争う	あらそう	to compete, to contest, to contend	
争議	そうぎ	dispute, quarrel, strike	
争奪	そうだつ	struggle (for), scramble, contest	
争点	そうてん	point at issue	
相違	そうい	difference, discrepancy, variation	
相応	そうおう	suitable, appropriate, befitting, becoming, adequate, reasonable, proper	
相応しい	ふさわしい	appropriate, adequate, suitable, fitting, worthy	
相関	そうかん	correlation, interrelation	
相互銀行	そうごぎんこう	mutual savings bank	
相殺	そうさい	offset, offsetting each other, cancelling each other out, counterbalancing	
相似	そうじ	resemblance, likeness, similitude	
相次ぐ	あいつぐ	to follow in succession, to happen one after another	
相手	あいて	companion, partner, company	
相手方	あいてかた	other party, opposite party, opposing team, one's opponent, one's adversary	
相乗	そうじょう	multiplication, synergism	
相場	そうば	market price	
相続	そうぞく	succession	
相対	あいたい	involving only the parties concerned, tete-a-tete	
相対	そうたい	relativity	
相対的	そうたいてき	relative	
相談	そうだん	consultation, discussion, discussing, asking (someone) for advice	
相槌	あいづち	aizuchi, backchanneling, interjections indicating that one is paying attention	
相当	そうとう	corresponding to (in meaning, function, etc.), being equivalent to	
相変わらず	あいかわらず	as usual, as always, as before, as ever, still	
相棒	あいぼう	partner, pal, accomplice	
相撲	すもう	sumo (wrestling)	
相撲取り	すもうとり	sumo wrestler, rikishi	
窓	まど	window	
窓口	まどぐち	counter, window, teller window, ticket window	
窓際	まどぎわ	at the window, by the window, next to the window	
総	そう	whole, total, gross, entire, overall, general (election, manager, etc.)	
総意	そうい	consensus, collective will, collective opinion	
総会	そうかい	general meeting	
総会屋	そうかいや	extortionist that threatens to disrupt stock-holder meetings, sokaiya	
総額	そうがく	total amount (of money), total sum, sum total	
総括	そうかつ	summarization, summary, generalization	
総監	そうかん	inspector general, commissioner	
総計	そうけい	total, sum total, total amount	
総決算	そうけっさん	complete financial statement	
総合的	そうごうてき	comprehensive, composite, all-round, all-embracing, general, overall, combined, synthetic (e.g. language)	
総裁	そうさい	president (of an organization), director general, governor (of a central bank), party leader (esp. LDP)	
総辞職	そうじしょく	mass resignation	
総帥	そうすい	commander-in-chief, leader, head of a group of companies	
総数	そうすう	total (number), count	
総勢	そうぜい	all members, whole army	
総選挙	そうせんきょ	general election (of the lower house)	
総体	そうたい	the whole, all	
総長	そうちょう	president (of a university), vice-chancellor, chancellor	
総統	そうとう	supreme ruler, generalissimo	
総督	そうとく	governor-general, governor, viceroy	
総評	そうひょう	general comment	
総務	そうむ	general affairs, general business, manager, director, adjutant general	
総理	そうり	prime minister (as the head of a cabinet government), premier	
総理大臣	そうりだいじん	prime minister (as the head of a cabinet government), premier	
総理府	そうりふ	Prime Minister's office, PMO	
総量	そうりょう	aggregate amount	
総領事	そうりょうじ	consul general	
総力	そうりょく	total energy, all efforts	
草	くさ	grass, weed, herb, thatch	
草の根	くさのね	roots of grass, places hidden from sight	
草案	そうあん	draft (for a speech, bill, etc.)	
草花	くさばな	flower, flowering plant	
草原	そうげん	grassy field, grassland, meadow	
草稿	そうこう	notes, draft, manuscript	
草書	そうしょ	highly cursive style (of writing Chinese characters), grass style	
草履	ぞうり	zori, traditional Japanese thonged sandals	
荘厳	そうごん	solemn, sublime, grand, magnificent, impressive	
葬る	ほうむる	to bury, to inter, to entomb	
葬儀	そうぎ	funeral, funeral service	
葬式	そうしき	funeral	
葬送	そうそう	attending a funeral procession, seeing off the deceased, burial of someone's remains, observing a burial	
葬列	そうれつ	funeral procession	
藻	も	algae, waterweed, seaweed, duckweed	
藻類	そうるい	seaweeds, algae, waterweeds	
装う	よそおう	to dress (oneself in), to attire oneself in, to adorn, to decorate	
装甲	そうこう	armoring, armouring, armor, armour	
装飾	そうしょく	ornament, decoration	
装置	そうち	equipment, device, installation, apparatus	
装着	そうちゃく	equipping, installing, fitting, mounting, putting on	
装備	そうび	equipment	
走り	はしり	running	
走り回る	はしりまわる	to run around	
走り高跳び	はしりたかとび	(running) high jump	
走り出す	はしりだす	to begin to run, to start running, to break into a run	
走り書き	はしりがき	scribbling, scrawl, hasty writing	
走り幅跳び	はしりはばとび	long jump	
走る	はしる	to run	
走行	そうこう	running (of a car, bus, etc.), traveling, travelling	
走者	そうしゃ	runner	
送り	おくり	seeing off, sending off	
送り仮名	おくりがな	kana written after a kanji to complete the full (usually kun) reading of the word, declensional kana ending	
送り込む	おくりこむ	to send in	
送り先	おくりさき	recipient, addressee	
送り返す	おくりかえす	to send back	
送る	おくる	to send, to dispatch, to forward, to transmit, to ship, to remit	
送還	そうかん	sending home, repatriation, deportation	
送金	そうきん	remittance, sending money, transferring money	
送迎	そうげい	seeing off and meeting on return	
送検	そうけん	committing a suspect to trial, referring a case to a public prosecutor	
送信	そうしん	transmission, sending	
送電	そうでん	transmission of electricity, electricity supply, power supply	
送付	そうふ	sending, forwarding, remitting	
送別	そうべつ	farewell, send-off	
送別会	そうべつかい	farewell party	
送料	そうりょう	postage, carriage, shipping charge	
遭遇	そうぐう	encounter, running into, meeting with (e.g. an accident), being confronted with (e.g. a difficulty)	
遭難	そうなん	(meeting with) disaster, (having an) accident, mishap, shipwreck, distress	
霜	しも	frost	
霜降り	しもふり	speckled with white, salt-and-pepper (pattern, fabric, etc.)	
騒がしい	さわがしい	noisy, boisterous	
騒ぎ	さわぎ	uproar, disturbance	
騒ぐ	さわぐ	to make noise, to make racket, to be noisy	
騒めく	ざわめく	to be noisy, to be astir, to rustle, to murmur	
騒音	そうおん	noise, din	
騒然	そうぜん	noisy, confused, uproarious	
騒動	そうどう	riot, rebellion, turmoil, strife	
騒乱	そうらん	disturbance, riot, mayhem	
像	ぞう	image, figure, statue, picture, portrait	
増す	ます	to increase, to grow	
増員	ぞういん	increasing the number of staff, hiring more people	
増加	ぞうか	increase, rise, growth, addition, increment	
増強	ぞうきょう	reinforcement, augmentation, strengthening, increase, buildup	
増減	ぞうげん	increase and decrease, fluctuation	
増刷	ぞうさつ	additional printing (esp. of books, etc.), additional run	
増産	ぞうさん	increase in production, production increase	
増資	ぞうし	increase of capital	
増収	ぞうしゅう	increase in yield	
増殖	ぞうしょく	increase, multiplication, propagation, proliferation	
増進	ぞうしん	promoting, increase, advance	
増税	ぞうぜい	tax increase	
増設	ぞうせつ	adding (equipment, facilities, etc.), establishing more, installing more, increase, extension, expansion	
増大	ぞうだい	enlargement, increase	
憎い	にくい	hateful, detestable, abominable, vexing, provoking	
憎しみ	にくしみ	hatred	
憎む	にくむ	to hate, to detest	
憎らしい	にくらしい	odious, hateful, detestable, horrible	
憎悪	ぞうお	hatred, abhorrence, loathing, detestation	
臓	ぞう	viscera, bowels	
臓器	ぞうき	internal organs, viscera	
蔵書	ぞうしょ	collection of books, (personal) library	
蔵相	ぞうしょう	Minister of Finance	
贈り主	おくりぬし	sender (of a present)	
贈る	おくる	to give (as a gift), to present	
贈収賄	ぞうしゅうわい	bribery, corruption	
贈呈	ぞうてい	presentation (of a gift, prize, etc.)	
贈答	ぞうとう	exchange of presents	
贈与	ぞうよ	donation, presentation	
贈賄	ぞうわい	giving a bribe, bribery	
造形	ぞうけい	molding, moulding, shaping, forming, modelling (i.e. plastic arts), modeling	
造語	ぞうご	coinage, invention of a new word	
造船	ぞうせん	shipbuilding	
促す	うながす	to urge, to encourage, to press, to prompt, to draw (attention to)	
促進	そくしん	promotion, acceleration, encouragement, facilitation, spurring on	
促成	そくせい	promotion of growth	
側	そば	(place) near by, (place) close by, (place) right next to, the side (of something), beside, vicinity, proximity, neighbourhood (neighborhood)	
側近	そっきん	close aide (of a powerful person), close associate, entourage, attendant, retainer	
側面	そくめん	side, flank, profile, sidelight, lateral	
即する	そくする	to conform to, to agree with, to be adapted to, to be based on	
即ち	すなわち	that is (to say), namely, i.e.	
即位	そくい	accession to the throne, enthronement	
即興	そっきょう	improvisation	
即効	そっこう	immediate effect, instant effect	
即刻	そっこく	immediately, at once, instantly	
即座	そくざ	immediate, right there on the spot, impromptu, instant, instantaneous	
即座に	そくざに	immediately, right away, on the spot	
即死	そくし	instant death	
即時	そくじ	prompt, immediate, in real time	
即席	そくせき	impromptu, improvised, extempore, ad-lib, off-the-cuff	
即日	そくじつ	(on) the same day	
即売	そくばい	selling on the spot	
息	いき	breath, breathing	
息子	むすこ	son	
息吹	いぶき	breath	
息切れ	いきぎれ	shortness of breath, panting, puffing	
束	たば	bundle, bunch, sheaf	
つかの間	つかのま	moment, brief space of time	
束縛	そくばく	restraint, restriction, fetters, yoke, shackles	
測候所	そっこうじょ	weather measurement station	
測定	そくてい	measurement	
測量	そくりょう	measurement, surveying	
足	あし	foot, paw, arm (of an octopus, squid, etc.)	
足し算	たしざん	addition	
足す	たす	to add (numbers)	
足りる	たりる	to be sufficient, to be enough	
足る	たる	to be sufficient, to be enough	
足音	あしおと	sound of footsteps	
足腰	あしこし	legs and loins, lower body	
足止め	あしどめ	preventing (someone) from leaving, confinement, keeping indoors, inducement to stay	
足取り	あしどり	gait, walk, stride, pace, step, manner of walking	
足首	あしくび	ankle	
足場	あしば	scaffold, scaffolding	
足早	あしばや	fast (walking), quick, brisk	
足袋	たび	tabi, traditional split-toe socks	
足踏み	あしぶみ	stepping (in place), stamping (up and down), stomping, marking time (for a soldier)	
足並み	あしなみ	pace, step	
早い	はやい	fast, quick, rapid, swift, speedy, brisk, prompt	
速さ	はやさ	speed, velocity, quickness, rapidity	
速やか	すみやか	quick, speedy, prompt, rapid, swift	
速記	そっき	shorthand, stenography	
速達	そくたつ	express, special delivery	
速度	そくど	speed, velocity, pace, rate	
速報	そくほう	news flash, prompt report, bulletin, quick announcement	
速力	そくりょく	speed	
俗	ぞく	layman (esp. as opposed to a Buddhist monk), laity, man of the world, the world	
俗語	ぞくご	colloquialism, colloquial language, slang	
属する	ぞくする	to belong to, to come under, to be affiliated with, to be subject to	
族	ぞく	tribe, clan, band, family	
続く	つづく	to continue, to last, to go on	
続ける	つづける	to continue, to keep up, to keep on	
続行	ぞっこう	continuation, continuance, going on, resuming	
続出	ぞくしゅつ	appearing one after another, cropping up one after another, occurring in succession	
続編	ぞくへん	continuation, sequel	
卒業	そつぎょう	graduation, completion (of a course)	
卒業後	そつぎょうご	after graduation	
卒業式	そつぎょうしき	graduation ceremony, commencement	
卒業生	そつぎょうせい	graduate, alumnus, alumna	
袖	そで	sleeve	
其の儘	そのまま	without change, as is	
其れでは	それでは	well, ..., right, ..., now, ...	
其れでも	それでも	but (still), and yet, nevertheless, even so, notwithstanding	
其れなら	それなら	if that's the case ..., if so ..., that being the case ...	
其処で	そこで	so, accordingly, now, then, thereupon, therefore	
揃う	そろう	to be complete, to be all present, to make a full set, to be satisfied (of conditions)	
揃える	そろえる	to collect, to gather, to get together, to complete (a collection)	
存じる	ぞんじる	to know, to be aware (of), to be acquainted (with)	
存在	そんざい	existence, being, presence	
存続	そんぞく	continuance, survival, persistence, retention, duration	
存分	ぞんぶん	to one's heart's content, as much as one likes, without reserve, freely, to the full	
孫	まご	grandchild	
孫娘	まごむすめ	granddaughter	
尊敬	そんけい	respect, esteem, reverence, honour, honor	
尊厳	そんげん	dignity, majesty, sanctity	
尊重	そんちょう	respect, esteem, regard	
尊称	そんしょう	honorific title	
損	そん	loss, damage, harm, unprofitable	
損ねる	そこねる	to harm, to hurt, to injure, to wreck	
損益	そんえき	profit and loss, advantage and disadvantage	
損害	そんがい	damage, injury, loss	
損害賠償	そんがいばいしょう	restitution, damages, indemnity, compensation	
損害保険	そんがいほけん	non-life insurance, general insurance, property and casualty insurance	
損失	そんしつ	loss (of assets, profit, etc.)	
損傷	そんしょう	damage, injury	
損得	そんとく	loss and gain, advantage and disadvantage	
村	むら	village	
村人	むらびと	villager	
村長	そんちょう	village headman, village mayor	
村民	そんみん	villager	
他国	たこく	foreign country, another country	
他殺	たさつ	murder	
他社	たしゃ	another company, other company	
他者	たしゃ	another person, others	
他派	たは	the other group	
他方	たほう	one (esp. of two), the other, one way, the other way, one direction, the other direction, one side, the other side, one party, the other party	
他面	ためん	other side, another side, different angle	
多	た	multi-	
多い	おおい	many, numerous, a lot	
多寡	たか	degree (of something), greatness or smallness (of something), quantity, number, amount, size	
多額	たがく	large (amount of money), huge, hefty, expensive	
多岐	たき	diverse, various, wide-ranging	
多元的	たげんてき	pluralistic, plural	
多彩	たさい	colourful, colorful, multicoloured, multicolored, varicoloured, varicolored	
多才	たさい	talented	
多湿	たしつ	high humidity	
多重	たじゅう	multiple, multiplex	
多少	たしょう	a little, some, somewhat, slightly, to some degree, to some extent	
多数	たすう	large number (of), many	
多数決	たすうけつ	majority decision, majority vote, majority rule	
多大	ただい	great (quantity, amount, etc.), huge, enormous, serious	
多難	たなん	full of troubles, difficulties	
多分	たぶん	probably, likely, perhaps, maybe	
多忙	たぼう	being very busy, busyness	
多面	ためん	many-sided, multifaceted	
多目的	たもくてき	multipurpose	
多様	たよう	diverse, various	
多様化	たようか	diversification	
多様性	たようせい	diversity, variety	
多用	たよう	busyness, a lot of things to do	
多量	たりょう	large quantity, large amount	
太い	ふとい	fat, thick	
太っ腹	ふとっぱら	generous, magnanimous, big-hearted, broad-minded, big-bellied	
太る	ふとる	to put on weight, to gain weight, to grow fat, to get stout	
太古	たいこ	ancient times, prehistoric times	
太もも	ふともも	thigh	
太鼓	たいこ	drum	
太字	ふとじ	boldface, bold-type, thick characters	
太刀	たち	long sword (as opposed to the shorter katana)	
太平洋	たいへいよう	Pacific Ocean	
太陽	たいよう	Sun	
唾	つば	saliva, spit, spittle	
堕胎	だたい	abortion, feticide	
堕落	だらく	depravity, corruption, degradation	
妥協	だきょう	compromise, giving in	
妥結	だけつ	settlement, an agreement	
妥当	だとう	valid, proper, right, appropriate, reasonable	
惰性	だせい	force of habit	
打ち込み	うちこみ	driving, pounding in, shooting into, implantation, invasion	
打ち出す	うちだす	to emboss	
打ち上げ	うちあげ	launch (of a rocket, satellite, etc.), lift-off, shooting off (fireworks), (fireworks) display	
打ち上げる	うちあげる	to launch, to shoot up, to hit (a ball) high	
打ち切る	うちきる	to stop, to abort, to discontinue, to close	
打つ	うつ	to hit, to strike, to knock, to beat, to punch, to slap, to tap, to bang, to clap, to pound	
打つ	ぶつ	to hit (someone), to strike, to beat	
打開	だかい	break in the deadlock	
打楽器	だがっき	percussion instrument	
打撃	だげき	blow, shock, strike, damage	
打算的	ださんてき	calculating, mercenary, selfish, self-interested	
打者	だしゃ	batter	
打診	だしん	percussion, tapping, examining by percussion	
打数	だすう	times at bat	
打線	だせん	batting line-up, batting order	
打倒	だとう	overthrow, defeat, bringing down, knockdown	
打破	だは	breaking down, defeating, abolishing	
打撲	だぼく	blow, hit (on the body), beating	
打率	だりつ	batting average	
舵	かじ	rudder, helm	
楕円	だえん	ellipse, oval	
駄菓子	だがし	penny candy, cheap individually wrapped sweets	
駄目	だめ	no good, not serving its purpose, useless, broken	
体	からだ	body	
体育	たいいく	physical education, PE, gym (class)	
体育館	たいいくかん	gymnasium	
体温	たいおん	body temperature	
体温計	たいおんけい	(clinical) thermometer	
体外受精	たいがいじゅせい	in vitro fertilization, in vitro fertilisation, IVF	
体格	たいかく	build, physique, frame, constitution	
体感	たいかん	bodily sensation, sense, experience	
体型	たいけい	figure, body shape, build, physique, form	
体系	たいけい	system, organization, organisation, architecture	
体験	たいけん	(practical) experience, personal experience, hands-on experience, first-hand experience	
体裁	ていさい	(outward) appearance	
体質	たいしつ	constitution (physical), physical make-up, predisposition (to disease), disposition, tendency	
体重	たいじゅう	(body) weight	
体制	たいせい	order, system, structure, set-up, organization, organisation	
体積	たいせき	capacity, volume	
体操	たいそう	gymnastics, physical exercises	
体調	たいちょう	physical condition, state of health, shape	
体長	たいちょう	length (of an animal), body length	
体得	たいとく	mastery, learning through experience, realization, realisation, comprehension	
体内	たいない	interior of the body	
体罰	たいばつ	corporal punishment	
体つき	からだつき	body build, figure	
体力	たいりょく	physical strength, power, stamina, endurance, vigor, resistance to disease	
堆積	たいせき	accumulation, pile, heap	
堆肥	たいひ	compost, manure	
対	たい	versus, against, vs., v.	
対	つい	pair, couple, set	
対案	たいあん	counter-proposal, counter-suggestion	
対応	たいおう	correspondence (to), equivalence	
対外	たいがい	external, foreign, with foreign countries, towards foreign countries	
対岸	たいがん	opposite shore	
対決	たいけつ	confrontation, showdown	
対向	たいこう	counter-, corresponding, face, opposite	
対抗	たいこう	opposition, rivalry, competition, antagonism	
対策	たいさく	measure, step, countermeasure, counterplan, countermove, strategy, preparation (e.g. for a test)	
対処	たいしょ	dealing with, coping with	
対照	たいしょう	contrast, antithesis, comparison	
対称	たいしょう	symmetry	
対象	たいしょう	target, object (of worship, study, etc.), subject (of taxation, etc.), coverage	
対戦	たいせん	fighting (against), taking on (an opponent), facing, confronting, competing (with), battle, fight, contest, match	
対談	たいだん	talk, dialogue, conversation	
対等	たいとう	equality (esp. of status), equal footing, equal terms	
対比	たいひ	contrast, comparison	
対面	たいめん	meeting face-to-face, seeing in person	
対立	たいりつ	confrontation, opposition, antagonism	
対話	たいわ	dialogue, conversation, talk, discussion, communication	
対峙	たいじ	standing facing each other (e.g. mountains, buildings), standing opposite each other	
耐火	たいか	fireproof	
耐久	たいきゅう	endurance, persistence	
耐熱	たいねつ	heat-resisting	
帯	おび	obi (kimono sash)	
帯	たい	band (e.g. conduction, valence), belt (e.g. Van-Allen, asteroid, etc.)	
帯びる	おびる	to wear (a sword, decoration, etc.), to carry, to bear	
待ち遠しい	まちどおしい	longed-for, anxiously awaited	
待ち兼ねる	まちかねる	to wait impatiently for	
待ち構える	まちかまえる	to lie in wait (for), to be on the watch (for), to wait (for), to watch (for)	
待ち合わせ	まちあわせ	appointment	
待ち合わせる	まちあわせる	to rendezvous, to meet at a prearranged place and time, to arrange to meet	
待ち受ける	まちうける	to await, to wait for, to expect	
待ち伏せ	まちぶせ	ambush, lying in wait for an ambush	
待ち望む	まちのぞむ	to wait eagerly for, to look forward to	
待つ	まつ	to wait	
待機	たいき	standing by, awaiting an opportunity, being on alert	
待遇	たいぐう	treatment, reception, service	
待合室	まちあいしつ	waiting room	
待望	たいぼう	waiting expectantly, waiting eagerly, looking forward to	
怠ける	なまける	to be lazy, to be idle, to slack	
怠け者	なまけもの	lazy person, lazy fellow, slothful person	
怠る	おこたる	to neglect, to be negligent in, to be neglectful of, to fail to do, to leave undone, to avoid (doing), to shirk, to be unmindful of	
怠惰	たいだ	lazy, idle, indolent, slothful	
怠慢	たいまん	negligence, neglect, carelessness, procrastination	
態と	わざと	on purpose, deliberately, intentionally	
態勢	たいせい	attitude, posture, preparedness, readiness	
態度	たいど	attitude, manner, behaviour, demeanour, bearing	
頂きます	いただきます	thank you (for the meal just served), I receive (this meal)	
替え	かえ	change, alteration	
替え玉	かえだま	stand-in, proxy, substitute, double, ringer	
滞在	たいざい	stay, sojourn	
滞納	たいのう	falling behind (with a payment), being in arrears, non-payment, default, delinquency	
胎児	たいじ	fetus, foetus, embryo, baby in the womb, unborn baby	
胎動	たいどう	fetal movement, movements of the fetus, quickening	
胎盤	たいばん	placenta	
苔	こけ	moss	
袋	ふくろ	bag, sack, pouch	
袋小路	ふくろこうじ	blind alley, cul-de-sac, dead end street	
貸し	かし	loan, lending, hire, rental, lease	
貸し出す	かしだす	to lend, to loan, to let out on hire	
貸付	かしつけ	loan	
貸す	かす	to lend, to loan	
貸家	かしや	house for rent	
貸借	たいしゃく	loan, debit and credit, lending and borrowing	
貸与	たいよ	loan, lending	
引き時	ひきどき	(good) time to quit, (right) time to withdraw, time to pull out, time to retire, time to leave	
退ける	のける	to put something out of the way, to move (something, someone) aside	
退院	たいいん	leaving hospital, discharge from hospital	
退学	たいがく	dropping out of school, withdrawal from school	
退官	たいかん	retirement from office	
退却	たいきゃく	retreat, withdrawal, retirement	
退去	たいきょ	departure, leaving, going away, evacuation	
退治	たいじ	extermination, elimination, eradication, destruction, suppression, subjugation, getting rid of, stamping out, wiping out, rooting out	
退社	たいしゃ	resignation, leaving office	
退職	たいしょく	retirement, resignation	
退陣	たいじん	resignation, stepping down, retirement	
退任	たいにん	retirement, resignation, stepping down	
退避	たいひ	taking refuge, evacuation	
逮捕	たいほ	arrest, apprehension, capture	
隊員	たいいん	troops, group members, team members	
隊長	たいちょう	commanding officer	
鯛	タイ	sea bream (esp. Pagrus major), porgy	
代官	だいかん	local governor (Edo period), local magistrate, bailiff	
代議	だいぎ	representing others in a conference	
代議士	だいぎし	parliamentarian, member of a congress	
代金	だいきん	price, cost, charge, payment, bill, fee	
代行	だいこう	acting as agent, acting on (someone's) behalf, executing business for	
代謝	たいしゃ	metabolism	
代償	だいしょう	compensation, reparation, indemnification	
代人	だいにん	substitute, deputy, proxy, representative, agent	
代打	だいだ	pinch-hitting, pinch hitter	
代表	だいひょう	representation, representative, delegate, delegation	
代表作	だいひょうさく	most important work (of a writer, artist, etc.), representative work, masterpiece, magnum opus, major work	
代表的	だいひょうてき	representative, exemplary, model	
代弁	だいべん	speaking by proxy, speaking for (someone else), acting as spokesman (for), representing (the views, feelings, etc. of)	
代名詞	だいめいし	pronoun	
代役	だいやく	substitute (actor), stand-in, fill-in, understudy, double	
代用	だいよう	substitution	
代理	だいり	representation, agency, proxy	
代理人	だいりにん	proxy, agent, substitute, deputy, alternate, representative, attorney	
代理店	だいりてん	agency, agent	
台	だい	stand, rest, base, pedestal, platform, table, holder, support, rack	
台車	だいしゃ	platform truck, hand truck, trolley, dolly, cart	
台所	だいどころ	kitchen	
台地	だいち	plateau, tableland, eminence	
台帳	だいちょう	account book, ledger, register	
台頭	たいとう	rise (e.g. of a movement), emergence, rearing one's head, gaining prominence, coming to the fore, gaining power, gathering strength	
台本	だいほん	script, libretto, scenario	
台無し	だいなし	spoiled, spoilt, ruined, wasted (chance, etc.), messed up, destroyed, (coming to) nothing	
台湾	たいわん	Taiwan	
大々的	だいだいてき	great, grand, extensive, large-scale	
大いに	おおいに	very, very much, greatly, considerably, highly, exceedingly, a great deal, a lot, to one's heart's content	
大きな	おおきな	big, large, great	
大きさ	おおきさ	size, dimensions, volume	
大雑把	おおざっぱ	rough (estimate, summary, etc.), broad, general, sweeping, loose	
大した	たいした	considerable, great, important, significant, a big deal	
大して	たいして	(not) very, (not) so, (not) very much, (not) particularly, (not) especially	
大まか	おおまか	rough (estimate, outline, etc.), broad, general, loose	
大尉	たいい	captain (Army, US Marine Corps, USAF), lieutenant (Navy), flight lieutenant (RAF, RAAF, RNZAF, etc.)	
大宇宙	だいうちゅう	macrocosmos, macrocosm, the universe, the cosmos	
大雨	おおあめ	heavy rain, torrential rainfall, downpour	
大家	おおや	landlord, landlady	
大家	たいか	master, expert, authority, leading figure	
大家族	だいかぞく	large family	
大火	たいか	large fire	
大会	たいかい	mass meeting, convention, rally, conference, assembly, gathering	
大晦日	おおみそか	New Year's Eve	
大海	たいかい	ocean, large sea	
大概	たいがい	generally, mainly, usually, normally, mostly, for the most part	
大学	だいがく	university, college	
大学院	だいがくいん	graduate school	
大学生	だいがくせい	university student, college student	
大掛かり	おおがかり	large-scale	
大企業	だいきぎょう	large company, large enterprise, large corporation	
大喜び	おおよろこび	great joy, delight, jubilation	
大気	たいき	atmosphere, air	
大規模	だいきぼ	large-scale	
大義名分	たいぎめいぶん	just cause, good reason, pretext, justification	
大急ぎ	おおいそぎ	great hurry, great haste, rush	
大筋	おおすじ	outline, summary, gist, basic points	
大金	たいきん	large amount of money, great cost	
大空	おおぞら	wide open sky, the blue, heavens, firmament	
大型	おおがた	large, large-sized, large-scale, big	
大嫌い	だいきらい	hating, strongly disliking	
大好き	だいすき	liking very much, loving (something or someone), adoring, being very fond of	
大工	だいく	carpenter	
大国	たいこく	large country, major nation, great power	
大黒柱	だいこくばしら	central pillar (of a building)	
大根	だいこん	daikon (variety of large white Oriental radish, Raphanus sativus var. longipinnatus)	
大佐	たいさ	colonel, (navy) captain	
大差	たいさ	great difference, big difference, wide margin	
大作	たいさく	large-scale work, voluminous work	
大使	たいし	ambassador	
大使館	たいしかん	embassy	
大枝	おおえだ	large branch, bough	
大事	だいじ	important, serious, crucial	
大社	たいしゃ	grand shrine, famous shrine	
大手	おおて	major company, big company	
大衆	たいしゅう	general public, the masses	
大衆文学	たいしゅうぶんがく	popular literature	
大勝	たいしょう	great victory, decisive victory, overwhelming victory, landslide victory	
大小	だいしょう	size	
大笑い	おおわらい	great laughter, burst of laughter	
大賞	たいしょう	big prize, first prize	
大丈夫	だいじょうぶ	safe, secure, sound, problem-free, without fear, all right, alright, OK, okay	
大臣	だいじん	cabinet minister	
大人	おとな	adult, grown-up	
大人しい	おとなしい	gentle, quiet, mild, meek, obedient, docile, well-behaved, tame	
大人っぽい	おとなっぽい	grown-up (manner, etc.), mature, adult	
大水	おおみず	flood	
大勢	おおぜい	crowd of people, great number of people	
大勢	たいせい	general situation, general trend, general tendency, way things are moving, current (of the times), tide (e.g. of public opinion)	
大成功	だいせいこう	great success, huge success	
大正	たいしょう	Taishō era (1912.7.30-1926.12.25), Taisho era	
大盛り	おおもり	large serving, large portion	
大声	おおごえ	loud voice	
大西洋	たいせいよう	Atlantic Ocean	
大昔	おおむかし	ancient times, prehistoric times, the distant past, a very long time ago	
大切	たいせつ	important, significant, serious, crucial	
大雪	おおゆき	heavy snow, heavy snowfall	
大戦	たいせん	great war, great battle	
大層	たいそう	very, extremely, exceedingly, greatly, terribly	
大掃除	おおそうじ	major cleanup, spring cleaning	
大相撲	おおずもう	professional sumo wrestling	
大騒ぎ	おおさわぎ	clamour, clamor, uproar, tumult, furore, furor	
大蔵	おおくら	Ministry of Finance	
大蔵省	おおくらしょう	Ministry of Finance (1869-2001)	
大多数	だいたすう	great majority	
大体	だいたい	generally, on the whole, mostly, almost, nearly, approximately, roughly, about	
大隊	だいたい	battalion	
大胆	だいたん	bold, daring, audacious	
大男	おおおとこ	big man, large man, tall man, giant	
大地	だいち	earth, ground, the solid earth, the (vast) land	
大腸	だいちょう	large intestine, large bowel, colon	
大通り	おおどおり	main street, avenue, boulevard	
大抵	たいてい	mostly, ordinarily, usually, generally	
大都市	だいとし	metropolis, large city	
大統領	だいとうりょう	president (of a country)	
大豆	だいず	soya bean (Glycine max), soybean, soy	
大脳	だいのう	cerebrum	
大麦	おおむぎ	barley (Hordeum vulgare)	
大半	たいはん	majority, more than half, most (of)	
大部分	だいぶぶん	most part, greater part, majority	
大幅	おおはば	big, large, drastic, substantial	
大仏	だいぶつ	large statue of Buddha (trad. at least 4.8m high)	
大物	おおもの	important person, influential figure, big shot, big name, bigwig, heavyweight	
大分	だいぶ	considerably, greatly, a lot	
大文字	おおもじ	uppercase letter, capital letter	
大別	たいべつ	general classification, broad categorization	
大変	たいへん	very, greatly, terribly, awfully	
大便	だいべん	feces, faeces, excrement, stool	
大方	おおかた	large part, greater part, majority	
大砲	たいほう	(large) gun, cannon, artillery	
大麻	たいま	hemp	
大名	だいみょう	daimyo (Japanese feudal lord)	
大木	たいぼく	large tree	
大理石	だいりせき	marble	
大陸	たいりく	continent	
大陸棚	たいりくだな	continental shelf	
大粒	おおつぶ	large drop (of rain, sweat, tears, etc.), large grain-like object (e.g. grape, cherry)	
大量	たいりょう	large quantity, massive (quantity), mass (e.g. mass production, mass transit, mass destruction)	
第	だい	prefix for forming ordinal numbers	
第一	だいいち	first, foremost, number one	
第一人者	だいいちにんしゃ	leading person, foremost figure	
第一歩	だいいっぽ	first step	
第三者	だいさんしゃ	third party, third person, outsider, disinterested person	
第二	だいに	second	
題	だい	title, subject, theme, topic	
題材	だいざい	subject, theme	
題名	だいめい	title, caption, heading	
鷹	たか	hawk, falcon	
滝	たき	waterfall	
滝口	たきぐち	top of a waterfall	
滝川	たきがわ	rapids	
卓	たく	table, desk	
卓越	たくえつ	preeminence, excellence, superiority, transcendence	
卓球	たっきゅう	table tennis, ping-pong	
卓上	たくじょう	desktop, desk-top, tabletop	
宅	たく	house, home	
宅急便	たっきゅうびん	TA-Q-BIN (express home delivery service provided by Yamato Transport)	
宅地	たくち	building lot, residential land	
宅配	たくはい	home delivery	
宅配便	たくはいびん	express home delivery service	
択一	たくいつ	choosing one from among several, multiple choice	
拓殖	たくしょく	colonization, colonisation, development, settlement, exploitation	
拓本	たくほん	rubbing, rubbed copy	
沢	さわ	mountain stream, valley, dale	
沢山	たくさん	a lot, lots, plenty, many, a large number, much, a great deal, a good deal	
託児所	たくじしょ	creche, day nursery, day-care center	
託宣	たくせん	oracle, revelation, divine message	
濁す	にごす	to make muddy (of a liquid), to make cloudy, to make turbid, to roil	
濁る	にごる	to become muddy, to become cloudy, to become turbid, to become impure (of a liquid or gas)	
濁流	だくりゅう	muddy stream	
諾否	だくひ	consent or refusal, yes or no, decision to accept or decline, up or down (vote), assent or dissent, accept or reject	
茸	きのこ	mushroom	
叩き	たたき	finely chopped fish or meat (sometimes seared first), mince	
叩く	たたく	to strike, to hit, to beat, to knock, to pound, to bang, to slap, to spank, to tap, to pat, to clap (one's hands), to play (the drums)	
但し	ただし	but, however, provided that	
達	たち	pluralizing suffix (esp. for people and animals; formerly honorific)	
達する	たっする	to reach, to get to, to arrive at	
達者	たっしゃ	in good health, healthy, well, fit, robust, strong	
達人	たつじん	master, expert	
達成	たっせい	achievement, attainment, accomplishment, realization	
達磨	だるま	daruma, tumbling doll, round, red-painted good-luck doll in the shape of Bodhidharma, with a blank eye to be completed when a person's wish is granted	
辰	たつ	the Dragon (fifth sign of the Chinese zodiac)	
奪う	うばう	to take (by force), to take away, to snatch, to steal, to rob (someone) of, to dispossess of, to deprive of, to usurp	
奪回	だっかい	recovery, rescue, recapture	
奪還	だっかん	recapture, retaking, recovery, taking back	
奪取	だっしゅ	usurpation, taking back, dispossession	
脱ぐ	ぬぐ	to take off (clothes, shoes, etc.), to undress	
脱する	だっする	to escape from, to get out	
脱却	だっきゃく	ridding oneself, freeing oneself of, growing out of, overcoming, outgrowing	
脱出	だっしゅつ	escape, getting away (from), getting out (of)	
脱水	だっすい	dehydration (removal of water), desiccation, evaporation	
脱税	だつぜい	tax evasion	
脱線	だっせん	derailment	
脱退	だったい	withdrawal (e.g. from an organization), secession, leaving, pulling out	
脱皮	だっぴ	ecdysis, shedding (of skin), sloughing, molting, moulting, casting off	
脱落	だつらく	dropping out, falling behind, falling by the wayside, desertion	
たどり着く	たどりつく	to (finally) arrive at, to reach (at last), to (manage to) get to, to find one's way to	
辿る	たどる	to follow (a road, path, etc.), to trace	
棚	たな	shelf, ledge, rack	
棚上げ	たなあげ	shelving (a matter, plan, etc.), pigeonholing, tabling, putting aside, putting on hold	
谷間	たにま	valley, ravine, gorge, chasm	
谷川	たにがわ	mountain stream	
谷底	たにぞこ	valley floor, bottom of a gorge, bottom of a ravine	
狸	たぬき	tanuki (Nyctereutes procyonoides), raccoon dog	
誰	だれ	who	
誰か	だれか	someone, somebody	
誰でも	だれでも	anyone, anybody, everyone, everybody, whoever	
誰も	だれも	everyone, anyone	
丹精	たんせい	working earnestly, sincerity, diligence, effort, pains	
丹念	たんねん	painstaking, careful, meticulous, scrupulous, detailed, elaborate	
単なる	たんなる	mere, simple, sheer	
単に	たんに	simply, merely, only, solely	
単位	たんい	unit (e.g. meters, grams, etc.), denomination	
単一	たんいつ	single, simple, sole, individual, unitary	
単価	たんか	unit price, unit cost	
単語	たんご	word, vocabulary	
単行本	たんこうぼん	standalone book (i.e. not part of an anthology, series, etc.), (book published as a) single volume	
単純	たんじゅん	simple, plain, uncomplicated, straightforward, simple-minded, naive	
単身	たんしん	alone, by oneself, unaccompanied, unaided, single-handed, without one's family	
単身赴任	たんしんふにん	(intra-company) job transfer away from one's family, unaccompanied posting	
単数	たんすう	single, one	
単調	たんちょう	monotony, monotone, dullness	
単独	たんどく	sole, single, solo	
嘆かわしい	なげかわしい	lamentable, deplorable, regrettable, sad, wretched	
嘆き	なげき	grief, lamentation	
嘆く	なげく	to lament, to grieve, to regret	
嘆願	たんがん	entreaty, appeal, petition	
嘆息	たんそく	sigh (of grief, disappointment, etc.), grieving, lamenting, deploring	
担ぐ	かつぐ	to shoulder, to carry on one's shoulder	
担架	たんか	stretcher, litter, gurney	
担当	たんとう	being in charge (of an area of responsibility), being responsible (for a work role, etc.)	
担当者	たんとうしゃ	person in charge (of an area of work, etc.), person responsible, contact (person)	
担任	たんにん	being in charge of (esp. a class or subject), taking charge of	
担保	たんぽ	security, guarantee, collateral, mortgage	
探る	さぐる	to feel around for, to fumble for, to grope for, to search for, to look for	
探求	たんきゅう	search, quest, pursuit	
探究	たんきゅう	research, investigation, enquiry, inquiry, study	
探検隊	たんけんたい	exploration party, expedition team	
探査	たんさ	probe, inquiry, enquiry, investigation	
探索	たんさく	search, lookup, hunt, (item of) research, exploration, investigation	
探知	たんち	detection	
探偵	たんてい	detective, investigator, sleuth	
探訪	たんぼう	searching, hunting for news story, journalist	
旦那	だんな	master (of a house, shop, etc.)	
淡い	あわい	light, faint, pale, fleeting	
淡水	たんすい	fresh water (i.e. not salt water)	
炭	すみ	charcoal	
炭酸	たんさん	carbonic acid	
炭素	たんそ	carbon (C)	
短い	みじかい	short	
短歌	たんか	tanka, 31-mora Japanese poem	
短期	たんき	short-term	
短期大学	たんきだいがく	junior college, vocationally oriented post-secondary institution offering two or three-year programs	
短気	たんき	short temper, quick temper, hot temper, impatience, irritability	
短距離	たんきょり	short distance, short range, short-haul	
短冊	たんざく	tanzaku, long, narrow strip of paper on which Japanese poems are written (vertically)	
短時間	たんじかん	short time	
短銃	たんじゅう	pistol	
短縮	たんしゅく	shortening, contraction, reduction, curtailment, abbreviation	
短所	たんしょ	defect, demerit, weak point, disadvantage	
短大	たんだい	junior college, vocationally oriented post-secondary institution offering two or three-year programs	
短調	たんちょう	minor key	
短刀	たんとう	short sword, knife, dagger, dirk, tantō	
短波	たんぱ	short wave	
短命	たんめい	short life, short lived	
短絡	たんらく	short circuit, short	
端緒	たんしょ	start, beginning, first step, clue	
端的	たんてき	frank, direct, plain, straightforward, point-blank, concise	
端末	たんまつ	terminal, computer terminal	
箪笥	たんす	chest of drawers, bureau, cabinet, tansu, dresser	
綻びる	ほころびる	to come apart at the seams, to be ripped, to be torn	
耽る	ふける	to indulge in, to give oneself up to, to be obsessed by	
胆石	たんせき	gallstone	
タンパク質	たんぱくしつ	protein	
誕生	たんじょう	birth (of a person), nativity	
誕生日	たんじょうび	birthday	
鍛える	きたえる	to forge, to temper	
鍛錬	たんれん	tempering (metal), annealing, forging	
団員	だんいん	group member	
団栗	どんぐり	acorn	
団結	だんけつ	unity, union, solidarity, combination, banding together, teaming up	
団扇	うちわ	uchiwa, type of traditional Japanese handheld fan	
団体	だんたい	group, party, team	
団地	だんち	multi-unit apartments, apartment complex	
団長	だんちょう	leader of a delegation (body, party)	
壇	だん	platform, podium, rostrum, pulpit	
弾く	はじく	to flip, to snap, to flick	
弾く	ひく	to play (a stringed or keyboard instrument)	
弾み	はずみ	bounce, spring, rebound	
弾む	はずむ	to spring, to bound, to bounce	
弾圧	だんあつ	oppression, suppression, pressure	
弾劾	だんがい	impeachment	
弾丸	だんがん	bullet, shot, shell	
弾頭	だんとう	warhead	
弾道	だんどう	trajectory, line of fire	
弾薬	だんやく	ammunition, ammo	
弾力	だんりょく	elasticity, flexibility	
断じて	だんじて	absolutely, positively, decidedly	
断る	ことわる	to refuse, to reject, to dismiss, to turn down, to decline	
断言	だんげん	assertion, declaration, affirmation	
断固	だんこ	firm, determined, resolute, conclusive	
断行	だんこう	decisive action, carrying out, resolute enforcement, execution	
断食	だんじき	fasting, fast	
断水	だんすい	suspension of water supply, water outage	
断絶	だんぜつ	extinction (e.g. of a family), dying out, discontinuation	
断然	だんぜん	firmly, flatly, resolutely, decisively, absolutely, definitely	
断層	だんそう	fault, dislocation	
断続	だんぞく	intermittence, being intermittent, occurring intermittently	
断定	だんてい	conclusion, decision, judgement, declaration	
断念	だんねん	abandoning (hope, plans), giving up	
断片	だんぺん	fragment, scrap, piece, shred	
断面	だんめん	section, cross section, profile	
暖冬	だんとう	mild winter, warm winter	
暖房	だんぼう	(indoor) heating	
暖流	だんりゅう	warm current	
暖簾	のれん	(short) curtain hung at shop entrance, split curtain used to divide spaces in a house	
暖炉	だんろ	fireplace, hearth, stove	
段ボール	だんボール	(corrugated) cardboard	
段階	だんかい	stage, step, phase	
段取り	だんどり	programme, program, plans, arrangements	
段落	だんらく	paragraph	
男	おとこ	man, male	
男の子	おとこのこ	boy, son, baby boy	
男の人	おとこのひと	man	
男らしい	おとこらしい	manly, masculine, like a man	
男子	だんし	boy	
男爵	だんしゃく	baron	
男女	だんじょ	men and women, man and woman, both sexes, both genders	
男性	だんせい	man, male	
男前	おとこまえ	handsome man, man's looks, good looks	
男尊女卑	だんそんじょひ	male domination of women, male chauvinism, subjection of women	
男優	だんゆう	(male) actor	
談合	だんごう	bid rigging, collusion (on contract bidding), (illegal) price-fixing agreement	
談笑	だんしょう	friendly chat, pleasant chat, lighthearted talk, friendly conversation	
談話	だんわ	talk, conversation, dialogue	
値切る	ねぎる	to drive a bargain, to beat down the price, to haggle	
値打ち	ねうち	value, worth, merit	
知らせ	しらせ	news, word, tidings, notice, notification, information	
知らせる	しらせる	to notify, to advise, to inform	
知らん顔	しらんかお	feigned ignorance, pretending not to know, pretending not to recognize (someone), ignoring	
知り合う	しりあう	to get to know each other, to make acquaintance	
知る	しる	to know, to be aware (of), to be conscious (of), to learn (of), to find out, to discover	
知れる	しれる	to become known, to come to light, to be discovered	
知覚	ちかく	perception, sensation, awareness	
知恵	ちえ	wisdom, wit, sagacity, sense, intelligence	
知己	ちき	acquaintance	
知事	ちじ	prefectural governor	
知識	ちしき	knowledge, information	
知人	ちじん	friend, acquaintance	
知性	ちせい	intelligence	
知的	ちてき	intellectual	
知能	ちのう	intelligence, intellect, brains	
知名	ちめい	well-known	
地	ち	earth, ground, land, soil	
地位	ちい	(social) position, status, standing	
地域	ちいき	area, region, district, locality	
地下	ちか	underground, below the ground	
地下室	ちかしつ	cellar, basement	
地下鉄	ちかてつ	subway, metro, underground (railway)	
地下道	ちかどう	subterranean tunnel	
地価	ちか	the price of land	
地殻	ちかく	(Earth's) crust	
地殻変動	ちかくへんどう	diastrophism (movement and deformation of the earth's crust)	
地球	ちきゅう	Earth, the globe	
地球温暖化	ちきゅうおんだんか	global warming	
地球儀	ちきゅうぎ	Earth globe (model), terrestrial globe	
地区	ちく	district, area, zone, quarter, section, region	
地形	ちけい	terrain, geographical features, topography	
地検	ちけん	District Public Prosecutor's Office	
地元	じもと	home area, home town	
地獄	じごく	hell realm, Naraka	
地裁	ちさい	district court	
地誌	ちし	topography, geographical description	
地質	ちしつ	geological features	
地主	じぬし	landowner, landlord, landlady	
地上	ちじょう	above ground, on the ground, earth's surface	
地震	じしん	earthquake	
地図	ちず	map, atlas, chart, plan	
地層	ちそう	stratum, geological formation, layer, bed (coal, gravel, etc.)	
地蔵	じぞう	Kshitigarbha (bodhisattva who looks over children, travellers and the underworld), Ksitigarbha, Jizō	
地帯	ちたい	zone, area, belt, region	
地点	ちてん	spot, point, place, position	
地道	じみち	steady, honest, sober, straightforward, reliable	
地肌	じはだ	texture, grain	
地盤	じばん	ground, crust (earth), bed (gravel, river, etc.)	
地平線	ちへいせん	horizon (related to land)	
地方	ちほう	district, region, area, locality	
地味	じみ	plain, simple, subdued, sober	
地名	ちめい	place name, toponym	
地面	じめん	ground, earth's surface	
地雷	じらい	land mine	
地理	ちり	geography	
弛む	たるむ	to slacken, to loosen, to relax, to droop (e.g. loose or flabby skin), to sag (ceiling)	
恥	はじ	shame, embarrassment, disgrace	
恥じらう	はじらう	to feel shy, to be bashful, to blush	
恥じる	はじる	to feel ashamed	
恥ずかしい	はずかしい	embarrassing, embarrassed, ashamed, humiliated, shy	
恥辱	ちじょく	disgrace, shame, insult	
池	いけ	pond	
痴漢	ちかん	molester, groper, masher, pervert	
痴呆	ちほう	dementia	
稚魚	ちぎょ	fry, juvenile fish, fingerling	
稚拙	ちせつ	unskillful, childish, immature, naive, artless, clumsy, crude	
置き換える	おきかえる	to move (something) to another location, to change the position of, to rearrange	
置き場	おきば	place to put something, storage space, storehouse, depository, repository, shed, yard	
置く	おく	to put, to place	
致す	いたす	to do	
致死	ちし	lethal, fatal	
致死量	ちしりょう	lethal dose	
致命傷	ちめいしょう	fatal wound	
致命的	ちめいてき	fatal, lethal	
蜘蛛	くも	spider	
遅い	おそい	slow	
遅らす	おくらす	to delay, to postpone, to slow down, to retard	
遅れ	おくれ	delay, lag, postponement, falling behind	
遅延	ちえん	delay, latency	
遅刻	ちこく	lateness, tardiness, arriving late	
遅咲き	おそざき	blooming late, flowering late, blossoming late	
遅滞	ちたい	delay, procrastination	
遅配	ちはい	delay (in payment, delivery, rationing, etc.)	
築き上げる	きずきあげる	to build, to construct, to put up	
築く	きずく	to build, to construct, to erect	
築山	つきやま	artificial hill (in a garden)	
畜産	ちくさん	animal husbandry, livestock industry	
畜生	ちくしょう	damn it, damn, son of a bitch, for Christ's sake	
竹	たけ	bamboo (any grass of subfamily Bambusoideae)	
竹刀	しない	bamboo sword (for kendo), bamboo fencing stick	
竹林	ちくりん	bamboo thicket, bamboo grove	
蓄財	ちくざい	amassing of wealth	
蓄積	ちくせき	accumulation, accumulate, store	
蓄電池	ちくでんち	storage battery	
逐一	ちくいち	one by one, in detail, minutely	
逐次	ちくじ	successively, one after another, sequentially, one by one	
秩序	ちつじょ	order, discipline, regularity, system, method	
窒素	ちっそ	nitrogen (N)	
窒息	ちっそく	suffocation, choking, asphyxia	
茶	ちゃ	tea	
茶の間	ちゃのま	(Japanese-style) living room	
茶の湯	ちゃのゆ	tea ceremony, chanoyu	
茶屋	ちゃや	teahouse, (Edo period) rest stop	
茶褐色	ちゃかっしょく	dark reddish-brown, liver color	
茶室	ちゃしつ	tearoom, tea house, tea-ceremony room, tea arbour, tea arbor	
茶色	ちゃいろ	brown, light brown, tawny	
茶道	さどう	tea ceremony, Way of Tea, sadō	
嫡子	ちゃくし	heir	
着く	つく	to arrive at, to reach	
着せる	きせる	to put clothes on (someone), to dress, to clothe	
着る	きる	to wear (from the shoulders down), to put on	
着衣	ちゃくい	clothes (that one is wearing)	
着工	ちゃっこう	starting (construction) work	
着実	ちゃくじつ	steady, sound, solid, reliable, trustworthy	
着手	ちゃくしゅ	starting work (on), setting to work (on), setting about (doing), beginning, commencing, embarking on	
着飾る	きかざる	to dress up	
着色	ちゃくしょく	colouring, coloring, colorant	
着席	ちゃくせき	taking a seat, sitting down (in one's seat)	
着替え	きがえ	changing clothes, change of clothes	
着替える	きがえる	to change (one's clothes)	
着服	ちゃくふく	embezzlement, misappropriation, pocketing	
着物	きもの	kimono, Japanese traditional clothing (esp. full-length)	
着目	ちゃくもく	attention, giving one's attention, focusing	
着用	ちゃくよう	wearing (e.g. a uniform, seat belt, helmet), having on	
着陸	ちゃくりく	landing, alighting, touch down	
中	なか	inside, interior	
中尉	ちゅうい	first lieutenant, lieutenant junior grade	
中央	ちゅうおう	centre, center, middle, heart	
中央集権	ちゅうおうしゅうけん	centralized authoritarian rule, centralised authoritarian rule	
中欧	ちゅうおう	Central Europe	
中華	ちゅうか	China	
中華街	ちゅうかがい	Chinatown	
中華人民共和国	ちゅうかじんみんきょうわこく	People's Republic of China	
中華料理	ちゅうかりょうり	Chinese cooking, Chinese food	
中学	ちゅうがく	junior high school, middle school, lower secondary school	
中学校	ちゅうがっこう	junior high school, middle school, lower secondary school	
中学生	ちゅうがくせい	junior high school student, middle school pupil	
中間	ちゅうかん	middle, midway, halfway, centre, center	
中期	ちゅうき	middle period	
中級	ちゅうきゅう	intermediate level	
中京	ちゅうきょう	Nagoya	
中型	ちゅうがた	medium size	
中継	ちゅうけい	relay, hook-up	
中継ぎ	なかつぎ	joining, joint	
中堅	ちゅうけん	nucleus, backbone, mainstay, key figure	
中元	ちゅうげん	15th day of the 7th lunar month, (last day of) Bon lantern festival	
中原	ちゅうげん	middle of a field, middle of a country, field of contest	
中古	ちゅうこ	used, second-hand, old	
中古車	ちゅうこしゃ	used car, secondhand car	
中国	ちゅうごく	China	
中国語	ちゅうごくご	Chinese (language)	
中国人	ちゅうごくじん	Chinese person	
中佐	ちゅうさ	lieutenant colonel, commander (navy)	
中産階級	ちゅうさんかいきゅう	middle class, bourgeoisie	
中止	ちゅうし	interruption, discontinuance, suspension, stoppage	
中耳	ちゅうじ	middle ear, tympanum	
中耳炎	ちゅうじえん	otitis media, middle-ear infection	
中軸	ちゅうじく	axis, pivot, central figure, key man	
中旬	ちゅうじゅん	middle ten days of a month, 11th to 20th day of a month	
中傷	ちゅうしょう	slander, libel, defamation, calumny, smear	
中将	ちゅうじょう	lieutenant general, vice-admiral	
中小	ちゅうしょう	small and medium	
中小企業	ちゅうしょうきぎょう	small and medium-sized enterprises, small and medium-sized businesses	
中心	ちゅうしん	center, centre, middle, heart, core, focus, pivot, emphasis, balance	
中枢	ちゅうすう	centre, center, pivot, mainstay, nucleus, hub, backbone, central figure, pillar, key person	
中世	ちゅうせい	Middle Ages (in Japan esp. the Kamakura and Muromachi periods), medieval times, mediaeval times	
中性	ちゅうせい	neutrality (incl. chemical, electrical, etc.), indifference	
中性子	ちゅうせいし	neutron	
中絶	ちゅうぜつ	abortion	
中前	ちゅうぜん	front of center field, front of centre field	
中退	ちゅうたい	leaving school during a term	
中隊	ちゅうたい	company, battery, troop	
中断	ちゅうだん	interruption, suspension, break	
中庭	なかにわ	courtyard, quadrangle, middle court	
中途	ちゅうと	halfway, midway, partway, mid-course	
中途半端	ちゅうとはんぱ	halfway, half measures, unfinished, incomplete, by halves, half-baked, half-cocked, half-hearted, half-arsed, half-assed	
中島	なかじま	island in a pond or river	
中東	ちゅうとう	Middle East	
中等	ちゅうとう	second grade, medium quality, average, middle class, secondary grade	
中道	ちゅうどう	middle of the road, centrism, moderation, golden mean	
中毒	ちゅうどく	poisoning	
中南米	ちゅうなんべい	Central and South America	
中日	ちゅうにち	China and Japan, Chinese-Japanese, Sino-Japanese	
中年	ちゅうねん	middle-age, middle age, midlife, one's middle years	
中盤	ちゅうばん	middle stage, middle phase, middle game, midpoint	
中部	ちゅうぶ	center, centre, middle, heart	
中腹	ちゅうふく	halfway up (down) a mountain, mountainside	
中立	ちゅうりつ	neutrality	
中略	ちゅうりゃく	omission (of middle part of a text), ellipsis	
中流	ちゅうりゅう	mid-stream, middle course	
中和	ちゅうわ	neutralization, neutralisation	
仲	なか	relation, relationship	
仲介	ちゅうかい	agency, intermediation	
仲間	なかま	companion, fellow, friend, mate, comrade, partner, colleague, coworker, associate	
仲間入り	なかまいり	joining (a group), becoming a member (of), joining the ranks (of)	
仲裁	ちゅうさい	arbitration, intercession, mediation	
仲人	なこうど	matchmaker	
仲直り	なかなおり	reconciliation, making up (with), making peace (with), being friends again, patching up a quarrel	
仲買	なかがい	brokerage, broker	
仲良く	なかよく	on good terms (with), on friendly terms (with), (getting along) well, in harmony, happily, peacefully	
仲良し	なかよし	close friendship, close friend, good friend, bosom buddy, chum, pal	
宙返り	ちゅうがえり	somersault, looping-the-loop	
忠義	ちゅうぎ	loyalty, devotion	
忠告	ちゅうこく	advice, warning	
忠誠	ちゅうせい	loyalty, sincerity, allegiance, fidelity, integrity	
抽出	ちゅうしゅつ	extraction, abstraction	
抽象	ちゅうしょう	abstraction	
抽象的	ちゅうしょうてき	abstract	
抽選	ちゅうせん	lottery, raffle, drawing (of lots), balloting	
昼	ひる	noon, midday	
昼下がり	ひるさがり	early afternoon	
昼過ぎ	ひるすぎ	just past noon, afternoon	
昼休み	ひるやすみ	lunch break, noon recess, noon rest period	
昼寝	ひるね	(afternoon) nap, sleeping during the day, siesta	
昼前	ひるまえ	morning, forenoon	
昼飯	ひるめし	lunch, midday meal	
昼夜	ちゅうや	day and night	
柱	はしら	pillar, post	
注	ちゅう	annotation, explanatory note, comment	
注意	ちゅうい	attention, notice, heed	
注意報	ちゅういほう	advisory	
注射	ちゅうしゃ	injection, jab, shot	
注釈	ちゅうしゃく	notes, comment, remark, annotation	
注入	ちゅうにゅう	pouring, injection	
注文	ちゅうもん	order (for an item)	
注目	ちゅうもく	notice, attention, observation	
虫	むし	insect, bug, cricket, moth	
衷心	ちゅうしん	innermost feelings	
酎ハイ	チューハイ	shōchū highball, cocktail of shōchū with tonic water	
鋳型	いがた	mold, mould, template	
鋳造	ちゅうぞう	casting, founding, minting	
鋳物	いもの	casting, cast-metal object	
駐在	ちゅうざい	residence, stay, (job) posting, being stationed (overseas, etc.)	
駐車	ちゅうしゃ	parking (a vehicle)	
駐車場	ちゅうしゃじょう	parking lot, car park, carpark, parking garage	
駐屯	ちゅうとん	stationing (troops), garrisoning	
駐日	ちゅうにち	resident in Japan (of a foreign ambassador, government official, etc.)	
駐留	ちゅうりゅう	stationing (e.g. of troops), garrison	
猪	いのしし	wild boar, wild pig	
著しい	いちじるしい	striking, remarkable, considerable	
著す	あらわす	to write, to publish	
著作	ちょさく	writing (a book), book, (literary) work, writings	
著作権	ちょさくけん	copyright	
著者	ちょしゃ	author (usu. of a particular book), writer	
著書	ちょしょ	(written) work, book, writings	
著名	ちょめい	famous, noted, eminent, prominent, distinguished, celebrated	
貯金	ちょきん	putting money aside, savings, deposit (e.g. in a bank)	
貯水	ちょすい	storage of water	
貯水池	ちょすいち	reservoir	
貯蔵	ちょぞう	storage, preservation	
丁重	ていちょう	polite, courteous, hospitable	
丁度	ちょうど	exactly, precisely, just, right, opportunely, fortunately	
丁寧	ていねい	polite, courteous, civil	
丁目	ちょうめ	district of a town, city block (of irregular size)	
兆	ちょう	10^12, 1,000,000,000,000, trillion	
萎む	しぼむ	to wither (of flowers, dreams, etc.), to wilt, to droop, to shrivel, to fade (away), to sag, to deflate	
喋る	しゃべる	to talk, to chat, to chatter	
帳消し	ちょうけし	writing off (a debt), cancellation, balancing the books	
帳簿	ちょうぼ	account book, register, ledger	
庁	ちょう	government office, agency, board	
庁舎	ちょうしゃ	government office building	
弔辞	ちょうじ	message of condolence, memorial address	
弔電	ちょうでん	telegram of condolence	
弔問	ちょうもん	condolence call, visiting a bereaved family to offer condolences	
張り紙	はりがみ	paper patch attached to something, paper backing, sticker, label	
張り出す	はりだす	to project, to overhang, to stick out, to jut out, to overlie	
張り切る	はりきる	to be in high spirits, to be full of vigor (vigour), to be enthusiastic, to be eager, to stretch to breaking point	
張る	はる	to stick, to paste, to affix	
彫る	ほる	to carve, to engrave, to sculpt, to chisel	
彫金	ちょうきん	chasing, metal carving, metal engraving	
彫刻	ちょうこく	carving, engraving, sculpture	
彫塑	ちょうそ	carving, engraving	
彫像	ちょうぞう	(carved) statue, sculpture	
徴収	ちょうしゅう	collection (of fees, taxes, etc.), levy	
徴税	ちょうぜい	tax collection, taxation	
徴兵	ちょうへい	conscription, (military) draft, (compulsory) enlistment	
懲りる	こりる	to learn by experience, to learn one's lesson, to learn the hard way	
懲戒	ちょうかい	discipline, punishment, reprimand	
懲罰	ちょうばつ	discipline, punishment, reprimand	
懲役	ちょうえき	penal servitude, imprisonment with hard labor (hard labour)	
挑む	いどむ	to challenge to (a fight, game, etc.), to throw down the gauntlet, to contend for	
挑戦	ちょうせん	challenge, defiance, dare, attempt, try	
挑発	ちょうはつ	provocation, stirring up, arousal, excitement, stimulation	
挑発的	ちょうはつてき	provocative, incendiary, inflammatory	
朝	あさ	morning	
朝刊	ちょうかん	morning edition (of a daily newspaper), morning paper	
朝顔	あさがお	Japanese morning glory (Ipomoea nil), picotee morning glory, ivy morning glory	
朝食	ちょうしょく	breakfast	
朝寝坊	あさねぼう	sleeping late in the morning, sleeping in, lie-in, oversleeping	
朝鮮	ちょうせん	Korea	
朝鮮半島	ちょうせんはんとう	Korean peninsula	
朝鮮民主主義人民共和国	ちょうせんみんしゅしゅぎじんみんきょうわこく	Democratic People's Republic of Korea (North Korea), DPRK	
朝日	あさひ	morning sun	
朝晩	あさばん	morning and evening	
朝方	あさがた	early morning, early hours, early in the morning	
朝霧	あさぎり	morning fog, morning mist	
朝夕	あさゆう	morning and evening	
朝礼	ちょうれい	morning assembly (at a company, school, etc.), morning gathering	
潮	しお	tide, current	
潮時	しおどき	tidal hour	
潮流	ちょうりゅう	tide, tidal current	
町外れ	まちはずれ	outskirts (of a town), edge (of a town), just outside the city limits	
町人	ちょうにん	chōnin (Edo-period social class of town-dwelling commoners, esp. landowning merchants), townspeople, townsfolk, tradespeople	
町村	ちょうそん	towns and villages	
町長	ちょうちょう	town mayor	
町内	ちょうない	neighborhood, neighbourhood, street, block, town	
町民	ちょうみん	townsman, townswoman, resident of a town, townspeople, townsfolk	
眺める	ながめる	to look at, to gaze at, to watch, to stare at	
眺望	ちょうぼう	view, vista, panorama, outlook, prospect	
聴覚	ちょうかく	(sense of) hearing, auditory perception	
聴講	ちょうこう	lecture attendance, auditing	
聴取	ちょうしゅ	hearing (of a statement, opinion, explanation, etc.), asking, questioning (e.g. a suspect), enquiry	
聴衆	ちょうしゅう	audience, attendance, hearers	
腸	ちょう	intestine, bowel	
蝶	ちょう	butterfly	
調べ	しらべ	investigation, inspection, examination	
調べる	しらべる	to examine, to look up, to investigate, to check up, to sense, to study, to inquire, to search	
調印	ちょういん	signature, signing, sealing	
調査	ちょうさ	investigation, examination, inquiry, enquiry, survey	
調剤	ちょうざい	making up a prescription, dispensing a prescription, preparing a medicine	
調子	ちょうし	tune, tone, key, pitch, time, rhythm	
調書	ちょうしょ	protocol, written evidence, record (investigation, interrogation, etc.), preliminary memo, charge sheet	
調整	ちょうせい	adjustment, regulation, coordination, reconciliation, tuning, fixing, tailoring	
調節	ちょうせつ	regulation, adjustment, control	
調達	ちょうたつ	supply, provision, raising, procurement	
調停	ちょうてい	arbitration, conciliation, mediation	
調味料	ちょうみりょう	seasoning, flavoring, flavouring, condiment	
調理	ちょうり	cooking, food preparation	
調和	ちょうわ	harmony, accord, reconciliation, agreement	
超	ちょう	super-, ultra-, hyper-, extreme	
超越	ちょうえつ	transcendence, transcendency	
超音速	ちょうおんそく	supersonic speed	
超過	ちょうか	excess, surplus, exceeding (a limit, estimate, etc.), going over	
超人	ちょうじん	superman, superwoman	
超特急	ちょうとっきゅう	super express	
跳ねる	はねる	to jump, to leap, to prance, to spring up, to bound, to hop	
飛び上がる	とびあがる	to jump up, to leap up, to spring up	
飛ぶ	とぶ	to fly, to soar	
跳躍	ちょうやく	jump, leap, skip, bound	
銚子	ちょうし	(sake) decanter	
長	ちょう	head, chief, leader, elder	
長い	ながい	long (distance, length)	
長い間	ながいあいだ	long time, long interval, for quite some time	
長さ	ながさ	length	
長官	ちょうかん	secretary (government), director, chief	
長閑	のどか	tranquil, calm, quiet, peaceful, serene	
長期	ちょうき	long-term	
長期的	ちょうきてき	long-term	
長久	ちょうきゅう	permanence, perpetuity	
長居	ながい	long visit, overstaying	
長距離	ちょうきょり	long distance, long haul	
長持ち	ながもち	long-lasting, long-wearing, wears well	
長時間	ちょうじかん	long time, several hours, long spell	
長者	ちょうじゃ	millionaire	
長蛇の列	ちょうだのれつ	long line, long queue	
長寿	ちょうじゅ	long life, longevity	
長所	ちょうしょ	strong point, merit, virtue, advantage	
長女	ちょうじょ	eldest daughter, first-born daughter	
長続き	ながつづき	lasting long, continuation, keeping at (something), sticking to (something)	
長袖	ながそで	long sleeves	
長短	ちょうたん	(relative) length	
長男	ちょうなん	eldest son (may be the only son), first-born son	
長調	ちょうちょう	major key	
長年	ながねん	many years, a long time	
長編	ちょうへん	long (e.g. novel, film)	
長方形	ちょうほうけい	rectangle, oblong	
長老	ちょうろう	elder, senior	
長話	ながばなし	long talk	
頂	いただき	crown (of head), summit (of mountain), spire	
頂上	ちょうじょう	top, summit, peak	
頂戴	ちょうだい	receiving, getting, accepting, being given	
頂点	ちょうてん	vertex, apex	
鳥	とり	bird	
鳥居	とりい	torii (Shinto shrine archway)	
鳥類	ちょうるい	birds	
捗る	はかどる	to make (good) progress, to move right ahead (with the work), to advance	
直ぐ	すぐ	immediately, at once, right away, directly	
直ぐに	すぐに	immediately, right away, at once, instantly	
すぐ側	すぐそば	right beside, close to, nearby	
直ぐさま	すぐさま	immediately, promptly	
直し	なおし	correction, rectification	
直ちに	ただちに	at once, immediately, right away, without delay	
直に	じかに	directly, in person, firsthand	
直に	じきに	immediately, right away, at once, soon, shortly, in a moment, before long	
直営	ちょくえい	direct management	
直下	ちょっか	directly under	
値下がり	ねさがり	price decline, fall in price	
直角	ちょっかく	right angle	
直轄	ちょっかつ	direct control, direct supervision	
直感	ちょっかん	intuition, instinct, hunch	
直系	ちょっけい	direct descent, direct line	
直撃	ちょくげき	direct hit	
直後	ちょくご	immediately following	
直行	ちょっこう	going straight (to), going direct, going without stopping	
直視	ちょくし	taking a straight look at something, looking someone in the eyes	
直進	ちょくしん	going straight on, going straight ahead	
直接	ちょくせつ	direct, immediate, personal, firsthand	
直接税	ちょくせつぜい	direct tax	
直接的	ちょくせつてき	direct	
直線	ちょくせん	straight line	
直前	ちょくぜん	just before, just prior to	
直属	ちょくぞく	direct control, direct supervision	
直通	ちょくつう	direct line, direct communication, connecting directly, through service, nonstop service	
直面	ちょくめん	confrontation	
直列	ちょくれつ	series (e.g. electrical)	
沈む	しずむ	to sink, to go under, to submerge	
沈める	しずめる	to sink (e.g. a ship), to submerge	
沈下	ちんか	sinking, subsidence	
沈静	ちんせい	settling down, quieting down, cooling down, cooling off	
沈滞	ちんたい	stagnation, inactivity	
沈着	ちんちゃく	composure, calmness, self-possession, presence of mind	
沈没	ちんぼつ	sinking, foundering, going down, submersion	
沈黙	ちんもく	silence, being silent, quiet, hush	
珍	ちん	rare	
珍しい	めずらしい	rare, uncommon, unusual, curious	
珍重	ちんちょう	prizing, valuing highly, esteeming	
珍品	ちんぴん	curio, rare article	
珍味	ちんみ	delicacy, dainties	
賃金	ちんぎん	wages, pay	
賃借	ちんしゃく	renting, rental, hiring, leasing (from)	
賃上げ	ちんあげ	wage increase, pay rise	
賃貸	ちんたい	leasing (out), renting out, hiring out, letting	
鎮圧	ちんあつ	suppression (of a riot, revolt, etc.), repression, putting down, quelling	
鎮魂	ちんこん	repose of a soul	
鎮守	ちんじゅ	local Shinto deity, tutelary god	
鎮痛剤	ちんつうざい	analgesic, painkiller, sedative, tranquilizer, tranquiliser	
陳謝	ちんしゃ	apology	
陳述	ちんじゅつ	statement, declaration	
陳情	ちんじょう	petition, appeal	
陳腐	ちんぷ	stale, hackneyed, clichéd	
陳列	ちんれつ	exhibition, display, putting on show	
津波	つなみ	tsunami, tidal wave	
墜落	ついらく	fall, crash (of an aircraft)	
椎茸	しいたけ	shiitake mushroom (Lentinula edodes), shitake	
追い越す	おいこす	to pass (e.g. car), to overtake	
追い込み	おいこみ	final stage, final stretch, final spurt, last spurt, final push, late charge	
追い込む	おいこむ	to herd, to drive, to chase, to corral	
追い出す	おいだす	to expel, to drive out	
追い討ち	おいうち	attacking a fleeing enemy	
追い抜く	おいぬく	to pass (a car), to overtake	
追う	おう	to chase, to run after, to pursue, to follow after	
追っ手	おって	pursuer, pursuing party, posse	
追加	ついか	addition, supplement, appending, appendix	
追加料金	ついかりょうきん	additional fee, extra charge	
追及	ついきゅう	investigation (e.g. into someone's guilt), questioning, pressing, hounding, pinning down	
追求	ついきゅう	pursuit (of a goal, ideal, etc.), search, chase, seeking after	
追究	ついきゅう	thorough investigation, close inquiry, pursuit (e.g. of the truth)	
追撃	ついげき	pursuit (of a fleeing enemy), chase, follow-up attack	
追伸	ついしん	postscript, post scriptum, PS, P.S.	
追随	ついずい	following (in the footsteps of)	
追跡	ついせき	chase, pursuit, tracking, stalking	
追徴	ついちょう	supplementary charge, additional collection	
追悼	ついとう	mourning	
追突	ついとつ	rear-end collision	
追放	ついほう	exile, banishment, eviction, deportation, purge, expulsion, ousting	
痛い	いたい	painful, sore	
痛む	いたむ	to hurt, to ache, to feel a pain	
痛める	いためる	to hurt, to injure, to cause pain	
痛感	つうかん	feeling keenly, fully realizing	
痛恨	つうこん	deep regret, great sorrow, bitter grief	
痛手	いたで	serious wound	
痛烈	つうれつ	severe, bitter, scathing	
通	つう	authority, expert, connoisseur, well-informed person	
通う	かよう	to go to and from (a place), to go back and forth between, to run between (e.g. bus, train, etc.), to ply between	
通じる	つうじる	to be open (to traffic), to lead to, to communicate (with)	
通す	とおす	to stick through, to force through	
通り	とおり	street, road, avenue, thoroughfare	
通り	どおり	in accordance with, following	
通り過ぎる	とおりすぎる	to go past, to pass, to pass by	
通る	とおる	to go by, to go past, to go along, to travel along, to pass through, to use (a road), to take (a route), to go via, to go by way of	
通院	つういん	going to the hospital for regular treatment, going to the hospital as an outpatient	
通貨	つうか	currency	
通過	つうか	passing through (a tunnel, station, town, etc.), passing by (e.g. of a typhoon), transit	
通学	つうがく	commuting to school, school commute	
通関	つうかん	customs clearance	
通勤	つうきん	commuting to work	
通行	つうこう	passage (of people or vehicles), passing (through), traffic	
通行止め	つうこうどめ	closure (of a road), suspension of traffic	
通告	つうこく	announcement, notice	
通算	つうさん	total, sum, aggregate	
通商	つうしょう	commerce, trade	
通称	つうしょう	popular name, common name, nickname, alias	
通常	つうじょう	usual, ordinary, normal, regular, general, common	
通信	つうしん	correspondence, communication, transmission, news, signal, telecommunications	
通信衛星	つうしんえいせい	communication satellite, Broadcast Satellite, BS	
通信販売	つうしんはんばい	online shopping service (with delivery by mail), mail order, mail-order sales, shop-by-mail service	
通信網	つうしんもう	communications network	
通達	つうたつ	notification, official notice, directive (e.g. from higher to lower levels of the administration)	
通知	つうち	notice, notification, report, posting	
通帳	つうちょう	passbook, bankbook	
通念	つうねん	common idea, common wisdom, generally accepted idea	
通報	つうほう	report, notification, tip, bulletin	
通夜	つや	all-night vigil over a body, wake	
通訳	つうやく	interpretation (i.e. oral translation)	
通用	つうよう	(common) use (of a language, currency, etc.), current use, circulation, currency, validity (e.g. of a ticket)	
通例	つうれい	custom, general rule, convention	
通路	つうろ	passage, pathway, roadway, avenue, aisle	
通話	つうわ	telephone call, speaking over the telephone, (Internet) voice call, videoconference call	
塚	つか	mound, heap, hillock	
掴む	つかむ	to seize, to catch, to grasp, to grip, to grab, to clutch, to hold, to catch hold of, to lay one's hands on	
浸かる	つかる	to be submerged, to be soaked	
漬ける	つける	to soak (in), to steep, to dip, to dunk	
漬物	つけもの	tsukemono (pickled vegetables)	
辻	つじ	crossroads, crossing, intersection, street corner	
辻褄	つじつま	coherence, consistency	
綴じる	とじる	to bind, to file	
綴る	つづる	to spell	
椿	つばき	common camellia (Camellia japonica)	
潰す	つぶす	to smash, to crush, to flatten	
潰れる	つぶれる	to be crushed, to be squashed, to be smashed, to be destroyed, to be broken, to collapse	
坪	つぼ	tsubo, traditional unit of land area, approx. 3.3 square meters	
壺	つぼ	pot, jar, vase	
爪	つめ	nail (e.g. fingernail, toenail), claw, talon, hoof	
つま先	つまさき	toes, tips of the toes, toe of a shoe, sock, etc.	
爪楊枝	つまようじ	toothpick	
吊るす	つるす	to hang, to hang up	
吊る	つる	to hang, to suspend, to sling, to wear (e.g. a sword), to put up (e.g. a shelf)	
釣り	つり	fishing, angling	
釣り合う	つりあう	to balance, to be in harmony, to be in equilibrium	
釣る	つる	to fish, to angle, to catch	
鶴	つる	crane (any bird of the family Gruidae, esp. the red-crowned crane, Grus japonensis)	
亭主	ていしゅ	household head, master, host (e.g. of a tea gathering), innkeeper, owner (e.g. of a hotel)	
低い	ひくい	low (rank, degree, value, content, quality, etc.)	
低める	ひくめる	to lower, to be lowered	
低下	ていか	fall, decline, lowering, deterioration, degradation	
低価格	ていかかく	low price	
低学年	ていがくねん	lower grades of primary school (first, second, and sometimes third grades)	
低気圧	ていきあつ	low (atmospheric) pressure, low-pressure system, depression, cyclone	
低減	ていげん	decrease, reduction, fall, depreciation, mitigation	
低水準	ていすいじゅん	substandard, low-level	
低地	ていち	depression, lowlands, low ground, bottom land, plain	
低調	ていちょう	inactive, slow, sluggish, slack, low tone, undertone, dullness, (market) weakness	
低迷	ていめい	hanging low (of clouds)	
低落	ていらく	fall, decline, slump	
低利	ていり	low interest rate	
停学	ていがく	suspension from school	
停止	ていし	stoppage, coming to a stop, halt, standstill	
停車	ていしゃ	stopping (of a train, car, etc.), stop	
停戦	ていせん	armistice, ceasefire	
停滞	ていたい	stagnation, tie-up, standstill, congestion, delay, accumulation, falling into arrears	
停電	ていでん	power outage, power failure, power cut, blackout	
停泊	ていはく	anchorage, anchoring, mooring	
停留所	ていりゅうじょ	stop (bus, tram, etc.), station, stopping place	
偵察	ていさつ	scouting, reconnaissance	
剃刀	かみそり	razor	
堤	つつみ	bank, embankment, dike	
堤防	ていぼう	bank, weir, embankment, levee	
定か	さだか	definite, sure	
定まる	さだまる	to become settled, to be fixed	
定める	さだめる	to decide, to determine	
定員	ていいん	fixed number (of people), prescribed number (of regular personnel, students, etc.), quota, numerical limit, complement	
定価	ていか	list price, regular price, established price	
定額	ていがく	fixed amount (of money), fixed sum, flat sum	
定款	ていかん	articles of incorporation, company statute	
定期	ていき	fixed period, fixed term	
定期券	ていきけん	commuter pass, season ticket	
定規	じょうぎ	(measuring) ruler	
定義	ていぎ	definition	
定休日	ていきゅうび	regular holiday, fixed day off, regular closing day	
定刻	ていこく	appointed time, timetable, schedule	
定時	ていじ	fixed time, regular time, scheduled time, appointed hour	
定時制	ていじせい	part time (school system)	
定住	ていじゅう	settlement, permanent residency	
定食	ていしょく	set meal, special (of the day)	
定数	ていすう	fixed number, quorum (for an assembly)	
定説	ていせつ	established theory, accepted opinion, accepted explanation	
定着	ていちゃく	sticking (in one place, position, etc.), settling, fixing, adherence	
定年	ていねん	(compulsory) retirement age, age limit	
定評	ていひょう	established reputation	
定量	ていりょう	fixed quantity	
定例	ていれい	regular, ordinary (e.g. session of parliament)	
帝	みかど	emperor (of Japan), mikado	
帝国	ていこく	empire	
帝国主義	ていこくしゅぎ	imperialism	
底	そこ	bottom, sole	
底値	そこね	bottom price	
底力	そこぢから	hidden reserves of strength, latent energy, potentiality, real strength	
庭	にわ	garden, yard, courtyard	
庭園	ていえん	garden, park	
庭球	ていきゅう	tennis	
庭木	にわき	garden tree	
弟子入り	でしいり	becoming a pupil (of), becoming an apprentice	
弟妹	ていまい	younger brother and sister	
抵抗	ていこう	resistance, opposition, standing up to	
抵触	ていしょく	infringement (of a law, treaty, etc.), contravention, running afoul	
抵当	ていとう	mortgage, security, hypothec, pledge	
抵当権	ていとうけん	mortgage, right of pledge, lien	
提げる	さげる	to take along, to hold in the hand	
提案	ていあん	proposal, proposition, suggestion	
提起	ていき	raising (a question), posing (a problem), bringing up (an issue), presenting	
提供	ていきょう	offer, tender, providing, supplying, making available, donating (blood, organs, etc.)	
提携	ていけい	cooperation, tie-up, joint business, partnership, alliance, sponsorship	
提言	ていげん	proposal, motion, recommendation	
提示	ていじ	presentation (of a passport, ID, etc.), showing, production (e.g. of documents)	
提出	ていしゅつ	presentation (of documents), submission (of an application, report, etc.), production (e.g. of evidence), introduction (e.g. of a bill), filing, turning in	
提唱	ていしょう	advocacy, proposal	
提訴	ていそ	presenting a case, suing	
梯子	はしご	ladder	
程	ほど	extent, degree, measure	
程なく	ほどなく	soon, before long, shortly thereafter	
程度	ていど	degree, amount, grade, standard, of the order of (following a number), about, approximately	
閉まる	しまる	to be shut, to close, to be closed	
締める	しめる	to tie, to fasten, to tighten	
締結	ていけつ	conclusion, execution (of a contract), entering (into treaty)	
締約	ていやく	conclusion of a treaty	
訂正	ていせい	correction, revision, amendment	
諦める	あきらめる	to give up, to abandon (hope, plans), to resign oneself (to)	
邸宅	ていたく	(large) house, residence, mansion	
邸内	ていない	grounds, premises	
釘	くぎ	nail, spike, tack, rivet, brad, (pachinko) pin	
泥	どろ	mud, (wet) dirt	
泥沼	どろぬま	bog, marsh, swamp, quagmire, morass	
泥酔	でいすい	being dead drunk, drunken stupor	
泥炭	でいたん	peat	
摘み	つまみ	knob, handle, button	
摘む	つむ	to pick, to pluck	
摘出	てきしゅつ	picking out, taking out, (surgical) removal	
摘発	てきはつ	exposing, unmasking, laying bare	
敵意	てきい	hostility, animosity, enmity	
敵対	てきたい	hostility, antagonism, opposition	
滴	しずく	drop (e.g. of water), drip	
的	てき	-ical, -ive, -al, -ic, -y	
的確	てきかく	accurate, precise, exact, appropriate, apt, right	
的中	てきちゅう	hitting the target, striking home	
笛	ふえ	flute, fife, pipe, recorder, flageolet, shakuhachi, clarinet	
適する	てきする	to fit, to suit	
適応	てきおう	adaptation, accommodation, conformity	
適格	てきかく	eligible, qualified, competent	
適宜	てきぎ	suitable, appropriate, fitting, proper	
適合	てきごう	conformity, compatibility, adaptability, congruity, congruence	
適性	てきせい	aptitude, aptness, suitability	
適正	てきせい	reasonable, suitable	
適切	てきせつ	appropriate, suitable, fitting, apt, proper, right, pertinent, relevant	
適度	てきど	moderate (degree), proper (amount), temperate, suitable	
適当	てきとう	suitable, proper, appropriate, adequate, fit, fair	
適法	てきほう	legal, lawful, legitimate	
適用	てきよう	application (of a rule, law, method, etc.)	
適量	てきりょう	proper quantity, suitable amount, proper dose, optimal dose	
適齢期	てきれいき	suitable age (esp. for marriage), marriageable age	
溺れる	おぼれる	to struggle in the water, to sink below the surface and become unable to breathe, to (nearly) drown	
哲学	てつがく	philosophy	
哲人	てつじん	wise man, philosopher, sage	
徹底	てってい	thoroughness, completeness, consistency	
徹底的	てっていてき	thorough, exhaustive, complete	
徹夜	てつや	staying up all night	
撤回	てっかい	withdrawal, retraction, revocation, repeal	
撤去	てっきょ	removal, taking away, dismantling (a building, facilities, etc.), withdrawal (of troops)	
撤収	てっしゅう	removal (of a building, equipment, etc.), dismantling (e.g. a tent), striking (a stage set, camp, etc.)	
撤退	てったい	evacuation, withdrawal, revocation, repeal, retreat	
撤廃	てっぱい	annulment, abolition, repeal, rescission	
撤兵	てっぺい	withdrawal of troops	
鉄	てつ	iron (Fe)	
鉄橋	てっきょう	railway bridge, iron bridge	
鉄筋	てっきん	rebar, (iron) reinforcing bar, reinforcing steel	
鉄鉱	てっこう	iron ore	
鉄鋼	てっこう	iron and steel	
鉄骨	てっこつ	steel frame, steel beam, steel girder	
鉄製	てっせい	made of iron	
鉄道	てつどう	railroad, railway, rail transport	
鉄板	てっぱん	iron plate, steel plate	
鉄砲	てっぽう	gun, firearm	
鉄棒	てつぼう	iron rod, iron bar, iron club	
典型	てんけい	type, pattern, model, epitome, exemplar, archetype, perfect example	
典型的	てんけいてき	typical, representative, archetypal, quintessential, stereotypical, model	
天	てん	sky	
天井	てんじょう	ceiling	
天王星	てんのうせい	Uranus (planet)	
天下	てんか	the whole world	
天下り	あまくだり	retiring high-ranking government officials taking a lucrative job in a private or semi-private corporation	
天気	てんき	weather	
天気予報	てんきよほう	weather forecast, weather report	
天狗	てんぐ	tengu, red-faced and long-nosed goblin said to reside deep in the mountains	
天候	てんこう	weather	
天皇制	てんのうせい	the Emperor System	
天皇陛下	てんのうへいか	His Majesty the Emperor	
天国	てんごく	paradise, heaven, Kingdom of Heaven	
天才	てんさい	genius, prodigy, natural gift	
天災	てんさい	natural disaster, natural calamity, act of God	
天使	てんし	angel	
天寿	てんじゅ	natural span of life	
天性	てんせい	nature, natural constitution, innate disposition	
天然	てんねん	nature, spontaneity	
天然記念物	てんねんきねんぶつ	natural monument	
天然痘	てんねんとう	smallpox, variola	
天体	てんたい	heavenly body, celestial body, astronomical object	
天文	てんもん	astronomy	
天文学	てんもんがく	astronomy	
天文台	てんもんだい	astronomical observatory	
天辺	てっぺん	top, summit, apex, peak	
天理	てんり	natural laws, rule of heaven	
天ぷら	てんぷら	tempura, deep-fried fish and vegetables in a light batter	
展開	てんかい	development, evolution, progression, unfolding, (plot) twist	
展示	てんじ	exhibition, display	
展示会	てんじかい	exhibition	
展望	てんぼう	view, outlook, prospect	
展覧会	てんらんかい	exhibition	
店員	てんいん	employee (of a store), shop assistant, clerk, salesperson	
店主	てんしゅ	shopkeeper, storekeeper, proprietor of a shop	
店先	みせさき	storefront, shopfront	
店長	てんちょう	shop manager	
店頭	てんとう	shopfront, storefront, shopwindow, (near the) shop entrance	
店内	てんない	inside of a store (restaurant, café, etc.), store interior, on the premises	
店舗	てんぽ	shop, store, establishment, restaurant	
添う	そう	to meet (wishes, expectations, etc.), to satisfy, to comply with, to live up to	
添加	てんか	addition, annexing	
添加物	てんかぶつ	additive	
添削	てんさく	correction, looking over, touching up	
添付	てんぷ	attaching (documents, etc.), appending, affixing	
纏め	まとめ	summary, recapitulation, aggregation	
纏める	まとめる	to collect, to put (it all) together, to integrate, to consolidate, to unify	
貼付	ちょうふ	pasting, sticking, attaching, affixing, appending	
転がす	ころがす	to roll, to wheel, to trundle, to drive (a car)	
転がる	ころがる	to roll, to tumble	
転じる	てんじる	to turn, to shift, to switch, to change, to alter	
転嫁	てんか	imputation, shifting (blame, responsibility, etc.), passing the buck	
転換	てんかん	conversion, diversion, changeover, commutation, switchover	
転機	てんき	turning point	
転居	てんきょ	moving, changing residence, change of address	
転勤	てんきん	job transfer, job relocation, intra-company transfer	
転向	てんこう	conversion, shift, about-face, switch	
転出	てんしゅつ	moving out (to), moving to a different place	
転職	てんしょく	change of job, change of occupation, career change	
転身	てんしん	changing (job, career, lifestyle, social position, beliefs, etc.)	
転送	てんそう	transfer (of a call, patient, etc.), forwarding (a letter, email, etc.), redirection	
転任	てんにん	change of post	
転売	てんばい	resale	
転覆	てんぷく	overturning, capsizing	
転用	てんよう	diversion, putting something to another use	
転落	てんらく	fall, tumble, spill, plunge, dive	
点	てん	dot, spot, point, speck, mark	
点く	つく	to be lit (of a lamp, burner, etc.), to catch fire, to ignite, to start burning	
点火	てんか	ignition, lighting, firing, setting off	
点検	てんけん	detailed inspection, thorough examination, checking	
点呼	てんこ	roll-call, muster	
点在	てんざい	being dotted about, being scattered, being interspersed	
点字	てんじ	braille	
点数	てんすう	marks, points, score, grade, runs (baseball)	
点滴	てんてき	raindrops, falling drop of water	
点滅	てんめつ	switching on and off (of a light), flashing, blinking, flickering	
伝う	つたう	to go along, to walk along, to follow	
伝える	つたえる	to convey, to report, to transmit, to communicate, to tell, to impart, to propagate, to teach, to bequeath	
伝わる	つたわる	to spread (of a rumour, news, etc.), to travel, to circulate, to go around, to be passed around, to become known	
伝記	でんき	biography, life story	
伝承	でんしょう	handing down (information), legend, tradition, folklore, transmission	
伝説	でんせつ	legend, folklore, tradition	
伝染	でんせん	contagion, infection	
伝染病	でんせんびょう	contagious disease, communicable disease, transmissible disease, infectious disease, epidemic	
伝送	でんそう	transmission, communication, circulation, dissemination, diffusion, propagation, delivery	
伝達	でんたつ	transmission (e.g. news, chemical signals, electricity), communication, delivery, conveyance, transfer, relay, propagation, conduction	
伝統	でんとう	tradition, convention	
伝統的	でんとうてき	traditional, customary, conventional	
伝道	でんどう	missionary work, proselytizing, preaching, evangelism	
伝票	でんぴょう	chit, slip, ticket, voucher	
殿	どの	Mr., Mrs., Miss, Ms.	
殿下	でんか	Your Highness, His Highness, Her Highness	
殿堂	でんどう	palace, hall	
殿様	とのさま	nobleman, dignitary, lord	
田	た	rice field	
田園	でんえん	the country, countryside, rural districts	
田舎	いなか	rural area, countryside, the sticks	
田植え	たうえ	rice planting	
田畑	たはた	fields (of rice and other crops)	
田んぼ	たんぼ	paddy field, farm	
電圧	でんあつ	voltage	
電化	でんか	electrification	
電器	でんき	electric (goods)	
電機	でんき	electrical machinery, appliances	
電気	でんき	electricity	
電気製品	でんきせいひん	electronic goods	
電球	でんきゅう	light bulb	
電極	でんきょく	electrode	
電撃	でんげき	electric shock	
電源	でんげん	source of electricity, electrical power	
電光	でんこう	lightning	
電子	でんし	electron	
電子メール	でんしメール	email, e-mail, electronic mail	
電磁石	でんじしゃく	electromagnet	
電車	でんしゃ	train, electric train	
電信	でんしん	(electric) telegraph, telegraphy, telegraphic communication, telegram	
電線	でんせん	electric line, electric cable, power cable	
電卓	でんたく	calculator (electronic), pocket calculator	
電池	でんち	battery, cell	
電柱	でんちゅう	utility pole, power pole, telephone pole, telegraph pole	
電通大	でんつうだい	University of Electro-Communications	
電鉄	でんてつ	electric railway	
電灯	でんとう	electric light	
電動	でんどう	electrically powered, electric	
電波	でんぱ	radio wave, reception, signal	
電報	でんぽう	telegram	
電流	でんりゅう	electric current	
電力	でんりょく	electric power	
電話	でんわ	telephone call, phone call	
電話機	でんわき	telephone (device)	
電話帳	でんわちょう	telephone book, telephone directory	
電話番号	でんわばんごう	telephone number	
兎	うさぎ	rabbit, hare, coney, cony, lagomorph (esp. leporids)	
兎に角	とにかく	anyway, anyhow, at any rate, in any case, at least, just	
兎も角	ともかく	anyhow, anyway, somehow or other, generally speaking, in any case, be that as it may	
兎もあれ	ともあれ	anyhow, in any case	
兎角	とかく	(doing) various things, (doing) this and that	
吐き気	はきけ	nausea, feeling like throwing up, feeling sick	
吐き出す	はきだす	to vomit, to spit out	
吐く	つく	to breathe out, to breathe	
吐露	とろ	expressing one's mind, speaking out	
塗り替える	ぬりかえる	to repaint, to paint again, to paint (a different colour)	
塗る	ぬる	to paint, to spread, to plaster, to apply (cream, lotion), to smear, to lacquer, to varnish, to put up (wallpaper)	
塗装	とそう	coating, painting	
塗布	とふ	application (of ointment, etc.)	
塗料	とりょう	paints, painting material	
妬む	ねたむ	to be jealous of, to envy, to begrudge	
徒歩	とほ	walking, going on foot	
徒労	とろう	fruitless effort, wasted effort, abortive scheme, futility	
斗	と	to, traditional unit of volume, approx. 18 litres	
杜撰	ずさん	careless, sloppy, faulty	
渡し船	わたしぶね	ferry, ferryboat	
渡す	わたす	to ferry across (e.g. a river), to carry across, to traverse	
渡り	わたり	crossing, passage, transit	
渡り鳥	わたりどり	migratory bird, bird of passage	
渡る	わたる	to cross over, to go across	
渡航	とこう	voyage, passage, travelling	
渡来	とらい	visit (from abroad)	
登記	とうき	registry, registration	
登校	とうこう	attendance (at school), going to school	
登山	とざん	mountain climbing, mountaineering, ascent of a mountain	
登場	とうじょう	entrance (on the stage), appearance (in a book, film, etc.)	
登録	とうろく	registration, accession, register, entry, record, subscription	
登録商標	とうろくしょうひょう	registered trademark	
賭ける	かける	to wager, to bet, to risk, to stake, to gamble	
途上	とじょう	on the way, en route	
途上国	とじょうこく	developing country	
途絶える	とだえる	to stop, to cease, to come to an end, to cut off	
途端に	とたんに	just as, right after, in the act of, as soon as, at that moment	
途方	とほう	way, destination, reason	
都	みやこ	capital (esp. Kyoto, Japan's former capital), seat of government	
都会	とかい	city	
都合	つごう	circumstances, condition, convenience	
都市	とし	town, city, municipal, urban	
都心	としん	city centre (esp. of Tokyo), heart of a city, downtown area	
都庁	とちょう	Tokyo Metropolitan Government (Office)	
都度	つど	each (every) time, whenever	
都道府県	とどうふけん	prefectures (of Japan), largest administrative divisions of Japan: Tokyo-to, Osaka-fu, Kyoto-fu, Hokkaido and the remaining prefectures	
都内	とない	within the (Tokyo) metropolitan area	
都民	とみん	resident of Tokyo, citizen of Tokyo, Tokyoite	
都立	とりつ	metropolitan, managed by the Tokyo Metropolitan Government	
努めて	つとめて	as much as possible, as far as possible, to the best of one's ability, diligently	
努力	どりょく	effort, exertion, endeavour, endeavor, hard work, striving	
度	たび	time (three times, each time, etc.), times	
度	ど	degree (angle, temperature, scale, etc.)	
度胸	どきょう	courage, bravery, pluck, nerve, grit, guts	
度合い	どあい	degree, extent	
度数	どすう	frequency, number of times, incidence	
土	つち	earth, soil, dirt, clay, mud	
土間	どま	dirt floor, room with dirt floor	
土器	どき	earthenware	
土建屋	どけんや	general (civil engineering and construction) contractor	
土砂降り	どしゃぶり	downpour, pouring rain, heavy rain, pelting rain, cloudburst	
土産	みやげ	local specialty or souvenir bought as a gift while travelling	
土手	どて	embankment, bank	
土壌	どじょう	soil	
土人	どじん	native, aboriginal	
土星	どせい	Saturn (planet)	
土石	どせき	earth and stones	
土足	どそく	shod feet, wearing shoes	
土台	どだい	foundation, base, basis	
土壇場	どたんば	last moment, eleventh hour	
土地	とち	plot of land, lot, soil	
土地柄	とちがら	nature of the locality, character of a place, local colour, local color	
土俵	どひょう	(wrestling) ring	
土塀	どべい	mud wall, earthen wall, plaster wall	
土木	どぼく	engineering works, civil engineering, public works	
土曜	どよう	Saturday	
土曜日	どようび	Saturday	
奴	やつ	fellow, guy, chap	
奴隷	どれい	slave, servant	
怒り	いかり	anger, rage, fury, wrath, indignation	
怒る	おこる	to get angry, to get mad, to lose one's temper	
怒気	どき	anger, wrath	
怒号	どごう	angry roar, bellow	
怒鳴る	どなる	to shout (in anger), to yell	
逆しま	さかしま	reverse, inversion, upside down	
倒す	たおす	to throw down, to bring down, to blow down, to fell, to knock down, to set (something) down on its side, to turn (something) on its side, to recline (e.g. a seat)	
倒れ	たおれ	collapse, collapsing, death	
倒れる	たおれる	to fall (over, down), to collapse, to take a fall, to topple	
倒閣	とうかく	overthrow of government	
倒錯	とうさく	perversion	
倒産	とうさん	(corporate) bankruptcy, insolvency, commercial failure, failed business	
倒置	とうち	turning upside down	
党	とう	party (political)	
党員	とういん	party member	
党首	とうしゅ	party leader	
党内	とうない	party-internal, within the party	
党派	とうは	faction, party, clique	
党利	とうり	party interests	
冬	ふゆ	winter	
冬季	とうき	winter season, winter	
冬休み	ふゆやすみ	winter vacation, winter holidays	
冬至	とうじ	winter solstice	
冬物	ふゆもの	winter clothing, winter wear	
冬眠	とうみん	hibernation, winter sleep, torpor	
凍える	こごえる	to freeze (of one's body), to be frozen, to become numb (with cold), to be chilled	
凍結	とうけつ	freezing (e.g. water)	
凍死	とうし	death from cold, freezing to death	
刀	かたな	sword (esp. Japanese single-edged), katana	
刀剣	とうけん	sword, dagger, knife, bayonet	
唐	とう	Tang dynasty (of China; 618-907), T'ang dynasty	
唐辛子	とうがらし	capsicum (Capsicum annuum, esp. the cultivated chili peppers), chili pepper (chile, chilli), cayenne, red pepper	
唐突	とうとつ	abrupt, sudden	
塔	とう	tower, steeple, spire	
島	しま	island	
島根	しまね	Shimane (prefecture)	
島内	とうない	on an island, on-island	
悼む	いたむ	to grieve over, to mourn, to lament	
投げる	なげる	to throw, to hurl, to fling, to toss, to cast	
投げ込む	なげこむ	to throw into	
投げ出す	なげだす	to throw down, to throw out, to stretch out (one's legs)	
投じる	とうじる	to throw, to cast (e.g. vote, light, shadow)	
投影	とうえい	projection	
投機	とうき	speculation, venture, stockjobbing, gambling (on stocks)	
投球	とうきゅう	pitching, throwing a ball, bowling (in cricket), pitched ball	
投稿	とうこう	contribution (to a newspaper, magazine, etc.), submission, post (on a blog, social media, etc.)	
投降	とうこう	surrender	
投資	とうし	investment	
投手	とうしゅ	pitcher	
投書	とうしょ	letter (e.g. of complaint), letter to the editor, letter from a reader	
投石	とうせき	stone throwing	
投入	とうにゅう	throwing in, inserting, depositing (e.g. a ballot)	
投函	とうかん	mailing, posting	
投票	とうひょう	voting, ballot, poll, vote	
投薬	とうやく	administration, medication, dosage	
搭載	とうさい	loading (on a ship), equipping (an aircraft, car, etc.) with, being equipped with	
搭乗	とうじょう	embarkation, boarding (a ship or aircraft)	
東	ひがし	east	
東欧	とうおう	Eastern Europe	
東海	とうかい	Tōkai region (of Honshu; incl. Aichi, Shizuoka, Mie and southern Gifu prefectures)	
東宮	とうぐう	crown prince	
東京	とうきょう	Tokyo	
東経	とうけい	east longitude	
東口	ひがしぐち	east entrance, east exit	
東西	とうざい	east and west	
東都	とうと	the Eastern Capital (now Tokyo), Yedo, Edo	
東南	とうなん	south-east	
東部	とうぶ	eastern part, the east (of a region)	
東方	とうほう	eastern direction	
東邦	とうほう	Oriental country, the Orient	
東北	とうほく	north-east	
東洋	とうよう	the East, the Orient, (East) Asia	
桃	もも	peach (Prunus persica)	
桃色	ももいろ	pink (colour, color), peach	
棟	むね	ridge (of roof)	
盗み	ぬすみ	stealing, theft	
盗む	ぬすむ	to steal	
盗作	とうさく	plagiarism, plagiarised work	
盗賊	とうぞく	thief, robber, burglar, bandit	
盗聴	とうちょう	interception (email), wiretap, bug	
盗難	とうなん	theft, robbery	
盗品	とうひん	stolen goods, stolen article, loot, spoils	
盗用	とうよう	embezzlement, fraudulent use, plagiarism, appropriation	
盗塁	とうるい	base stealing, steal, stolen base	
湯	ゆ	hot water	
湯気	ゆげ	steam, vapour, vapor	
湯治	とうじ	hot-spring cure, taking the baths	
湯沸かし器	ゆわかしき	water heater, water boiler	
灯台	とうだい	lighthouse	
灯油	とうゆ	kerosene, paraffin, lamp oil	
当たり	あたり	hit	
当たり前	あたりまえ	natural, reasonable, obvious	
当たる	あたる	to be hit, to strike	
当て	あて	aim, object, purpose, end	
当てる	あてる	to hit	
当てはまる	あてはまる	to apply (of a rule), to be applicable (of standards, lessons, ideas, etc.), to hold true (e.g. of a description), to fit, to be suitable (e.g. of a word), to meet (requirements), to fulfill (conditions), to come under (a heading)	
当の	とうの	the ... in question	
当期	とうき	current term (period)	
当局	とうきょく	authorities, relevant authorities, authorities concerned	
当事	とうじ	matter under concern	
当事者	とうじしゃ	person concerned, interested party, related party	
当時	とうじ	at that time, in those days	
当社	とうしゃ	this company, this firm	
当初	とうしょ	beginning, start, outset	
当人	とうにん	the person concerned, the person in question, the said person	
当選	とうせん	being elected	
当然	とうぜん	natural, right, proper, just, reasonable, appropriate, deserved	
当店	とうてん	this store	
当日	とうじつ	day in question, appointed day, that very day, the day (of issue, publication, etc.)	
当番	とうばん	being on duty, person on duty, one's turn	
当分	とうぶん	for the present, for the time being	
当方	とうほう	I, we, our part	
当面	とうめん	current, urgent, pressing, impending	
当惑	とうわく	bewilderment, perplexity, embarrassment, confusion	
等しい	ひとしい	equal, identical, the same	
等価	とうか	equivalence, equal value, parity	
等級	とうきゅう	grade, class, degree, rank, rating, order, points	
等身	とうしん	body proportions	
等分	とうぶん	division into equal parts, equal parts	
答え	こたえ	answer, reply, response	
答える	こたえる	to answer, to reply	
答案	とうあん	examination paper, examination script, answer sheet	
答申	とうしん	report, reply, findings	
答弁	とうべん	response, reply, answer, defence, defense	
筒	つつ	pipe, tube, cylinder	
糖	とう	sugar	
糖質	とうしつ	sugariness, saccharinity, carbohydrate	
糖尿病	とうにょうびょう	diabetes, diabetes mellitus	
糖分	とうぶん	amount of sugar, sugar content	
統一	とういつ	unity, consolidation, uniformity, unification, compatible	
統括	とうかつ	unification, bringing together, generalization	
統計	とうけい	statistics	
統合	とうごう	integration, unification, unity, combination, consolidation, synthesis	
統治	とうち	rule, reign, government, governing	
統帥	とうすい	supreme command, high command	
統制	とうせい	regulation, control	
到達	とうたつ	reaching, attaining, arrival	
到着	とうちゃく	arrival	
到底	とうてい	(cannot) possibly, (not) by any means, (not) at all, utterly, absolutely	
到頭	とうとう	finally, at last, in the end, ultimately	
到来	とうらい	arrival, coming, advent	
藤	ふじ	wisteria (esp. Japanese wisteria, Wisteria floribunda), wistaria	
討議	とうぎ	debate, discussion	
討論	とうろん	debate, discussion	
謄本	とうほん	certified copy, transcript	
豆	まめ	legume (esp. edible legumes or their seeds, e.g. beans, peas, pulses), bean, pea	
豆乳	とうにゅう	soy milk	
豆腐	とうふ	tofu, bean curd, beancurd	
踏まえる	ふまえる	to be based on, to take into account, to build upon, to have origin in	
踏み切る	ふみきる	to take off, to jump, to leap	
踏む	ふむ	to step on, to tread on, to trample on	
踏ん張る	ふんばる	to brace one's legs, to stand firm, to plant one's feet (firmly on the ground)	
逃がす	にがす	to set free, to let go, to release	
逃げる	にげる	to run away, to flee, to get away (e.g. from danger), to escape, to break out, to leave (e.g. one's spouse), to take cover	
逃げ出す	にげだす	to run away, to flee, to make off, to take to one's heels, to escape	
逃す	のがす	to miss (e.g. a chance), to lose, to let get away	
逃れる	のがれる	to escape	
逃走	とうそう	flight, desertion, escape	
逃避	とうひ	escape, evasion, flight	
逃亡	とうぼう	escape, flight, running away, elopement, fleeing	
透き通る	すきとおる	to be transparent, to be see-through, to be clear	
透視	とうし	seeing through	
透明	とうめい	transparent, clear	
陶器	とうき	pottery, earthenware, ceramics, (soft-paste) porcelain, china	
陶芸	とうげい	ceramic art, ceramics	
陶工	とうこう	potter, ceramist, ceramicist	
陶磁器	とうじき	ceramics, pottery and porcelain	
陶酔	とうすい	intoxication	
頭	とう	counter for large animals (e.g. head of cattle), counter for insects in a collection, counter for helmets, masks, etc.	
頭角	とうかく	top of the head	
頭金	あたまきん	down payment, deposit	
頭骨	とうこつ	skull	
頭取	とうどり	(bank) president	
頭上	ずじょう	overhead, above one's head, high in the sky	
頭痛	ずつう	headache	
頭脳	ずのう	head, brains	
頭髪	とうはつ	hair (on the head)	
頭部	とうぶ	head	
頭文字	かしらもじ	first letter of a word, capital letter (at the start of a word or sentence)	
騰貴	とうき	rise (in price or value), appreciation, advance	
闘争	とうそう	fight, battle, combat, conflict	
働き	はたらき	work, labor, labour	
働きかける	はたらきかける	to work on (someone), to appeal to, to make approaches to, to pressure, to exert influence on, to seek action from	
働き口	はたらきぐち	position, job, employment, opening	
働き者	はたらきもの	hard worker, hardworking person	
働き盛り	はたらきざかり	prime of one's working life	
働く	はたらく	to work, to labor, to labour	
動	どう	motion	
動かす	うごかす	to move, to shift, to stir, to budge, to change position	
動き	うごき	movement, move, motion	
動く	うごく	to move, to stir, to shift, to shake, to swing	
動じる	どうじる	to be perturbed, to be agitated	
動員	どういん	mobilization, mobilisation	
動画	どうが	video (esp. digital), video clip, clip	
動機	どうき	motive, incentive	
動議	どうぎ	motion (i.e. proposal to a committee, etc.)	
動向	どうこう	trend, tendency, movement, attitude	
動作	どうさ	movement (of the body), action, motion, gesture	
動詞	どうし	verb	
動植物	どうしょくぶつ	plants and animals, flora and fauna	
動態	どうたい	movement, dynamic state	
動物	どうぶつ	animal	
動物園	どうぶつえん	zoo, zoological gardens	
動脈	どうみゃく	artery	
動脈硬化	どうみゃくこうか	arteriosclerosis, hardening of the arteries	
動揺	どうよう	shaking, trembling, pitching, rolling, oscillation	
動乱	どうらん	disturbance, upheaval, unrest, war, riot	
動力	どうりょく	power, motive power	
同	どう	the same, the said	
同じ	おなじ	same, identical, equal, alike, equivalent	
同じく	おなじく	in the same way, like, likewise, similarly	
同意	どうい	agreement, consent, approval, assent	
同一	どういつ	identical, same, one and the same, equal	
同音	どうおん	homophony, same pronunciation, same sound	
同化	どうか	assimilation, absorption	
同感	どうかん	same feeling, same sentiment, same opinion, sympathy, agreement, concurrence	
同期	どうき	same period, corresponding period	
同義語	どうぎご	synonym	
同級	どうきゅう	the same grade, same class	
同級生	どうきゅうせい	classmate	
同居	どうきょ	living together, coexistence	
同郷	どうきょう	same village, same town, same province	
同業	どうぎょう	same trade, same business, same profession	
同局	どうきょく	the said bureau (office, department, broadcasting station, channel, etc.)	
同月	どうげつ	the same month	
同県	どうけん	the same prefecture	
同好	どうこう	similar tastes	
同校	どうこう	the same school	
同行	どうこう	accompanying (someone), going with, travelling together	
同国	どうこく	same country, same province	
同士	どうし	fellow, mutual, companion, comrade	
同志	どうし	like-mindedness, (being of the) same mind, shared sentiment	
同氏	どうし	the said person, he, she	
同時	どうじ	same time	
同時に	どうじに	at the same time, at once, simultaneously, concurrently	
同時代	どうじだい	same age, same period	
同室	どうしつ	same room	
同社	どうしゃ	the same company, the said firm	
同種	どうしゅ	same kind, same sort, same species, same race, homogeneity	
同省	どうしょう	the said ministry, the same ministry	
同上	どうじょう	same as above, ditto, ibid.	
同乗	どうじょう	riding together, riding with	
同情	どうじょう	sympathy, compassion, pity	
同数	どうすう	same number	
同姓	どうせい	same surname	
同性	どうせい	same sex	
同性愛	どうせいあい	homosexuality, homosexual love	
同棲	どうせい	cohabitation (esp. of an unmarried couple), living together	
同席	どうせき	being present (at the same meeting, occasion, etc.), attendance (with), sitting with, sitting next to	
同船	どうせん	the same ship, taking the same ship	
同然	どうぜん	just like, (virtually) no different from, (almost) the same as, as good as (e.g. dead, settled)	
同窓	どうそう	being a graduate of the same school, person who went to the same school, fellow alumnus	
同窓会	どうそうかい	alumni association, graduates' association, alumni meeting, class reunion	
同地	どうち	the same place, that place	
同町	どうちょう	the same town, that town	
同調	どうちょう	conformity, alignment, agreement, sympathy, following suit	
同店	どうてん	the same store, the same shop	
同点	どうてん	same score, deadlock, tie, draw	
同党	どうとう	same (political) party	
同等	どうとう	equality, equal, same rights, same rank, equivalence	
同日	どうじつ	the same day	
同年	どうねん	that year, same year, same age	
同伴	どうはん	accompanying, being accompanied by, going with	
同病	どうびょう	the same sickness	
同封	どうふう	enclosing (e.g. with a letter)	
同夜	どうや	the same night, that night	
同様	どうよう	same, similar, (just) like, equal	
同僚	どうりょう	coworker, co-worker, colleague, associate	
同類	どうるい	the same kind, accomplice, partner	
同列	どうれつ	same row, same line, same file	
堂	どう	temple, shrine, chapel	
導く	みちびく	to guide, to lead, to show the way, to conduct	
導火線	どうかせん	fuse	
導入	どうにゅう	introduction, bringing in, installation, setting up, importation	
憧れ	あこがれ	yearning, longing, aspiration, adoration, admiration	
憧れる	あこがれる	to long for, to yearn for, to hanker after, to be attracted by, to be drawn to, to aspire to, to admire, to adore	
洞	ほら	hollow, cavity, hole, cave	
洞窟	どうくつ	cave, cavern, grotto	
洞穴	ほらあな	cave, cavern, den, grotto	
洞察	どうさつ	discernment, insight	
瞳	ひとみ	pupil (of the eye)	
童顔	どうがん	child's face	
童心	どうしん	child's mind, childlike innocence, naivete	
童謡	どうよう	children's song, nursery rhyme	
童話	どうわ	children's story, fairy tale	
胴	どう	trunk, torso, body, abdomen, waist	
胴上げ	どうあげ	tossing (someone) into the air (in celebration)	
胴体	どうたい	trunk, torso, body	
道	みち	road, path, street, lane, passage	
道のり	みちのり	distance, journey, itinerary	
道義	どうぎ	morality, moral principles	
道筋	みちすじ	path, route, itinerary	
道具	どうぐ	tool, implement, instrument, utensil, apparatus, device	
道場	どうじょう	dojo, hall used for martial arts training	
道端	みちばた	roadside, wayside	
道徳	どうとく	morals, morality	
道理	どうり	reason, logic, sense, truth, right	
道路	どうろ	road, highway	
銅貨	どうか	copper coin	
銅山	どうざん	copper mine	
銅像	どうぞう	bronze statue	
銅版画	どうはんが	copperplate engraving, etching	
峠	とうげ	(mountain) pass, highest point on a mountain road, ridge	
匿名	とくめい	anonymity, using an assumed name	
得	とく	profit, advantage, benefit, gain	
得る	うる	to be able to ..., can ...	
得意	とくい	satisfaction, pride, triumph, elation	
得意先	とくいさき	(regular) customer, client, patron, clientele	
得策	とくさく	good policy, wise policy, best plan	
得点	とくてん	scoring, score, points made, marks obtained, goals, runs	
得票	とくひょう	number of votes polled, poll votes	
特に	とくに	particularly, especially, in particular, expressly	
特異	とくい	unique, peculiar, singular	
特技	とくぎ	special skill	
特急	とっきゅう	limited express (train for which a limited-express ticket is required)	
特許	とっきょ	patent	
特訓	とっくん	special training, intensive training, crash course	
特権	とっけん	privilege, special right	
特効薬	とっこうやく	specific medicine, wonder drug, silver bullet	
特攻隊	とっこうたい	special attack unit, kamikaze unit, suicide squad	
特産	とくさん	being produced in a particular region, local specialty	
特使	とくし	special envoy	
特質	とくしつ	characteristic, feature, special quality	
特赦	とくしゃ	special pardon, (general) amnesty	
特殊	とくしゅ	special, particular, peculiar, unique	
特殊法人	とくしゅほうじん	semigovernmental corporation	
特需	とくじゅ	emergency demands, special procurement (particularly in time of war)	
特集	とくしゅう	feature (e.g. newspaper), special edition, report	
特色	とくしょく	characteristic, (distinctive) feature, peculiarity, distinguishing quality, special character	
特性	とくせい	special characteristic, special quality, trait, idiosyncrasy, peculiarity	
特製	とくせい	special make, deluxe	
特大	とくだい	extra-large, king-size	
特段	とくだん	exceptional, unusual, special	
特徴	とくちょう	feature, trait, characteristic, peculiarity, distinction	
特長	とくちょう	strong point, forte, merit, strength	
特定	とくてい	specific, particular, designated, special	
特典	とくてん	privilege, special favor, special favour, benefit, prerogative, perk, amenity	
特派員	とくはいん	(special) correspondent (e.g. for a newspaper)	
特売	とくばい	special sale, bargain sale	
特筆	とくひつ	special mention	
特別	とくべつ	special, particular, extraordinary, exceptional, especial	
特約	とくやく	special contract, special agreement, rider (insurance)	
特有	とくゆう	characteristic (of), peculiar (to)	
特例	とくれい	special case, exception	
督促	とくそく	urge, demand, importunity	
禿	はげ	baldness, bald head	
禿げる	はげる	to lose hair, to become bald	
篤志家	とくしか	charitable person, philanthropist, volunteer, supporter	
毒	どく	poison, toxicant	
毒殺	どくさつ	killing by poisoning, killing with poison, poisoning (to death)	
毒性	どくせい	toxicity, virulence	
毒舌	どくぜつ	wicked tongue, sharp tongue, abusive language	
毒薬	どくやく	poison	
独りでに	ひとりでに	by itself, automatically, naturally	
独り言	ひとりごと	soliloquy, monologue, speaking to oneself	
独演	どくえん	solo, solo performance	
独学	どくがく	self-education, self-instruction, self-study	
独楽	こま	spinning top	
独禁法	どっきんほう	antitrust law, Antitrust Act	
独裁	どくさい	dictatorship, despotism, autocracy	
独自	どくじ	original, unique, distinctive, characteristic, peculiar	
独唱	どくしょう	vocal solo	
独身	どくしん	unmarried, single	
独占	どくせん	monopoly, monopolization, exclusivity	
独創	どくそう	originality	
独創的	どくそうてき	creative, original	
独奏	どくそう	(instrumental) solo, recital	
独走	どくそう	running alone, running solo	
独断	どくだん	one's own judgement (judgment), decision made without consulting others, arbitrary decision	
独特	どくとく	peculiarity, uniqueness, characteristic	
独房	どくぼう	single-person cell, isolation cell, solitary cell, solitary confinement cell	
独立	どくりつ	independence, self-reliance, supporting oneself, being on one's own	
読み	よみ	reading	
読み書き	よみかき	reading and writing	
読み上げる	よみあげる	to read out, to read aloud, to call out	
読み返す	よみかえす	to reread, to read again	
読み方	よみかた	pronunciation, reading (e.g. of a kanji)	
読む	よむ	to read	
読者	どくしゃ	reader	
読書	どくしょ	reading (books)	
読売	よみうり	Yomiuri (newspaper, etc. group)	
凸版	とっぱん	letterpress, relief printing	
凸版印刷	とっぱんいんさつ	letterpress, relief printing	
突き	つき	thrust, stab, lunge, pass (in fencing)	
突き刺す	つきさす	to stab, to stick, to pierce, to thrust	
突き上げる	つきあげる	to push up, to force up, to toss	
突き当たり	つきあたり	end (of a street, hallway, etc.)	
突き当たる	つきあたる	to run into, to collide with, to crash into, to bump against	
突き抜ける	つきぬける	to pierce through, to break through	
突く	つく	to prick, to stab	
突く	つつく	to poke (repeatedly, lightly), to nudge	
突っ込む	つっこむ	to thrust (something) into (something), to cram, to stuff, to shove	
突貫	とっかん	charging (at the enemy) with a shout, rush	
突起	とっき	protuberance, projection, prominence, protrusion, bump, boss, process, apophysis	
突出	とっしゅつ	projection, protrusion, jutting out, sticking out	
突進	とっしん	rush, dash, charge	
突然	とつぜん	abrupt, sudden, unexpected	
突入	とつにゅう	rushing into, breaking into, storming	
突如	とつじょ	suddenly, all of a sudden, unexpectedly	
突破	とっぱ	breaking through, breakthrough, penetration	
突風	とっぷう	gust (of wind), blast	
届く	とどく	to reach, to touch, to get to, to carry (of sound)	
届ける	とどける	to deliver, to forward, to send	
届け出	とどけで	report, notification	
寅	とら	the Tiger (third sign of the Chinese zodiac)	
酉	とり	the Rooster (tenth sign of the Chinese zodiac), the Cock, the Chicken, the Bird	
屯	トン	ton (esp. a metric ton, i.e. 1000 kg), tonne	
豚	ぶた	pig (Sus scrofa domesticus)	
豚カツ	とんカツ	tonkatsu, breaded pork cutlet	
豚肉	ぶたにく	pork	
曇る	くもる	to get cloudy, to cloud over, to become overcast	
鈍化	どんか	becoming dull, slowing down	
鈍感	どんかん	thickheaded, insensitive, dull, thick-skinned	
鈍間	のろま	blockhead, dunce, dimwit, dolt, slowcoach, slowpoke	
鈍器	どんき	blunt weapon	
内	うち	inside, within	
内科	ないか	internal medicine	
内角	ないかく	interior angle, internal angle	
内閣	ないかく	cabinet (of a government), ministry	
内気	うちき	shy, bashful, timid, reserved	
内規	ないき	private regulations, bylaws, internal rules, tradition	
内向	ないこう	introversion	
内実	ないじつ	the facts, the truth, the true state of affairs	
内需	ないじゅ	domestic demand	
内出血	ないしゅっけつ	internal bleeding, internal haemorrhage, internal hemorrhage	
内省	ないせい	introspection, reflection on one's self	
内緒	ないしょ	secrecy, confidentiality, privacy, secret	
内職	ないしょく	side job (outside of one's main employment), side gig, side hustle	
内心	ないしん	inner thoughts, real intention, inmost heart, one's mind	
内申	ないしん	unofficial report, confidential report	
内政	ないせい	domestic affairs, internal administration	
内戦	ないせん	civil war	
内線	ないせん	phone extension, indoor wiring, inner line	
内装	ないそう	interior design, interior, upholstery	
内臓	ないぞう	internal organs, viscera	
内蔵	ないぞう	internal (e.g. disk), built-in, equipped (with)	
内側	うちがわ	inside, interior, inner part	
内諾	ないだく	informal consent, private consent	
内偵	ないてい	secret investigation, private enquiry, private inquiry, reconnaissance, scouting	
内定	ないてい	tentative decision, unofficial offer (esp. job offer), informal offer	
内部	ないぶ	interior, inside, internal	
内包	ないほう	connotation, comprehension, intension	
内務	ないむ	internal or domestic affairs	
内面	ないめん	inside, interior	
内野	ないや	infield, diamond	
内野手	ないやしゅ	infielder, baseman	
内訳	うちわけ	itemization (of expenses), the items, breakdown, classification	
内容	ないよう	contents, content, substance, matter, detail, import	
内乱	ないらん	civil war, insurrection, rebellion, domestic conflict	
内陸	ないりく	inland	
内輪	うちわ	family circle, one's circle (of friends, co-workers, etc.), one's fellows, in-group	
乍ら	ながら	while, during, as	
謎	なぞ	riddle, puzzle, enigma, mystery	
鍋	なべ	pan, pot, saucepan	
馴れ馴れしい	なれなれしい	overly familiar, overfamiliar, too friendly, too free, cheeky	
馴鹿	トナカイ	reindeer (Rangifer tarandus)	
馴染む	なじむ	to become familiar with, to get used to, to become accustomed to, to adapt oneself to, to become attached to, to become friendly with	
縄	なわ	rope, cord	
縄跳び	なわとび	skipping rope, jump rope	
縄文	じょうもん	straw-rope pattern pressed into earthenware	
南	みなみ	south	
南アフリカ	みなみアフリカ	South Africa	
南緯	なんい	southern latitude	
南海	なんかい	southern sea	
南極	なんきょく	South Pole	
南口	みなみぐち	south entrance, south exit	
南蛮	なんばん	southern barbarians (name used in ancient China for non-Chinese ethnic groups to the south)	
南部	なんぶ	southern part, the south (of a region)	
南米	なんべい	South America	
南方	なんぽう	the south, southward, southern direction	
南北	なんぼく	north and south, north to south	
柔らか	やわらか	soft, tender, pliant, supple	
軟化	なんか	softening	
軟骨	なんこつ	cartilage	
軟式	なんしき	soft (esp. of softball, tennis, etc.)	
軟弱	なんじゃく	weakness	
軟着陸	なんちゃくりく	soft landing	
軟派	ナンパ	seducer, smooth talker, ladies' man, playboy, playgirl	
難	なん	difficulty, trouble, hardship, shortage	
難しい	むずかしい	difficult, hard, troublesome, complicated, serious (disease, problem, etc.)	
難易	なんい	(relative) difficulty	
難解	なんかい	difficult to understand, unintelligible, abstruse	
難関	なんかん	barrier, obstacle, difficulty, hurdle, deadlock	
難局	なんきょく	difficult situation	
難航	なんこう	difficult voyage, stormy passage, hard flight	
難色	なんしょく	disapproval, reluctance, unwillingness	
難題	なんだい	difficult problem, challenge	
難聴	なんちょう	hardness of hearing, bradyacusia, deafness, hearing loss	
難点	なんてん	fault, weakness, flaw, defect, drawback, disadvantage	
難病	なんびょう	serious disease, intractable disease, difficult-to-recover-from illness	
難民	なんみん	refugee, displaced person	
難問	なんもん	perplexity, difficult question, difficult problem	
二	に	two, 2	
二つ	ふたつ	two	
二の次	にのつぎ	secondary, of secondary importance	
二院	にいん	the two houses of legislature	
二回	にかい	twice	
二階	にかい	second floor, upstairs	
二割	にわり	20 percent	
二宮	にぐう	the Two Ise Shrines	
二軍	にぐん	second team, reserve team, farm team, second-string players	
２月	にがつ	February	
二号	にごう	number two	
二酸化炭素	にさんかたんそ	carbon dioxide, CO2	
二死	にし	two out, two down (and one to go)	
二次	にじ	second	
二者択一	にしゃたくいつ	choosing between two things, two choices	
２０	にじゅう	twenty, 20	
二十四時間制	にじゅうよじかんせい	around-the-clock system	
二十世紀	にじっせいき	twentieth century	
二重	にじゅう	double, two-fold, two layers, duplex	
二重奏	にじゅうそう	instrumental duet, instrumental duo	
二人とも	ふたりとも	both (people), the two of them	
二人三脚	ににんさんきゃく	three-legged race	
二世	にせい	nisei, second-generation Japanese (or Korean, etc.), person of Japanese parentage with non-Japanese citizenship	
二度	にど	two times, twice	
２日	ふつか	2nd day of the month	
二番	にばん	second, number two, runner-up	
二百十日	にひゃくとおか	210th day (from the first day of spring according to the lunar calendar), the storm day	
二百二十日	にひゃくはつか	220th day, end of the storm period	
二部	にぶ	two parts, two copies, the second part	
二分	にぶん	halving, dividing (into two parts), bisection	
二本立て	にほんだて	double feature (movie)	
二枚舌	にまいじた	double-dealing, duplicity, equivocation, double-tongued	
二枚目	にまいめ	handsome man	
二流	にりゅう	second-rate, inferior	
二輪車	にりんしゃ	two-wheeled vehicle	
二塁	にるい	second base	
二塁手	にるいしゅ	second baseman	
二塁打	にるいだ	two-base hit, double	
尼	あま	Buddhist nun	
尼僧	にそう	Buddhist nun	
賑やか	にぎやか	bustling, busy, crowded, lively, prosperous, thriving	
賑わう	にぎわう	to be crowded with people, to be bustling with	
肉	にく	flesh	
肉屋	にくや	butcher's shop, butcher, meat shop	
肉眼	にくがん	naked eye	
肉食	にくしょく	meat eating, eating of meat, meat diet	
肉親	にくしん	blood relationship, blood relative	
肉体	にくたい	the body, the flesh, the outer man, one's physique	
肉薄	にくはく	closing in on (the enemy, first place, etc.), coming close to, pressing hard	
肉筆	にくひつ	one's own handwriting, autograph	
虹	にじ	rainbow	
日	ひ	day, days	
日の丸	ひのまる	red or gold circle representing the Sun	
日の出	ひので	sunrise	
日の入り	ひのいり	sunset	
日陰	ひかげ	shade, shadow	
日課	にっか	daily routine, daily work, daily lesson	
日刊	にっかん	daily publication, daily issue	
日帰り	ひがえり	day trip	
日記	にっき	diary, journal	
日系	にっけい	(of) Japanese descent	
日経	にっけい	Nikkei (newspaper, share index)	
日光	にっこう	sunlight, sunshine, sunbeams	
日光浴	にっこうよく	sunbathing, basking in the sun	
日向	ひなた	sunny place, in the sun	
日頃	ひごろ	usually, habitually, always	
日傘	ひがさ	parasol (esp. one carried in the hand), sunshade	
日産	にっさん	daily output	
日誌	にっし	journal, log	
日時	にちじ	date and time (of a meeting, departure, etc.)	
日取り	ひどり	fixed date, appointed day	
日照	にっしょう	sunlight	
日常	にちじょう	everyday, daily, ordinary, usual, routine, regular	
日常生活	にちじょうせいかつ	everyday life, daily life	
日食	にっしょく	solar eclipse	
日中	にっちゅう	daytime, during the day	
日程	にってい	schedule, program, programme, agenda	
日付	ひづけ	date, dating	
日米	にちべい	Japan and the United States, Japanese-American	
日暮れ	ひぐれ	twilight, sunset, dusk, evening	
日報	にっぽう	daily report	
日没	にちぼつ	sunset	
日本画	にほんが	Japanese-style painting, picture in Japanese style, nihon-ga	
日本海	にほんかい	Sea of Japan	
日本語	にほんご	Japanese (language)	
日本史	にほんし	Japanese history, history of Japan	
日本紙	にほんし	Japanese paper, washi	
日本式	にほんしき	Japanese style	
日本酒	にほんしゅ	sake (rice wine), saké	
日本人	にほんじん	Japanese person	
日本製	にほんせい	made in Japan, Japanese-made	
日本中	にほんじゅう	throughout Japan	
日本刀	にほんとう	Japanese sword (usu. single-edged and curved), Japanese bladed weapon	
日夜	にちや	day and night, around the clock, always, constantly	
日曜	にちよう	Sunday	
日曜日	にちようび	Sunday	
日用品	にちようひん	daily necessities, everyday item	
日和	ひより	weather, climatic conditions	
乳	ちち	milk	
乳児	にゅうじ	infant (below 1 year old), suckling baby	
乳製品	にゅうせいひん	dairy products	
乳幼児	にゅうようじ	babies and preschool children	
入り	いり	entering, entrance, entry	
入り込み	いりごみ	coming in together, unreserved seats for the public	
入り込む	はいりこむ	to go into, to come into, to penetrate, to get in, to step in (a house)	
入る	いる	to enter, to go in, to get in, to come in	
入る	はいる	to enter, to come in, to go in, to get in, to arrive	
入れる	いれる	to put in, to let in, to take in, to bring in, to insert, to install (e.g. software), to set (a jewel, etc.), to ink in (e.g. tattoo)	
入院	にゅういん	hospitalization, hospitalisation	
入園	にゅうえん	enrollment in kindergarten, enrollment in nursery school	
入荷	にゅうか	arrival of goods, goods received	
入会	にゅうかい	admission (to a society, club, etc.), joining, entrance, enrollment, enrolment, becoming a member	
入閣	にゅうかく	joining the cabinet	
入学	にゅうがく	admission (to a school or university), entrance, enrolment, enrollment, matriculation	
入学試験	にゅうがくしけん	entrance examination	
入居	にゅうきょ	moving in (to a house, apartment, etc.), taking up residence	
入金	にゅうきん	receipt of money, money received, receipts	
入港	にゅうこう	entry into port, arriving in harbor	
入国	にゅうこく	entry into a country	
入国管理局	にゅうこくかんりきょく	Immigration Bureau, Immigration Office	
入札	にゅうさつ	bid, tender, bidding	
入試	にゅうし	entrance examination	
入室	にゅうしつ	entering a room	
入社	にゅうしゃ	joining a company, getting a job with a company, starting work at a company	
入手	にゅうしゅ	acquisition, obtaining, procurement, getting (hold of)	
入所	にゅうしょ	admission (to an institute, nursery school, facility, etc.), entrance	
入賞	にゅうしょう	winning a prize, placing (high; in a contest)	
入場	にゅうじょう	entrance, entering, admission, admittance	
入場券	にゅうじょうけん	admission ticket, entrance ticket	
入植	にゅうしょく	settlement, immigration	
入籍	にゅうせき	registering (a marriage, etc.) in the family register	
入選	にゅうせん	being selected (for a prize, exhibition, etc.), being accepted, winning	
入団	にゅうだん	joining (a group, team, etc.), enrollment, enrolment	
入党	にゅうとう	joining a political party	
入念	にゅうねん	careful, elaborate, scrupulous	
梅雨入り	つゆいり	entering the rainy season, beginning of the rainy season	
入幕	にゅうまく	advancing to the first grade	
入門	にゅうもん	becoming a pupil (of), becoming a disciple, entering an institution, beginning training	
入浴	にゅうよく	bathing, going in the bath	
入力	にゅうりょく	input, (data) entry	
如し	ごとし	like, as if, the same as	
如何して	どうして	how, in what way, by what means	
如何しても	どうしても	by all means, at any cost, no matter what, at any rate, surely	
如何に	いかに	how, in what way	
如実	にょじつ	reality, actuality, actual conditions, true situation, faithful representation, vivid depiction	
尿	にょう	urine	
尿酸	にょうさん	uric acid	
任	にん	obligation, duty, charge, responsibility	
任す	まかす	to entrust (to someone), to leave (in someone's hands)	
任せる	まかせる	to leave (a matter, decision, etc. to someone), to entrust (to someone), to entrust (someone) with	
任意	にんい	optional, voluntary, arbitrary, random, discretionary, facultative, spontaneous, any	
任期	にんき	term of office	
任務	にんむ	duty, function, office, mission, task, role	
任命	にんめい	appointment, nomination, ordination, commission, designation	
妊産婦	にんさんぷ	expectant and nursing mothers	
妊娠	にんしん	pregnancy, conception, gestation	
妊婦	にんぷ	pregnant woman	
忍ぶ	しのぶ	to conceal oneself, to hide	
忍者	にんじゃ	ninja, person trained in ninjutsu and employed for covert purposes in feudal Japan	
忍耐	にんたい	endurance, perseverance, patience	
認める	みとめる	to recognize, to recognise, to observe, to notice	
認可	にんか	approval, license, licence, permission	
認識	にんしき	recognition, awareness, perception, understanding, knowledge, cognition, cognizance, cognisance	
認証	にんしょう	certification, attestation, authentication, confirmation	
認知	にんち	acknowledgement, acknowledgment, recognition, cognition	
認定	にんてい	authorization, authorisation, acknowledgment, acknowledgement, certification, recognition	
濡らす	ぬらす	to wet, to moisten, to dampen, to soak, to dip	
濡れる	ぬれる	to get wet	
葱	ねぎ	Welsh onion (Allium fistulosum), Japanese bunching onion, green onion, spring onion, scallion	
猫	ねこ	cat (esp. the domestic cat, Felis catus)	
猫舌	ねこじた	dislike of very hot food or drink, inability to take hot food, cat tongue	
猫背	ねこぜ	bent back, hunchback, stoop	
熱	ねつ	heat	
熱い	あつい	hot (to the touch)	
熱する	ねっする	to heat, to heat up	
熱意	ねつい	zeal, enthusiasm, ardor, ardour	
熱気	ねっき	heat, hot air	
熱狂	ねっきょう	wild enthusiasm, being crazy about	
熱心	ねっしん	zealous, enthusiastic, ardent, fervent, keen, eager	
熱帯	ねったい	tropics	
熱帯魚	ねったいぎょ	tropical fish	
熱中	ねっちゅう	being enthusiastic about, being wild about, being absorbed in, being engrossed in, being devoted to	
熱湯	ねっとう	boiling water	
熱病	ねつびょう	fever, febrile disease	
熱弁	ねつべん	impassioned speech, fervent speech	
熱烈	ねつれつ	ardent, passionate, vehement	
年	とし	year	
年をとる	としをとる	to grow old, to age	
年下	としした	younger, junior	
年賀	ねんが	New Year's greetings, New Year's call, New Year's gift	
年賀状	ねんがじょう	New Year's card	
年会	ねんかい	conference, annual convention	
年額	ねんがく	yearly amount	
年刊	ねんかん	annual publication	
年鑑	ねんかん	yearbook, almanac, annual	
年間	ねんかん	(period of) a year	
年金	ねんきん	annuity, pension	
年月日	ねんがっぴ	date (year, month and day)	
年後	ねんご	years later	
年功	ねんこう	long service	
年功序列	ねんこうじょれつ	seniority by length of service	
年号	ねんごう	name of an imperial era (e.g. Heisei, Shōwa), Japanese era name	
年頃	としごろ	approximate age, apparent age	
年産	ねんさん	annual production	
年始	ねんし	beginning of the year, new year	
年次	ねんじ	annual, yearly	
年収	ねんしゅう	annual income	
年初	ねんしょ	beginning of the year	
年上	としうえ	older, senior	
年数	ねんすう	number of years	
年生	ねんせい	nth-year student, nth-year pupil	
年代	ねんだい	age, era, period, date	
年男	としおとこ	man born in a year with the same Chinese zodiac sign as the current year	
年中	ねんじゅう	whole year, all year round, throughout the year	
年長	ねんちょう	senior, older	
年度	ねんど	fiscal year (usu. April 1 to March 31 in Japan), financial year	
年内	ねんない	remainder of the year, rest of the year	
年配	ねんぱい	(approximate) age, years	
年譜	ねんぷ	chronological record	
年俸	ねんぽう	annual salary	
年末	ねんまつ	end-of-year, year-end	
年明け	としあけ	beginning of the year, early in the New Year	
年来	ねんらい	of long standing, long-pending, long-cherished	
年輪	ねんりん	annual tree ring, growth ring	
年齢層	ねんれいそう	age range, age-group, age bracket	
念	ねん	sense, idea, thought, feeling	
念のため	ねんのため	just to make sure, just to be sure, for confirmation	
念願	ねんがん	one's heart's desire, one's dearest wish	
念書	ねんしょ	written pledge, signed note of assurance, memorandum, legal instrument	
念頭	ねんとう	(on one's) mind, heed	
念入り	ねんいり	careful, scrupulous, thorough, conscientious, elaborate, deliberate, attentive	
念仏	ねんぶつ	nembutsu, nianfo, the three-word invocation "Namu Amida Butsu" dedicated to the Amitabha Buddha	
念力	ねんりき	willpower, faith	
捻る	ひねる	to twist, to wrench, to turn (a tap, switch, etc.)	
捻挫	ねんざ	sprain, twist, wrench	
燃える	もえる	to burn, to get fired up	
燃え上がる	もえあがる	to flare up, to burst into flames	
燃焼	ねんしょう	burning, combustion	
燃費	ねんぴ	fuel consumption, gas mileage	
燃料	ねんりょう	fuel	
粘り	ねばり	stickiness, viscosity	
粘り強い	ねばりづよい	tenacious, persevering, persistent, stubborn, steadfast	
粘る	ねばる	to be sticky, to be adhesive	
粘着	ねんちゃく	cohesion, adhesion	
粘土	ねんど	clay	
粘膜	ねんまく	mucous membrane, mucosa	
乃	の	indicates possessive	
乃至	ないし	from ... to, between ... and	
悩ます	なやます	to afflict, to torment, to harass, to molest	
悩み	なやみ	trouble, troubles, worry, distress, sorrows, anguish, agony, problem	
悩む	なやむ	to be worried, to be troubled	
濃い	こい	deep (colour), dark	
濃厚	のうこう	rich (flavor, color, etc.), strong (e.g. odor), heavy, thick (soup, makeup, etc.), dense	
濃紺	のうこん	dark blue	
濃縮	のうしゅく	concentration (e.g. of a solution), enrichment, condensation	
濃淡	のうたん	light and shade, shade (of colour, color)	
濃度	のうど	concentration, density	
濃霧	のうむ	heavy fog, dense fog, thick fog	
納屋	なや	barn (for storage), shed, outbuilding	
納税	のうぜい	payment of taxes	
納豆	なっとう	natto (fermented soybeans)	
納得	なっとく	consent, agreement, acceptance	
納入	のうにゅう	payment (of taxes, fees, etc.)	
納付	のうふ	payment, supply	
能	のう	talent, gift, function	
能楽	のうがく	noh play	
能動	のうどう	activity	
能動的	のうどうてき	active	
能面	のうめん	noh mask	
能率	のうりつ	efficiency	
能力	のうりょく	ability, faculty	
脳	のう	brain	
脳炎	のうえん	brain inflammation, encephalitis, cerebritis	
脳死	のうし	brain death	
脳出血	のうしゅっけつ	cerebral hemorrhage, cerebral haemorrhage	
脳卒中	のうそっちゅう	stroke, cerebral haemorrhage, cerebral hemorrhage	
脳波	のうは	brain waves	
脳裏	のうり	one's mind	
農	のう	farming, agriculture	
農園	のうえん	farm, plantation	
農家	のうか	farmer, farming family	
農閑期	のうかんき	slack season for farmers, leisure season for farmers	
農協	のうきょう	agricultural cooperative	
農業	のうぎょう	agriculture, farming	
農耕	のうこう	farming, agriculture, cultivation	
農作業	のうさぎょう	farmwork	
農産	のうさん	agricultural products	
農産物	のうさんぶつ	agricultural produce	
農場	のうじょう	farm (agriculture)	
農村	のうそん	agricultural community, farm village	
農地	のうち	agricultural land, farmland	
農民	のうみん	farmer, peasant	
農薬	のうやく	agricultural chemical, agrochemical, agrichemical	
農林	のうりん	agriculture and forestry	
覗く	のぞく	to peek (through a keyhole, gap, etc.)	
巴	ともえ	tomoe, heraldic design composed of two or more interlocked comma-shaped figures	
把握	はあく	grasp (of the situation, meaning, etc.), understanding, control, hold, grip	
覇気	はき	spirit, drive, vigour, vigor	
覇権	はけん	hegemony	
覇者	はしゃ	supreme ruler, conqueror	
波	なみ	wave, billow, ripple, breaker, swell	
波及	はきゅう	spread, extension, influence, aftereffect, ripple	
波止場	はとば	wharf, quay, landing-stage, jetty	
波長	はちょう	wavelength	
波紋	はもん	ripple, ring on the water	
波浪	はろう	waves, billows, surge	
波乱万丈	はらんばんじょう	stormy and full of drama, full of ups and downs, with many vicissitudes	
派	は	group, faction, clique, coterie	
派遣	はけん	dispatch, despatch, deployment	
派手	はで	showy, loud, flashy, gaudy	
派生	はせい	derivation	
派閥	はばつ	clique, faction	
破る	やぶる	to tear, to rip, to break, to destroy	
破れる	やぶれる	to get torn, to tear, to rip, to break, to wear out	
破壊	はかい	destruction, disruption	
破格	はかく	extraordinary, exceptional, unprecedented, special, abnormal, irregular	
破棄	はき	tearing up and discarding (e.g. documents), destruction	
破局	はきょく	catastrophe, cataclysm	
破産	はさん	bankruptcy, insolvency	
破損	はそん	damage, breakage	
破綻	はたん	failure, collapse, breakdown, break-up, bankruptcy	
破片	はへん	fragment, broken piece, splinter, chip, shard	
破滅	はめつ	ruin, destruction, fall	
破裂	はれつ	bursting, rupture, explosion	
罵る	ののしる	to abuse (verbally), to curse at, to shout abuse at, to speak ill of	
馬	うま	horse	
馬車	ばしゃ	coach (horse-drawn), carriage, wagon, cart	
馬術	ばじゅつ	horsemanship, equestrian art, (art of) riding	
馬力	ばりき	horsepower, hp	
俳句	はいく	haiku, 17-mora poem, usu. in 3 lines of 5, 7 and 5 morae	
俳人	はいじん	haiku poet	
俳優	はいゆう	actor, actress, player, performer	
廃棄	はいき	disposal, abandonment, scrapping, discarding, abolition	
廃棄物	はいきぶつ	waste matter, waste, garbage, trash	
廃墟	はいきょ	ruins (of a building, town, etc.), remains	
廃業	はいぎょう	discontinuation (of business), closing down, giving up (one's practice), retiring	
廃坑	はいこう	closure of a mine, abandoned mine, disused mine	
廃材	はいざい	scrap wood, waste wood	
廃止	はいし	abolition, discontinuance, discontinuation, repeal, annulment	
廃絶	はいぜつ	abolition, elimination	
拝む	おがむ	to assume the posture of praying, to press the palms and fingers of both hands together, to do reverence (e.g. before a statue of the Buddha), to pay one's respects	
拝啓	はいけい	Dear (so and so), Dear Sir, Dear Madam, To Whom It May Concern	
拝見	はいけん	seeing, looking at	
拝借	はいしゃく	borrowing	
排気	はいき	exhaust, emission (of gas from an engine)	
排気ガス	はいきガス	exhaust fumes	
排出	はいしゅつ	discharge, evacuation, emission (e.g. of CO2), ejection, excretion	
排除	はいじょ	exclusion, removal, elimination, clearing away, getting rid of	
排水	はいすい	drainage, draining, pumping out (water), sewerage	
排斥	はいせき	rejection, expulsion, boycott, ostracism	
排他	はいた	exclusion	
排日	はいにち	anti-Japanese	
敗れる	やぶれる	to be defeated, to be beaten, to be unsuccessful, to lose	
敗因	はいいん	cause of defeat	
敗者	はいしゃ	loser, defeated person, the defeated	
敗戦	はいせん	defeat, lost battle, losing a war	
敗訴	はいそ	loss of a (legal) case	
敗退	はいたい	being defeated, being eliminated (from competition)	
敗北	はいぼく	defeat, loss, reverse, setback	
杯	さかずき	sake cup, cup for alcoholic beverages	
背	せい	height, stature	
背が高い	せがたかい	tall (of a person)	
背く	そむく	to run counter to, to go against, to disobey, to infringe	
背泳ぎ	せおよぎ	backstroke (swimming)	
背景	はいけい	background, scenery, backdrop, setting	
背後	はいご	back, rear	
背広	せびろ	business suit	
背骨	せぼね	spine, backbone, spinal column	
背丈	せたけ	stature, height	
背信	はいしん	betrayal, infidelity	
背中	せなか	back (of the body)	
背任	はいにん	breach of trust, malfeasance, malpractice, misappropriation	
背番号	せばんごう	number on the back of a player's uniform, uniform number, shirt number, squad number	
背負う	せおう	to carry on one's back	
肺	はい	lung	
肺炎	はいえん	pneumonia	
肺結核	はいけっかく	pulmonary tuberculosis, consumption	
輩出	はいしゅつ	producing (people) in great numbers, appearing one after the other	
配る	くばる	to distribute, to hand out, to deliver, to deal out, to serve out	
配給	はいきゅう	distribution (e.g. films, rice)	
配偶者	はいぐうしゃ	spouse, wife, husband, partner	
配合	はいごう	combination, arrangement, distribution, harmony, mixture, compounding	
配線	はいせん	wiring	
配送	はいそう	delivery	
配属	はいぞく	assignment (of a person to somewhere), attachment (of a person to another unit, organization, etc.)	
配達	はいたつ	delivery	
配置	はいち	arrangement (of resources), deployment, stationing, posting, disposition, configuration, layout	
配電	はいでん	distribution of electricity	
配当	はいとう	allotment, apportionment, share	
配備	はいび	deployment, disposition, posting, stationing	
配布	はいふ	distribution	
配分	はいぶん	distribution, allotment	
配慮	はいりょ	consideration, concern, attention, thoughtfulness, making arrangements, care, trouble	
配列	はいれつ	arranging, ordering, sequencing, lining up, laying out	
倍	ばい	double, twice (as much)	
倍加	ばいか	doubling	
倍増	ばいぞう	doubling, double	
倍率	ばいりつ	magnification, leverage, amplification, scaling factor, scale factor	
培う	つちかう	to cultivate, to foster	
培養	ばいよう	culture, cultivation	
媒介	ばいかい	mediation, agency, serving as a medium, acting as an intermediary, acting as a go-between	
媒酌	ばいしゃく	matchmaking, acting as a go-between	
媒体	ばいたい	medium, media	
梅	うめ	Japanese apricot (Prunus mume), Japanese plum, ume, Chinese plum	
梅干し	うめぼし	umeboshi, pickled dried ume, pickled dried plum	
梅酒	うめしゅ	ume liqueur, Japanese plum brandy, unripe ume infused in liquor (esp. shōchū) with added sugar	
買取	かいとり	purchase, buying, buying out	
買い出し	かいだし	going out to shop, going shopping	
買い入れる	かいいれる	to purchase, to buy in	
買う	かう	to buy, to purchase	
買収	ばいしゅう	acquisition (esp. corporate), buy-out, takeover, purchase	
売り込み	うりこみ	sales promotion, hard selling	
売り込む	うりこむ	to build a market for, to promote (a product), to sell, to become well known	
売り出す	うりだす	to put on the market, to put out for sale, to put on sale, to begin selling, to market	
売り切れ	うりきれ	sold-out	
売り切れる	うりきれる	to be sold out	
売り物	うりもの	article for sale, goods for sale, offering	
売る	うる	to sell	
売れる	うれる	to sell (well)	
売却	ばいきゃく	selling off, disposal by sale, sale	
売国奴	ばいこくど	traitor (to one's country), quisling	
売店	ばいてん	stand, stall, booth, kiosk, store	
売買	ばいばい	trade, buying and selling, trafficking (e.g. of humans, arms, drugs), dealing	
賠償	ばいしょう	compensation, reparations, indemnity, damages	
賠償金	ばいしょうきん	indemnities, reparations	
陪審	ばいしん	jury	
這う	はう	to crawl, to creep, to go on all fours	
蠅	はえ	fly (any insect of infraorder Muscomorpha)	
秤	はかり	scales, weighing machine	
萩	はぎ	bush clover, Japanese clover (any flowering plant of genus Lespedeza)	
伯	はく	count, earl	
伯爵	はくしゃく	count, earl	
伯仲	はくちゅう	being evenly matched, being equal with, being on a par with, being well contested	
剥がれる	はがれる	to come unstuck from, to peel off, to come off	
剥く	むく	to peel, to skin, to pare, to hull, to strip	
剥ける	むける	to peel off, to come off, to be taken off	
剥げる	はげる	to peel off, to come off, to flake off, to be worn off	
すき焼き	すきやき	sukiyaki, thin slices of beef, cooked with various vegetables in a table-top cast-iron pan	
博愛	はくあい	charity, benevolence, philanthropy, (love for) humanity, fraternity, brotherhood, brotherly love, love of fellow man	
博学	はくがく	erudition, extensive learning	
博士	はかせ	expert, learned person	
博物	はくぶつ	natural history	
博物館	はくぶつかん	museum	
博覧会	はくらんかい	exhibition, exposition, expo, fair	
拍車	はくしゃ	(riding) spur	
拍手	はくしゅ	clapping hands, applause	
柏木	かしわぎ	oak tree	
泊まる	とまる	to stay at (e.g. hotel)	
泊める	とめる	to give shelter to, to lodge, to put up, to accommodate	
白	しろ	white	
白い	しろい	white	
白バイ	しろバイ	motorcycle police	
白衣	はくい	white clothes, white robe	
白羽	しらは	white feather	
白樺	しらかば	Japanese white birch (Betula platyphylla var. japonica)	
白菊	しらぎく	white chrysanthemum	
白血球	はっけっきゅう	white blood cell, leukocyte, leucocyte	
白血病	はっけつびょう	leukemia, leukaemia	
白黒	しろくろ	black and white, monochrome	
白菜	はくさい	napa cabbage (Brassica rapa subsp. pekinensis), nappa cabbage, Chinese cabbage	
白紙	はくし	white paper, flyleaf	
白書	はくしょ	white paper (government report)	
白状	はくじょう	confession	
白身	しろみ	egg white	
白人	はくじん	white person, Caucasian	
白線	はくせん	white line	
白鳥	はくちょう	swan (Cygnus spp.)	
白熱	はくねつ	white heat, incandescence, (emitting) white light, white glow	
白米	はくまい	polished rice, (uncooked) white rice	
舶来	はくらい	imported, foreign-made	
薄い	うすい	thin (of an object)	
薄める	うすめる	to dilute, to water down	
薄らぐ	うすらぐ	to become thin, to fade, to grow pale	
薄れる	うすれる	to fade, to become dim	
薄暗い	うすぐらい	dim, gloomy	
薄弱	はくじゃく	feebleness, weakness	
薄着	うすぎ	being lightly dressed	
迫る	せまる	to approach, to draw near, to be imminent	
迫害	はくがい	persecution, oppression	
迫撃砲	はくげきほう	mortar	
迫力	はくりょく	impressiveness, impact, force, intensity, presence, appeal, strength, punch, edge, vigor	
漠然	ばくぜん	vague, obscure, indistinct, hazy, ambiguous	
爆撃	ばくげき	bombing (raid)	
爆笑	ばくしょう	roar of laughter (from multiple people), burst of laughter, uproarious laughter	
爆弾	ばくだん	bomb	
爆竹	ばくちく	firecracker	
爆破	ばくは	destructive blast, blowing up, explosion	
爆発	ばくはつ	explosion, detonation, blast, blowing up, eruption	
爆薬	ばくやく	explosive, blasting powder	
縛り首	しばりくび	(death by) hanging	
縛る	しばる	to tie, to bind, to fasten	
莫大	ばくだい	vast, huge, immense, enormous, colossal	
麦	むぎ	wheat, barley, oat (oats)	
麦芽	ばくが	malt	
麦茶	むぎちゃ	barley tea	
麦畑	むぎばたけ	wheat field, barley field, cornfield	
箸	はし	chopsticks	
筈	はず	should (be), bound (to be), expected (to be), must (be)	
肌	はだ	skin	
肌色	はだいろ	flesh colour (of a Japanese person), flesh color, pale orange	
肌着	はだぎ	underwear, underclothes, lingerie, chemise, singlet	
畑	はたけ	field (for growing wheat, fruit, vegetables, etc.), cultivated land, vegetable plot, kitchen garden, plantation	
八つ当たり	やつあたり	venting one's anger (on someone or something), taking out one's anger on	
８月	はちがつ	August	
八重桜	やえざくら	double-flowered cherry tree, double cherry blossoms	
八千代	やちよ	very long period, forever	
８日	ようか	8th day of the month	
八百屋	やおや	greengrocer, fruit and vegetable shop	
八分音符	はちぶおんぷ	8th note, eighth note, quaver	
八方	はっぽう	all sides, the four cardinal directions and the four ordinal directions	
鉢	はち	bowl, pot, basin	
鉢植え	はちうえ	potted plant	
発	はつ	departure, departing from ..., leaving at (e.g. 8:30)	
発する	はっする	to let out, to utter, to produce, to emit, to give forth, to discharge	
発育	はついく	(physical) growth, development	
発煙	はつえん	emitting smoke, fuming	
発煙筒	はつえんとう	smoke bomb, smoke candle	
発音	はつおん	pronunciation	
発火	はっか	ignition, combustion, catching fire	
発芽	はつが	germination, sprouting, budding	
発覚	はっかく	detection (of a plot, fraud, etc.), discovery, coming to light, being uncovered	
発刊	はっかん	publication, issue, launching (a publication)	
発汗	はっかん	sweating, perspiration, sudation, hidrosis, diaphoresis	
発揮	はっき	show (of power, ability, etc.), exhibition, demonstration, display, manifestation	
発禁	はっきん	prohibition of sale, ban on sale	
発掘	はっくつ	excavation, exhumation, digging up, unearthing	
発見	はっけん	discovery, detection, finding	
発言	はつげん	statement, remark, observation, utterance, speech, proposal	
発光	はっこう	emission (of light), radiation (of light), luminescence	
発効	はっこう	coming into effect	
発行	はっこう	publication (of a newspaper, magazine, book, etc.), issue	
発酵	はっこう	fermentation, zymosis	
発作	ほっさ	fit, attack, spasm, ictus, paroxysm, seizure, stroke	
発散	はっさん	emission, emanation, radiation, diffusion, dispersion	
発射	はっしゃ	firing (esp. a rocket or missile), launching, shooting, discharge, catapult	
発車	はっしゃ	departure (of a train, car, etc.), starting, leaving	
発祥	はっしょう	origin	
発祥地	はっしょうち	birthplace (e.g. of jazz, Buddhism), cradle (e.g. of civilization), place of origin	
発信	はっしん	dispatch, despatch, transmission, submission	
発進	はっしん	departure (from a base), takeoff, launch	
発生	はっせい	occurrence, incidence, outbreak, birth (e.g. of civilization)	
発声	はっせい	utterance, speaking, vocalization, vocalisation	
発想	はっそう	idea, conception	
発送	はっそう	sending, forwarding, shipping	
発達	はったつ	development, growth	
発端	ほったん	origin, genesis, opening, start, beginning	
発着	はっちゃく	arrival and departure	
発注	はっちゅう	ordering (materials), placing an order, order	
発展	はってん	development, growth, expansion, extension, flourishing	
発展途上国	はってんとじょうこく	developing country	
発電	はつでん	generation of electricity, power generation	
発電機	はつでんき	dynamo, power generator	
発電所	はつでんしょ	power plant, power station	
発動	はつどう	putting into operation	
発熱	はつねつ	generation of heat	
発売	はつばい	sale, offering for sale, putting on sale, putting on the market, release (for sale)	
発表	はっぴょう	announcement, publication, presenting, statement, communique, making known, breaking (news story), expressing (one's opinion), releasing, unveiling	
発表会	はっぴょうかい	(school) recital, school concert, class presentation	
発病	はつびょう	onset of an illness, falling ill	
発泡	はっぽう	foaming	
発泡スチロール	はっぽうスチロール	styrofoam, styrene foam, expanded polystyrene	
発砲	はっぽう	firing, discharge of gun	
発明	はつめい	invention	
発令	はつれい	official announcement, proclamation	
髪	かみ	hair (on the head)	
髪の毛	かみのけ	hair (on the head), (a) hair	
討つ	うつ	to attack, to destroy, to defeat, to conquer, to avenge	
伐採	ばっさい	felling timber, cutting down trees, logging, lumbering	
罰	ばち	(divine) punishment, curse, retribution	
罰	ばつ	punishment, penalty	
罰する	ばっする	to punish, to penalize, to penalise	
罰金	ばっきん	fine, penalty	
罰則	ばっそく	punishment, penalty	
抜かす	ぬかす	to omit, to leave out, to skip	
抜かる	ぬかる	to make a mistake	
抜く	ぬく	to pull out, to draw out, to extract, to unplug, to weed	
抜ける	ぬける	to come out, to fall out, to be omitted, to be missing, to escape, to come loose	
抜け出す	ぬけだす	to slip out, to sneak away, to break free, to get through (a difficult situation)	
抜群	ばつぐん	outstanding, excellent, exceptional, distinguished, unrivaled, surpassing (e.g. beauty), beyond compare	
抜本的	ばっぽんてき	drastic, radical	
閥	ばつ	clique, clan, faction	
鳩	はと	pigeon, dove	
隼	はやぶさ	falcon (esp. the peregrine falcon, Falco peregrinus)	
伴う	ともなう	to accompany, to go hand in hand with, to be consequent upon	
伴奏	ばんそう	accompaniment	
伴侶	はんりょ	companion, partner, spouse	
判	はん	seal, stamp, monogram signature	
判決	はんけつ	judicial decision, judgement, judgment, sentence, decree	
判子	はんこ	seal (used in lieu of a signature), stamp, chop	
判事	はんじ	judge, judiciary	
判断	はんだん	judgment, judgement, decision, conclusion, adjudication	
判定	はんてい	judgement, judgment, decision, ruling, finding, adjudication, verdict, call	
判明	はんめい	establishing, proving, ascertaining, identifying, confirming	
判例	はんれい	(judicial) precedent	
半	はん	half, semi-, partial	
半ば	なかば	middle, halfway, midway	
半額	はんがく	half the amount (of money), half price, half fare	
半官半民	はんかんはんみん	semi-governmental, semi-official	
半期	はんき	half-term, half-time, half period	
半径	はんけい	radius	
半減	はんげん	reduction by half, halving	
半周	はんしゅう	semicircle, hemicycle, half globe	
半熟	はんじゅく	half-cooked, half-done, soft-boiled	
半身	はんしん	half the body, half length	
半数	はんすう	half the number, half (of an amount)	
半生	はんせい	half a lifetime, half one's life, one's life so far	
半袖	はんそで	short sleeves	
半端	はんぱ	remnant, fragment, incomplete set, incompleteness	
半値	はんね	half price	
半島	はんとう	peninsula	
半導体	はんどうたい	semiconductor	
半分	はんぶん	half	
半面	はんめん	while, although, though, but	
反	はん	anti-	
反する	はんする	to be contrary (to), to go against, to run counter (to), to contradict, to be opposite (to)	
反る	そる	to warp, to curve, to arch, to bend	
反応	はんのう	reaction, response	
反感	はんかん	antipathy, antagonism, animosity, revulsion, ill feeling	
反共	はんきょう	anticommunism	
反響	はんきょう	echo, reverberation	
反撃	はんげき	counterattack, counteroffensive, counterblow	
反抗	はんこう	opposition, resistance, insubordination, defiance, hostility, rebellion	
反作用	はんさよう	reaction	
反射	はんしゃ	reflection, reverberation	
反射的	はんしゃてき	reflexive, reflecting	
反省	はんせい	reflection, reconsideration, introspection, meditation, contemplation	
反証	はんしょう	proof to the contrary, disproof, counter-evidence, rebuttal, refutation	
反戦	はんせん	anti-war	
反則	はんそく	foul, breaking the rules	
反体制	はんたいせい	anti-establishment	
反対	はんたい	opposition, resistance, antagonism, hostility, objection, dissent	
反対側	はんたいがわ	opposite side, opposition	
反転	はんてん	rolling over, turning over	
反動	はんどう	reaction, recoil, kick, backlash	
反日	はんにち	anti-Japanese	
反発	はんぱつ	opposition, rebellion, revolt, resistance, backlash, refusal	
反米	はんべい	anti-American	
反面	はんめん	while, although, though, but	
反落	はんらく	reactionary fall (e.g. in stock prices)	
反乱	はんらん	insurrection, mutiny, rebellion, revolt, uprising	
反論	はんろん	objection, refutation, rebuttal, counterargument	
帆	ほ	sail	
帆走	はんそう	sailing	
搬出	はんしゅつ	carrying out (esp. heavy objects, artwork, furniture), taking out	
搬送	はんそう	transportation, conveyance, delivery	
搬入	はんにゅう	carrying in (esp. heavy objects, artwork, furniture), bringing in, taking in	
斑	むら	unevenness (of colour, paint, etc.), irregularity, nonuniformity, blotchiness	
板	いた	board, plank	
氾濫	はんらん	overflowing, flood, inundation, deluge	
汎用	はんよう	generic, general purpose, all-purpose	
版	はん	edition, version, printing, impression, implementation (of software)	
版画	はんが	woodcut, woodblock print, art print	
版権	はんけん	copyright, publishing rights	
犯す	おかす	to commit (e.g. crime), to perpetrate, to make (e.g. mistake)	
犯行	はんこう	crime, criminal act, offence, offense	
犯罪	はんざい	crime, offence, offense	
犯罪者	はんざいしゃ	criminal, culprit	
犯人	はんにん	offender, criminal, culprit	
班	はん	group, party, team	
班長	はんちょう	squad leader, group leader, team leader	
繁栄	はんえい	prosperity, thriving, flourishing	
繁華街	はんかがい	business district, shopping district, bustling street, shopping centre, shopping center, downtown	
繁殖	はんしょく	breeding, propagation, reproduction, multiplication, increase	
繁盛	はんじょう	prosperity, flourishing, thriving	
繁茂	はんも	flourishing (of plants), thriving, luxuriant growth, growing lushly, rankness (of weeds)	
藩	はん	han (estate of a daimyo in the Edo and early Meiji periods), feudal domain, fief, province	
藩主	はんしゅ	feudal lord, daimyo	
販売	はんばい	sale, sales, selling, marketing	
販路	はんろ	market (for goods, services, etc.), outlet (for selling), opening	
範囲	はんい	extent, scope, sphere, range, span	
煩い	うるさい	noisy, loud	
煩わしい	わずらわしい	troublesome, annoying, complicated	
煩雑	はんざつ	complex, intricate, complicated, confused, troublesome, vexatious, cumbersome	
煩悩	ぼんのう	worldly desires, evil passions, appetites of the flesh	
頒布	はんぷ	distribution, circulation	
飯	めし	cooked rice	
晩	ばん	evening, night	
晩婚	ばんこん	late marriage	
晩酌	ばんしゃく	drink at home with one's evening meal, dinner-time drink	
晩年	ばんねん	one's later years, final years (in life)	
番犬	ばんけん	watchdog, guard dog	
番号	ばんごう	number, series of digits	
番組	ばんぐみ	program (e.g. TV), programme	
番地	ばんち	house number, address	
番付	ばんづけ	ranked list (entertainers, sumo wrestlers, millionaires, etc.)	
番目	ばんめ	the nth ...	
盤	ばん	board (in shogi, go, chess, etc.)	
蛮行	ばんこう	act of barbarity, barbarism, brutality, savagery	
蛮勇	ばんゆう	foolhardiness, recklessness, savage valour, savage valor, brute courage	
卑しい	いやしい	lowborn, humble, lowly	
卑怯	ひきょう	cowardly, craven	
卑屈	ひくつ	servile, subservient, obsequious, slavish, self-abasing, grovelling, spineless	
卑劣	ひれつ	mean, contemptible, despicable, dirty, foul, cowardly, base	
否	ひ	no, the noes	
否決	ひけつ	rejection, negation, voting down	
否定	ひてい	denial, negation, repudiation, disavowal	
否認	ひにん	denial, negation, repudiation, disapproval	
妃殿下	ひでんか	princess, Her Royal Highness	
庇う	かばう	to protect (someone), to look after (e.g. an injured leg), to defend, to cover for, to stand up for, to stick up for	
彼	かれ	he, him	
彼ら	かれら	they, them	
彼岸	ひがん	equinoctial week (when Buddhist services are held)	
彼氏	かれし	boyfriend	
彼女	かのじょ	she, her	
彼奴	あいつ	he, she, that guy	
彼方	かなた	beyond, across, the other side, the distance	
彼方	あちら	that way, that direction, over there, yonder	
悲しい	かなしい	sad, miserable, unhappy, sorrowful	
悲しむ	かなしむ	to be sad, to mourn for, to regret	
悲哀	ひあい	sorrow, grief, sadness	
悲観	ひかん	pessimism, (taking a) gloomy view, discouragement, despondency, despair, disappointment	
悲観的	ひかんてき	pessimistic, gloomy	
悲願	ひがん	one's dearest wish	
悲劇	ひげき	tragedy, tragic drama, tragic play	
悲惨	ひさん	disastrous, tragic, miserable, wretched, pitiful, woeful, outrageous	
悲壮	ひそう	tragic but brave, heroic, grim	
悲嘆	ひたん	grief, sorrow, anguish, lamentation	
悲痛	ひつう	grief, sorrow, extreme sadness, heartbreak	
悲鳴	ひめい	shriek, scream	
悲恋	ひれん	blighted love, disappointed love	
扉	とびら	door, gate, opening	
批准	ひじゅん	ratification	
非難	ひなん	criticism, blame, censure, attack, reproach	
批判	ひはん	criticism, judgement, judgment, comment	
批判的	ひはんてき	critical, judgmental, censorious, negative	
批評	ひひょう	criticism, critique, review, commentary	
披瀝	ひれき	expressing one's opinion, speaking one's mind, making known, revealing	
披露	ひろう	announcement, presentation, demonstration, displaying, showing, introducing, unveiling, revealing, performing	
披露宴	ひろうえん	reception (e.g. wedding), banquet, celebration, party	
比	ひ	ratio, proportion	
比べる	くらべる	to compare, to make a comparison (between)	
比較	ひかく	comparison	
比較的	ひかくてき	comparatively, relatively	
比重	ひじゅう	specific gravity, relative density	
比率	ひりつ	ratio, proportion, percentage	
比例	ひれい	proportion	
疲れ	つかれ	tiredness, fatigue	
疲れる	つかれる	to get tired, to tire, to get fatigued, to become exhausted, to grow weary	
疲れ果てる	つかれはてる	to get tired out, to be exhausted	
疲弊	ひへい	exhaustion, fatigue	
疲労	ひろう	fatigue, weariness, exhaustion, tiredness	
皮	かわ	skin, hide, pelt, fur	
革	かわ	leather	
皮革	ひかく	leather, hide	
皮切り	かわきり	beginning, start	
皮肉	ひにく	irony, sarcasm, cynicism, satire	
皮膚	ひふ	skin	
皮膚科	ひふか	dermatology	
皮膚病	ひふびょう	skin disease	
碑文	ひぶん	inscription, epitaph, epigraph	
秘める	ひめる	to hide, to keep to oneself	
秘訣	ひけつ	secret (method, trick, etc.), key (e.g. to success), mysteries (of an art, trade, etc.), recipe, trick	
秘書	ひしょ	(private) secretary	
秘密	ひみつ	secret, secrecy, confidentiality, privacy	
秘話	ひわ	secret story, unknown episode	
罷免	ひめん	dismissal (from a position), discharge	
肥	こえ	manure, night soil, dung, fertiliser, fertilizer	
肥える	こえる	to grow fat, to gain weight, to put on weight	
肥やし	こやし	manure, night soil, dung, fertiliser, fertilizer	
肥大	ひだい	swelling, enlargement, becoming fat	
肥満	ひまん	corpulence, fatness, obesity	
肥料	ひりょう	manure, fertilizer, fertiliser, compost	
被せる	かぶせる	to cover (with something)	
被る	かぶる	to put on (one's head), to wear, to have on, to pull over (one's head), to crown (oneself)	
被害	ひがい	(suffering) damage, injury, harm	
被害者	ひがいしゃ	victim, injured party, sufferer	
被告	ひこく	defendant, the accused	
被告人	ひこくにん	accused, defendant, prisoner at the bar	
被災	ひさい	suffering (from a disaster), being hit (by an earthquake, typhoon, etc.), falling victim (to)	
被災者	ひさいしゃ	person affected by a disaster, afflicted person, victim, sufferer, survivor	
被写体	ひしゃたい	(photographic) subject	
被爆	ひばく	being bombed	
被服	ひふく	clothing	
誹謗	ひぼう	slander, abuse	
費	ひ	cost, expense	
費やす	ついやす	to spend, to expend, to consume	
費用	ひよう	cost, expense	
避暑	ひしょ	escaping the summer heat, going somewhere cooler during the summer, summering	
避難	ひなん	taking refuge, finding shelter, evacuation, escape, seeking safe haven	
避妊	ひにん	contraception, birth control	
非	ひ	fault, error, mistake	
非公開	ひこうかい	private, non-public, secret, closed-door, closed	
非公式	ひこうしき	informal, unofficial	
非行	ひこう	delinquency, misconduct	
非合法	ひごうほう	illegal, unlawful	
非常	ひじょう	emergency	
非常に	ひじょうに	very, extremely, exceedingly	
非常口	ひじょうぐち	emergency exit	
非常識	ひじょうしき	lack of common sense, thoughtlessness, senselessness, irrationality, absurdity	
非礼	ひれい	impoliteness	
飛ばす	とばす	to let fly, to make fly, to send flying, to blow off (e.g. in the wind), to launch, to fire, to hurl, to shoot	
飛び交う	とびかう	to fly about, to flutter about, to flit about, to fly past each other	
飛び出す	とびだす	to jump out, to leap out, to fly out, to run out, to rush out, to bolt out	
飛行	ひこう	flight, flying, aviation	
飛行機	ひこうき	airplane, aeroplane, plane, aircraft	
飛行士	ひこうし	pilot	
飛行場	ひこうじょう	airfield, airport	
飛行船	ひこうせん	airship, blimp	
飛躍	ひやく	leap, jump	
備え	そなえ	preparation, provision, guarding	
備え付ける	そなえつける	to provide, to furnish, to equip, to install	
備考	びこう	note (for reference), remarks, N.B.	
備蓄	びちく	stocking up (in case of emergency), stockpile, reserves, storing, laying in (supplies)	
尾	お	tail (of an animal), cauda	
尾行	びこう	shadow, tail, following	
尾根	おね	(mountain) ridge	
微細	びさい	minute, fine, detailed, subtle	
微小	びしょう	microscopic	
微笑	びしょう	smile	
微笑む	ほほえむ	to smile	
微震	びしん	slight earthquake	
微塵	みじん	particle, atom, little piece	
みじん切り	みじんぎり	finely chopped (cooking)	
微生物	びせいぶつ	microbe, germ	
微熱	びねつ	slight fever	
微妙	びみょう	subtle, delicate, fine	
微量	びりょう	minuscule amount, extremely small quantity	
琵琶	びわ	biwa (Japanese lute)	
眉	まゆ	eyebrow, eyebrows	
眉毛	まゆげ	eyebrow	
美	び	beauty	
美しい	うつくしい	beautiful, pretty, lovely, sweet, pure (heart, friendship, etc.)	
美化	びか	beautification, glorification	
美学	びがく	esthetics, aesthetics	
美辞麗句	びじれいく	flowery words, rhetorical flourishes	
美術	びじゅつ	art, fine arts	
美術館	びじゅつかん	art museum, art gallery	
美女	びじょ	beautiful woman	
美人	びじん	beautiful woman, (a) beauty, belle, good-looker	
美点	びてん	virtue, charm, merit, good point	
美貌	びぼう	beautiful face, good looks, beauty	
美味しい	おいしい	good(-tasting), nice, delicious, tasty	
美容	びよう	beauty, good figure, (beautiful) appearance, (beautiful) features	
美容院	びよういん	beauty parlour, beauty parlor, beauty salon, hairdressing salon	
美容師	びようし	beautician, cosmetician, hairdresser, hair stylist	
鼻	はな	nose	
鼻水	はなみず	nasal mucus, dripping nose, snot	
鼻先	はなさき	tip of nose	
匹敵	ひってき	to be a match for, to rival, to equal, to compare with, to be equivalent to	
膝	ひざ	knee	
肘	ひじ	elbow	
必ず	かならず	always, without exception, necessarily, certainly, without fail, positively, invariably	
必ずしも	かならずしも	(not) always, (not) necessarily, (not) entirely, (not) all	
必携	ひっけい	indispensable, essential, must-have	
必見	ひっけん	must-see, not-to-be-missed	
必需	ひつじゅ	necessary	
必需品	ひつじゅひん	necessities, necessary article, requisite, essentials	
必修	ひっしゅう	required (subject)	
必勝	ひっしょう	certain victory	
必須	ひっす	indispensable, essential, requisite, required, compulsory, necessary	
必然	ひつぜん	inevitable, necessary, certain, sure	
必然的	ひつぜんてき	inevitable, necessary	
必着	ひっちゃく	must arrive (no later than; e.g. of an application), must be received, must be delivered	
必読	ひつどく	must-read, required reading	
必要	ひつよう	necessary, needed, essential, indispensable	
必要性	ひつようせい	necessity, need	
筆	ふで	writing brush, paintbrush, pen	
筆記	ひっき	(taking) notes, copying	
筆記試験	ひっきしけん	written examination	
筆者	ひっしゃ	writer, author	
筆順	ひつじゅん	stroke order (esp. of a Chinese character)	
筆跡	ひっせき	handwriting	
筆頭	ひっとう	brush tip	
筆名	ひつめい	alias, pseudonym, pen name, nom de plume	
姫君	ひめぎみ	daughter of a person of high rank (esp. eldest daughter)	
紐	ひも	string, cord	
百	ひゃく	hundred, 100	
１００億	ひゃくおく	10,000,000,000, ten billion	
百貨店	ひゃっかてん	department store	
百合	ゆり	lily (Lilium spp.)	
百姓	ひゃくしょう	farmer, peasant, farm laborer, farmhand	
１００万	ひゃくまん	1,000,000, one million, million	
標語	ひょうご	motto, slogan, catchword	
標高	ひょうこう	elevation, height above sea level	
標識	ひょうしき	sign, mark, marker, beacon	
標準	ひょうじゅん	standard, criterion, norm, model, mark	
標準語	ひょうじゅんご	standard language (used in government, education, etc.)	
標的	ひょうてき	target	
標本	ひょうほん	specimen, sample	
氷	こおり	ice	
氷河	ひょうが	glacier	
氷山	ひょうざん	iceberg	
氷点下	ひょうてんか	below freezing	
漂う	ただよう	to drift, to float	
漂着	ひょうちゃく	drifting ashore	
漂白	ひょうはく	blanching, bleaching	
漂白剤	ひょうはくざい	bleaching agent, bleach	
漂流	ひょうりゅう	drifting, drift, being adrift	
票	ひょう	vote, ballot	
表	おもて	surface	
表	ひょう	table, chart, list	
表する	ひょうする	to express, to show	
表記	ひょうき	expression in writing, written representation, notation, transcription, orthography	
表決	ひょうけつ	vote, voting	
表現	ひょうげん	expression, representation, description	
表向き	おもてむき	outward appearance, ostensible, public, official	
表紙	ひょうし	cover (of a book, magazine, etc.), binding	
表示	ひょうじ	indication, expression, showing, manifestation, demonstration	
表彰	ひょうしょう	(official) commendation, public recognition (of someone's achievements, good deeds, etc.), awarding, honouring	
表彰状	ひょうしょうじょう	testimonial, certificate of commendation	
表情	ひょうじょう	facial expression, countenance	
表題	ひょうだい	title, index, heading, headline, caption	
表通り	おもてどおり	main street (as opposed to a side street), high street	
表明	ひょうめい	declaration, indication, representation, manifestation, demonstration, expression, announcement, assertion	
表面	ひょうめん	surface, face	
表裏	ひょうり	front and back, inside and outside, two sides, both sides	
表立って	おもてだって	publicly, openly, ostensibly, formally	
表立つ	おもてだつ	to become public, to become known, to come out in the open	
評	ひょう	criticism, commentary, review	
評価	ひょうか	valuation, appraisal, evaluation, assessment, estimation, rating, judging	
評議	ひょうぎ	conference, discussion	
評議員	ひょうぎいん	trustee, councillor (councilor)	
評決	ひょうけつ	decision, verdict	
評判	ひょうばん	reputation, (public) estimation, popularity	
評論	ひょうろん	criticism, critique, review, comment, critical essay	
評論家	ひょうろんか	critic, reviewer, commentator	
描写	びょうしゃ	depiction, description, portrayal	
病	やまい	illness, disease	
病む	やむ	to fall ill	
病院	びょういん	hospital, clinic, doctor's office, doctor's surgery, infirmary	
病気	びょうき	illness (usu. excluding minor ailments, e.g. common cold), disease, sickness	
病苦	びょうく	pain of sickness	
病死	びょうし	death from disease, death from illness	
病室	びょうしつ	sickroom, hospital room, ward	
病弱	びょうじゃく	weak (constitution), sickly, feeble, in poor health	
病床	びょうしょう	sickbed, (hospital) bed	
病状	びょうじょう	patient's condition, pathology	
病人	びょうにん	sick person, patient, invalid	
病棟	びょうとう	(hospital) ward	
病名	びょうめい	name of a disease	
秒	びょう	second (unit of time)	
秒速	びょうそく	speed per second, velocity per second	
秒読み	びょうよみ	countdown	
苗	なえ	seedling, young plant	
苗床	なえどこ	seedbed, nursery, seed-plot	
苗木	なえぎ	seedling, sapling, young tree	
品格	ひんかく	dignity, quality, grace, panache, level	
品詞	ひんし	part of speech	
品質	ひんしつ	quality (of a product or a service)	
品種	ひんしゅ	type (of goods), sort	
品性	ひんせい	character	
品切れ	しなぎれ	out of stock, sold out	
品物	しなもの	article, item, thing, goods, wares	
品名	ひんめい	product name, name of an article	
品目	ひんもく	item, commodity, list of articles	
浜	はま	beach, seashore	
浜辺	はまべ	beach, foreshore	
貧しい	まずしい	poor, needy	
貧血	ひんけつ	anemia, anaemia	
貧困	ひんこん	poverty, penury, need, destitution	
貧弱	ひんじゃく	poor, meagre, meager, feeble, scanty, shabby, insubstantial	
貧相	ひんそう	poor-looking, impoverished-looking	
貧富	ひんぷ	wealth and poverty, rich and poor	
貧乏	びんぼう	poverty-stricken, destitute, poor, penurious	
貧乏人	びんぼうにん	poor person, the poor	
頻度	ひんど	frequency (of occurrence)	
頻発	ひんぱつ	frequent occurrence	
頻繁	ひんぱん	frequent, incessant	
敏感	びんかん	sensitive, alert, aware, susceptible	
敏速	びんそく	quickness, agility, activity	
敏腕	びんわん	ability, capability, competence, skill	
瓶	びん	bottle, jar, decanter, flagon, phial, vial	
瓶詰め	びんづめ	bottling	
不安	ふあん	anxiety, uneasiness, worry, apprehension, fear, insecurity, suspense	
不安定	ふあんてい	instability, insecurity, crankiness	
不意	ふい	sudden, abrupt, unexpected, unforeseen	
不運	ふうん	misfortune, bad luck, ill luck, ill fortune	
不穏	ふおん	disquieting, threatening, turbulent, restless, unsettled, disturbing	
不可	ふか	wrong, bad, improper, unjustifiable, inadvisable	
不可解	ふかかい	incomprehensible, mysterious, inexplicable, inscrutable, enigmatic, baffling	
不可欠	ふかけつ	indispensable, essential	
不可侵	ふかしん	inviolability, nonaggression, sacredness	
不可能	ふかのう	impossible	
不可避	ふかひ	inevitable, inescapable, unavoidable	
不可分	ふかぶん	atomic, indivisibility	
不快	ふかい	displeasure, discomfort, unpleasantness	
不確か	ふたしか	unreliable, uncertain, indefinite, unclear	
不確実	ふかくじつ	uncertain, unreliable, inauthentic, insecure	
不完全	ふかんぜん	imperfect, incomplete, faulty, defective	
不慣れ	ふなれ	inexperienced, unfamiliar (with), unversed, lacking experience	
不器用	ぶきよう	clumsy, awkward, unskillful	
不機嫌	ふきげん	pout, displeasure, ill humor, ill humour, sullenness	
不気味	ぶきみ	weird, eerie, ominous, creepy, uncanny, unearthly	
不規則	ふきそく	irregular, unsystematic, unsteady, disorderly	
不起訴	ふきそ	nonprosecution, nonindictment	
不吉	ふきつ	ominous, sinister, unlucky, inauspicious	
不朽	ふきゅう	everlasting, immortal, eternal, enduring, undying, imperishable	
不況	ふきょう	(economic) depression, recession, slump	
不均衡	ふきんこう	imbalance, lack of balance, lopsidedness, disproportion, inequality, disparity	
不屈	ふくつ	persistence, fortitude, indomitability	
不景気	ふけいき	economic slump, hard times, depression, recession	
不潔	ふけつ	unclean, dirty, unsanitary, filthy	
不健康	ふけんこう	poor health, ill health, unhealthy	
不公平	ふこうへい	unfairness, injustice, partiality	
不孝	ふこう	undutifulness to one's parents, lack of filial piety	
不幸	ふこう	unhappiness, sorrow, misfortune, disaster, accident	
不合格	ふごうかく	(examination) failure, rejection, disqualification	
不合理	ふごうり	irrational, illogical, unreasonable, absurd, inconsistent	
不在	ふざい	absence	
不作	ふさく	poor crop, bad harvest, crop failure	
不思議	ふしぎ	wonderful, marvelous, strange, incredible, amazing, curious, miraculous, mysterious	
不死身	ふじみ	invulnerability, immortality, insensibility to pain	
不時着	ふじちゃく	emergency landing, forced landing, crash landing	
不自然	ふしぜん	unnatural, artificial, affected, strained	
不自由	ふじゆう	discomfort, inconvenience	
不十分	ふじゅうぶん	insufficient, inadequate, imperfect	
不純	ふじゅん	impure, adulterated, foul, mixed, dishonest	
不順	ふじゅん	irregular, unseasonable, changeable, unsettled, abnormal	
不祥事	ふしょうじ	scandal, impropriety, misconduct	
不肖	ふしょう	unworthy (of one's father, teacher, etc.)	
不詳	ふしょう	unknown, unidentified, unspecified	
不条理	ふじょうり	absurd, irrational, unreasonable, illogical	
不浄	ふじょう	unclean, dirty, impure	
不信	ふしん	distrust, mistrust, disbelief, discredit	
不信任	ふしんにん	non-confidence, lack of confidence	
不審	ふしん	doubt, suspicion, question, strangeness	
不振	ふしん	dullness, slump, stagnation, inactivity, depression	
不親切	ふしんせつ	unkindness, unfriendliness	
不人気	ふにんき	unpopular	
不図	ふと	suddenly, casually, accidentally, incidentally, unexpectedly, unintentionally	
不成立	ふせいりつ	failure (e.g. of a bill, motion), falling through, rejection, miscarriage	
不整脈	ふせいみゃく	arrhythmia, abnormal heartbeat	
不正	ふせい	injustice, unfairness, wrongdoing, iniquity, impropriety, irregularity, dishonesty, illegality, fraud	
不戦	ふせん	war renunciation, anti-war	
不全	ふぜん	partial, incomplete, imperfect	
不相応	ふそうおう	unsuited, inappropriate, improper, undeserved	
不足	ふそく	insufficiency, deficiency, shortage, lack, scarcity, deficit	
不退転	ふたいてん	determination, conviction	
不断	ふだん	constant, persistent, unremitting, ceaseless	
不仲	ふなか	discord, (on) bad terms (with)	
不注意	ふちゅうい	carelessness, inattention, thoughtlessness, negligence	
不調	ふちょう	bad condition, poor condition, disorder, slump, being out of form	
不通	ふつう	suspension, interruption, stoppage, tie-up, cessation	
不敵	ふてき	daring, fearless, intrepid, bold, tough	
不適切	ふてきせつ	unsuitable, inappropriate, improper	
不適当	ふてきとう	inadequacy, inappropriateness, unfitness, impropriety	
不渡り	ふわたり	dishonouring (a bill), dishonoring, bouncing (a cheque, check), non-payment	
不都合	ふつごう	inconvenient, inexpedient, unfavourable, troublesome, difficult	
不当	ふとう	unfair, unjust, wrongful, improper, unreasonable, unwarranted, unjustified, undeserved, undue	
不透明	ふとうめい	opaque, obscure, murky, turbid	
不動	ふどう	immovable, motionless, firm, unwavering, unshakable, steadfast	
不動産	ふどうさん	real estate	
不動産屋	ふどうさんや	real estate agent, realtor	
不得意	ふとくい	one's weak point	
不徳	ふとく	lack of virtue, immorality, vice, depravity, unworthiness	
不能	ふのう	impossible, incapable (of doing), unable (to do)	
不発	ふはつ	misfire	
不備	ふび	defect, deficiency, imperfection, inadequacy, lack	
不必要	ふひつよう	unnecessary, needless	
不評	ふひょう	bad reputation, poor reception, unpopularity, disrepute	
不服	ふふく	dissatisfaction, discontent, disapproval, objection, complaint, protest, disagreement	
不払い	ふばらい	nonpayment, default	
不文律	ふぶんりつ	unwritten law, common law	
不平	ふへい	discontent, dissatisfaction, complaint, grievance	
不平等	ふびょうどう	inequality, unfairness	
不偏不党	ふへんふとう	impartiality, neutrality, independence	
不変	ふへん	eternal, everlasting, unchangeable, immutable, immovable, constant, permanent, indestructible	
不便	ふべん	inconvenience, inexpediency, unhandiness	
不法	ふほう	unlawful, illegal	
不本意	ふほんい	reluctant, unwilling, involuntary, unintentional, unintended, unlooked-for, disappointing	
不満	ふまん	dissatisfaction, discontent, displeasure, complaint, unhappiness	
不味い	まずい	bad(-tasting), unpalatable, unsavoury, unsavory, awful, terrible, unpleasant	
不眠	ふみん	sleeplessness, insomnia, wakefulness	
不眠症	ふみんしょう	sleeplessness, insomnia, wakefulness	
不明	ふめい	unclear, obscure, indistinct, uncertain, ambiguous	
不毛	ふもう	barren, sterile, infertile	
不問	ふもん	not asking (about), letting go unquestioned, disregarding, ignoring, overlooking	
不愉快	ふゆかい	unpleasant, disagreeable, displeasing, uncomfortable, unhappy	
不用意	ふようい	unprepared	
不利	ふり	disadvantage, handicap, unfavorable position	
不利益	ふりえき	disadvantage, handicap, drawback, inadvisability, inexpediency, loss	
不慮	ふりょ	unforeseen, unexpected, sudden, accidental	
不良	ふりょう	bad, poor, inferior, defective	
不良品	ふりょうひん	inferior goods, defective product, defective goods	
不倫	ふりん	adultery, impropriety, (an) affair, immorality	
不和	ふわ	discord, trouble, dissension, disagreement, friction, conflict, feud, bad terms	
ついて行く	ついていく	to accompany, to follow, to keep up with	
付き合い	つきあい	association, socializing, socialising, fellowship	
付く	つく	to be attached, to be connected with, to adhere, to stick, to cling	
付け	つけ	bill, bill of sale, payment invoice	
付ける	つける	to attach, to join, to connect, to add, to append, to affix, to stick, to glue, to fasten, to sew on, to apply (ointment), to put against	
付け加える	つけくわえる	to add (one thing to another), to add (a few more words, an explanation, etc.)	
つけ込む	つけこむ	to take advantage of, to impose on, to exploit	
付け根	つけね	root, joint, base, crotch	
付け足す	つけたす	to add (to), to add on, to append	
付加	ふか	addition, annexation, appendage	
付近	ふきん	neighborhood, neighbourhood, vicinity, environs, surrounding area, district	
付帯	ふたい	incidental, ancillary, accessory, secondary, collateral	
付着	ふちゃく	sticking to, clinging to, adhesion, cohesion, agglutination	
付与	ふよ	grant, allowance, endowment, bestowal, assignment, conferment	
夫	おっと	husband	
夫妻	ふさい	husband and wife, married couple	
夫人	ふじん	wife, Mrs, madam	
婦女	ふじょ	woman, womankind	
婦女子	ふじょし	women and children	
婦人	ふじん	woman, lady, adult female	
婦人科	ふじんか	gynecology department	
婦長	ふちょう	head nurse	
富	とみ	riches, wealth, fortune	
富む	とむ	to be rich in, to abound in, to be abundant in, to be full of	
富貴	ふうき	riches and honours (honors), wealth and rank	
富豪	ふごう	wealthy person, millionaire	
富士山	ふじさん	Mount Fuji, Mt. Fuji, Fujiyama, Fuji-san	
富裕	ふゆう	wealthy, rich, affluent	
布	ぬの	cloth, fabric, material, textile	
布巾	ふきん	dish towel, tea towel, dishcloth	
布告	ふこく	edict, ordinance, proclamation	
布施	ふせ	alms-giving, charity	
布石	ふせき	strategic arrangement of go stones at the beginning of a game, opening moves	
布団	ふとん	futon, Japanese bedding consisting of a mattress and a duvet	
府県	ふけん	prefectures (of Japan, excl. Tokyo and Hokkaido)	
府知事	ふちじ	prefectural governor (of Osaka or Kyoto)	
府庁	ふちょう	prefectural office (of Osaka or Kyoto)	
怖がる	こわがる	to be afraid (of), to fear, to be frightened (of), to be scared (of), to worry (about)	
扶助	ふじょ	aid, help, assistance, support	
扶養	ふよう	support (e.g. of one's dependents), maintenance	
敷く	しく	to spread out (e.g. a futon), to lay out	
敷居	しきい	threshold (esp. one with grooves for sliding doors), sill	
敷金	しききん	(security) deposit, caution money	
敷設	ふせつ	laying (a railroad, pipes, naval mines, etc.), construction	
敷地	しきち	site, plot, lot, grounds	
普及	ふきゅう	diffusion, spread, popularization, promulgation, familiarization	
普賢	ふげん	Samantabhadra (bodhisattva), Universal Compassion	
普段	ふだん	usual, normal, everyday, habitual, ordinary	
普通	ふつう	normal, ordinary, regular, usual, common, average	
普通選挙	ふつうせんきょ	universal suffrage	
普通預金	ふつうよきん	ordinary deposit	
浮かび上がる	うかびあがる	to rise to the surface	
浮かべる	うかべる	to float, to set afloat, to launch	
浮かれる	うかれる	to make merry, to be festive	
浮き	うき	floating, buoyancy	
浮き浮き	うきうき	cheerfully, buoyantly, happily, in high spirits	
浮く	うく	to float	
浮かぶ	うかぶ	to float, to be suspended	
浮気	うわき	extramarital sex, affair, fooling around	
浮腫	むくみ	swelling, edema, oedema, dropsy	
浮上	ふじょう	surfacing, rising to the surface	
浮世絵	うきよえ	ukiyo-e, ukiyoe, Edo-period woodblock print	
浮揚	ふよう	floating (e.g. in air, water), floatation, buoyancy, buoying up (e.g. economy)	
浮浪者	ふろうしゃ	vagrant, vagabond, tramp, homeless person, hobo, bum	
父	ちち	father	
父兄	ふけい	guardians, parents	
父子	ふし	father and child, father and son, father and daughter	
父親	ちちおや	father	
父母	ふぼ	father and mother, parents	
父方	ちちかた	father's side of family	
符号	ふごう	sign, mark, symbol, code	
符合	ふごう	agreement, coincidence, correspondence, conformity	
腐る	くさる	to rot, to go bad, to decay, to spoil, to fester, to decompose, to turn sour (e.g. milk)	
腐食	ふしょく	rot, decay, erosion	
腐心	ふしん	taking great pains (to do), making every effort, having a lot of trouble (doing), racking one's brains	
腐敗	ふはい	decomposition, putrefaction, putrescence, spoilage	
譜面	ふめん	sheet music, score	
負	ふ	negative, minus	
負う	おう	to carry on one's back, to bear, to shoulder	
負かす	まかす	to defeat	
負け	まけ	defeat, loss, losing (a game)	
負ける	まける	to lose, to be defeated, to be beaten	
負け越し	まけこし	having more losses than wins	
負け犬	まけいぬ	loser, failure, underdog, unsuccessful person, non-achiever, loser dog	
負んぶ	おんぶ	carrying (someone) on one's back (esp. a child), piggyback ride	
負荷	ふか	burdening, bearing, shouldering, imposing	
負債	ふさい	debt, liabilities	
負傷	ふしょう	injury, wound	
負担	ふたん	burden, load, responsibility	
賦課	ふか	levy, imposition	
赴く	おもむく	to go in the direction of, to proceed toward, to proceed according to, to repair to, to betake oneself to	
赴任	ふにん	moving to a different location to start a new job, (proceeding to) new appointment	
侮辱	ぶじょく	insult, affront, slight, contempt (e.g. of court)	
侮蔑	ぶべつ	scorn, disdain, contempt, slight	
撫でる	なでる	to stroke, to caress, to brush gently, to pat, to rub	
武器	ぶき	weapon, arms, ordnance	
武者	むしゃ	warrior	
武将	ぶしょう	military commander	
武装	ぶそう	arms, armament, taking up arms, arming oneself	
武道	ぶどう	martial arts, military arts, Bushido	
武勇	ぶゆう	bravery, military prowess, valour, valor	
武力	ぶりょく	armed might, military power, the sword, force	
舞う	まう	to dance (orig. a whirling dance)	
舞楽	ぶがく	bugaku, court dance and music	
舞台	ぶたい	stage (of a theatre, concert hall, etc.)	
舞台裏	ぶたいうら	offstage, backstage, behind the scenes	
舞踏	ぶとう	dance (esp. Western style), dancing	
舞姫	まいひめ	female dancer, dancing girl, danseuse	
舞踊	ぶよう	dancing, dance	
葡萄	ぶどう	grape, grapevine	
部	ぶ	department (in an organization, company, etc.), division, bureau, faculty	
部位	ぶい	part (esp. of the body), region, site, cut (of meat)	
部員	ぶいん	staff, member (club, society, etc.)	
部屋	へや	room, chamber	
部下	ぶか	subordinate person	
部首	ぶしゅ	radical (of a kanji character)	
部数	ぶすう	number of copies, circulation	
部族	ぶぞく	tribe	
部隊	ぶたい	force, unit, corps, squad, troops, party	
部長	ぶちょう	head (chief, director) of a section or department	
部内	ぶない	the staff, inside the department	
部品	ぶひん	parts, accessories, components	
部分	ぶぶん	portion, section, part	
部分的	ぶぶんてき	partial	
部門	ぶもん	division (of a larger group), branch, field, class (subclass), group, category, department	
部落	ぶらく	hamlet, subunit of village	
封	ふう	seal	
封鎖	ふうさ	blockade, lockdown, sealing off (an area)	
封書	ふうしょ	sealed letter	
封筒	ふうとう	envelope	
風	かぜ	wind, breeze, draught, draft	
風	ふう	method, manner, way, style	
風雨	ふうう	wind and rain	
風雲	ふううん	winds and clouds, nature, the elements	
風下	かざしも	leeward, lee, downwind	
風格	ふうかく	personality, style, appearance	
風紀	ふうき	public morals, discipline, rules governing social behavior	
風景	ふうけい	scenery, scene, landscape, view, sight	
風向き	かざむき	wind direction	
風刺	ふうし	satire, irony, sarcasm	
風邪をひく	かぜをひく	to catch a cold	
風習	ふうしゅう	custom	
風情	ふぜい	taste, elegance, charm	
風船	ふうせん	balloon (toy or decoration)	
風速	ふうそく	wind speed	
風俗	ふうぞく	manners, customs	
風潮	ふうちょう	tide, current	
風通し	かぜとおし	ventilation	
風土	ふうど	natural features, topography, climate, spiritual features	
風流	ふうりゅう	elegance, taste, refinement	
風力	ふうりょく	wind power	
風鈴	ふうりん	wind chime, wind bell	
風呂	ふろ	bath, bathing, bathtub, bathroom	
風呂屋	ふろや	public bathhouse	
風呂場	ふろば	bathroom	
風呂敷	ふろしき	furoshiki, wrapping cloth, cloth wrapper	
伏せる	ふせる	to lay (something) face down, to place upside down, to turn over (face down)	
伏線	ふくせん	foreshadowing	
伏兵	ふくへい	ambush, troops in ambush	
副	ふく	assistant, associate, vice-, sub-, deputy, substitute, auxiliary, supplementary, additional, collateral	
副業	ふくぎょう	side job, sideline, subsidiary business	
副作用	ふくさよう	side effect, adverse reaction	
副産物	ふくさんぶつ	by-product	
副詞	ふくし	adverb	
副社長	ふくしゃちょう	executive vice-president	
副賞	ふくしょう	supplementary prize, additional prize, auxiliary prize, bonus prize	
副葬品	ふくそうひん	grave goods, burial accessories	
副題	ふくだい	subtitle, subheading	
復活	ふっかつ	revival (of an old system, custom, fashion, etc.), restoration, return, comeback	
復帰	ふっき	return, reversion, comeback, reinstatement	
復旧	ふっきゅう	restoration, restitution, rehabilitation	
復興	ふっこう	revival, reconstruction, restoration, rebuilding, recovery, renaissance	
復権	ふっけん	rehabilitation, reinstatement, restoration of rights	
復元	ふくげん	restoration (to the original state or location), reconstruction, restitution	
復刻	ふっこく	republication, reissue, reprinting, reproduction	
復習	ふくしゅう	review (of learned material), revision	
復讐	ふくしゅう	revenge	
復調	ふくちょう	recovery, return to form, regaining one's (usual) form	
幅	はば	width, breadth	
幅広い	はばひろい	extensive, wide, broad	
服	ふく	clothes (esp. Western clothes), clothing, dress, costume, suit, outfit	
服従	ふくじゅう	obedience, submission, resignation	
服飾	ふくしょく	clothing and accessories, attire	
服装	ふくそう	attire, dress, clothes, clothing, costume, garb	
服役	ふくえき	penal servitude, serving time in prison	
服用	ふくよう	taking medicine, dosing	
福	ふく	good fortune, happiness, blessing, good luck	
福音	ふくいん	good news, glad tidings	
福祉	ふくし	welfare, well-being, social welfare, social security, social service	
腹	はら	abdomen, belly, stomach	
腹心	ふくしん	one's confidant, trusted friend, trusted retainer	
腹痛	ふくつう	stomach ache, abdominal pain	
腹部	ふくぶ	abdomen, abdominal region, belly	
複合	ふくごう	composite, combined, complex	
複雑	ふくざつ	complex, complicated, intricate, mixed (feelings)	
複雑さ	ふくざつさ	complexity	
複写	ふくしゃ	copying, duplication, reproduction, copy	
複数	ふくすう	plural, multiple	
複製	ふくせい	reproduction, duplication, reprinting	
複利	ふくり	compound interest	
覆す	くつがえす	to overturn, to capsize, to upset	
覆る	くつがえる	to topple over, to be overturned, to capsize	
覆面	ふくめん	mask, veil, disguise	
淵	ふち	deep pool, deep water, abyss	
払い込む	はらいこむ	to deposit, to pay in	
払い戻す	はらいもどす	to repay, to pay back, to refund, to reimburse	
払う	はらう	to pay (e.g. money, bill)	
払拭	ふっしょく	wiping out, sweeping away, eradicating, dispelling	
沸かす	わかす	to boil, to heat (a liquid), to prepare (a bath, hot drink)	
沸騰	ふっとう	boiling, seething	
仏	ふつ	France	
仏	ほとけ	Buddha, Shakyamuni	
仏教	ぶっきょう	Buddhism	
仏語	ふつご	French (language)	
仏像	ぶつぞう	statue of Buddha, image of Buddha, Buddhist statue, Buddhist image	
仏壇	ぶつだん	Buddhist (household) altar	
仏文	ふつぶん	French, French writing, French literature	
物	もの	thing, object, article, stuff, substance	
物陰	ものかげ	place hidden from view, cover, shelter, hiding place	
物音	ものおと	noise, sound	
物価	ぶっか	prices of commodities, prices (in general), cost-of-living	
物議	ぶつぎ	public discussion, public criticism, controversy	
物件	ぶっけん	article, thing, object	
物語	ものがたり	story, tale, narrative, account, fable, legend	
物語る	ものがたる	to tell (a story), to give an account of (an event, experience, etc.), to relate, to recount	
物好き	ものずき	(idle) curiosity, fancifulness, whimsy, (having) strange tastes	
物腰	ものごし	manner, demeanour, demeanor, bearing	
物産	ぶっさん	product	
物差し	ものさし	ruler, measure	
物資	ぶっし	goods, materials, commodities, resources, supplies	
物事	ものごと	things, everything	
物質	ぶっしつ	material, substance	
物証	ぶっしょう	physical evidence, real evidence, material evidence	
物心	ものごころ	awareness of things around one, ability to understand what is going on around oneself, judgment, judgement, discretion	
物凄い	ものすごい	terrific, staggering, tremendous, incredible, extreme	
物騒	ぶっそう	dangerous, unsettled, troubled, disturbed, insecure	
物足りない	ものたりない	unsatisfied, unsatisfactory, insufficient in some way, lacking something	
物体	ぶったい	object, body, solid	
物置	ものおき	storage room, storeroom, lumber room	
物的	ぶってき	material, physical	
物品	ぶっぴん	goods, articles	
物理	ぶつり	laws of nature, physical laws	
物理学	ぶつりがく	physics	
物理的	ぶつりてき	physical	
分	ふん	minute (unit of time)	
分	ぶん	part, portion, share	
分かつ	わかつ	to divide, to separate	
分からず屋	わからずや	obstinate person, blockhead	
分かり	わかり	understanding, comprehension	
分かれ目	わかれめ	fork, junction, parting of the ways	
分け	わけ	division, splitting, classification	
分ける	わける	to divide (into), to split (into), to part, to separate, to divide up, to classify, to sort out, to divide out	
分化	ぶんか	specialization, specialisation, differentiation	
分科会	ぶんかかい	subcommittee, subworking group, breakout session	
分解	ぶんかい	disassembly, dismantling, disaggregating, taking apart, breaking up, analysis, parsing	
分割	ぶんかつ	partition, division, separation, segmenting, splitting	
分割払い	ぶんかつばらい	payment by installments, payment by instalments, hire-purchase	
分岐	ぶんき	divergence, ramification, bifurcation, branching off	
分岐点	ぶんきてん	fork, junction, diverging point	
分業	ぶんぎょう	division of labor, division of labour, specialization, specialisation, assembly-line production	
分権	ぶんけん	decentralization of authority, decentralisation of authority	
分校	ぶんこう	branch school	
分冊	ぶんさつ	separate volume, fascicle, fascicule	
分散	ぶんさん	dispersion, breakup, scattering, decentralization, decentralisation, distribution	
分子	ぶんし	molecule	
分室	ぶんしつ	detached office, annex	
分乗	ぶんじょう	riding separately	
分譲	ぶんじょう	selling (real-estate) lots	
分身	ぶんしん	other self, alter ego, part of oneself (in someone or something else), representation of oneself	
分数	ぶんすう	fraction	
分析	ぶんせき	analysis	
分担	ぶんたん	taking on one's share (e.g. of work), dividing (work, expenses, etc.) between, apportionment, allotment, allocation, assignment	
分配	ぶんぱい	division, splitting, sharing, distribution, dissemination, allocation	
分布	ぶんぷ	distribution	
分別	ふんべつ	discretion, prudence, good sense, judgement, judgment, wisdom, discernment	
分別	ぶんべつ	separation (e.g. of rubbish when recycling), classification, discrimination, division, distinction	
分母	ぶんぼ	denominator	
分野	ぶんや	field, sphere, realm, division, branch	
分離	ぶんり	separation, partition, detachment, segregation, isolation	
分立	ぶんりつ	segregation, separation, independence	
分量	ぶんりょう	amount, quantity	
分類	ぶんるい	classification, categorization, sorting	
分裂	ぶんれつ	split, division, break up	
噴火	ふんか	eruption, volcanic eruption	
噴射	ふんしゃ	jet, spray, emission, spouting	
噴出	ふんしゅつ	spewing, gushing, spouting, eruption, effusion	
噴水	ふんすい	water fountain	
墳墓	ふんぼ	grave, tomb	
憤慨	ふんがい	indignation, resentment	
奮う	ふるう	to muster (e.g. one's courage), to call forth, to rouse up	
奮って	ふるって	energetically, strenuously, heartily	
奮起	ふんき	stirring, rousing oneself	
奮闘	ふんとう	strenuous effort, hard struggle, working hard	
奮発	ふんぱつ	strenuous efforts, exerting oneself, stirring oneself up, spurt	
粉	こな	flour, meal, powder, dust	
粉ミルク	こなミルク	milk powder	
粉砕	ふんさい	pulverization, pulverisation	
粉飾	ふんしょく	embellishment (e.g. of a story), ornamentation, decoration	
粉末	ふんまつ	fine powder	
糞	くそ	damn, damn it, shit, crap	
紛らす	まぎらす	to divert (e.g. one's mind), to distract, to relieve (boredom, sorrow, etc.), to drown (one's sorrows), to beguile (the time)	
紛らわしい	まぎらわしい	easily mixed up (e.g. similar words), easily mistaken, confusing, misleading, equivocal, ambiguous	
紛れる	まぎれる	to disappear into, to be lost in, to slip into, to get mixed in among	
紛糾	ふんきゅう	complication, confusion, disorder, chaos, dispute, conflict, trouble, quarrel	
紛失	ふんしつ	loss, going missing	
紛争	ふんそう	dispute, conflict, trouble, unrest, strife	
雰囲気	ふんいき	atmosphere, mood, ambience, ambiance, aura, feel	
文	ふみ	letter, note, mail	
文	ぶん	sentence	
文化	ぶんか	culture, civilization, civilisation	
文化財	ぶんかざい	cultural assets, cultural property	
文化的	ぶんかてき	cultural	
文科	ぶんか	humanities and social sciences, liberal arts	
文学	ぶんがく	literature	
文学者	ぶんがくしゃ	scholar of literature, literary person, man of letters	
文楽	ぶんらく	bunraku, Japanese puppet theatre (theater)	
文句	もんく	complaint, grumbling, objection	
文系	ぶんけい	humanities, social sciences, and fine arts, liberal arts	
文芸	ぶんげい	literature	
文献	ぶんけん	literature, books (reference), document	
文庫	ぶんこ	library, book collection	
文語	ぶんご	written language, literary language	
文字	もじ	letter (of an alphabet), character	
文字通り	もじどおり	literally, to the letter	
文章	ぶんしょう	writing, composition, essay, article, passage, prose, (writing) style	
文体	ぶんたい	literary style	
文壇	ぶんだん	literary world, literary circles	
文中	ぶんちゅう	in the sentence, in the text	
文通	ぶんつう	correspondence, exchange of letters	
文筆	ぶんぴつ	literary art, literary activity, writing	
文部	もんぶ	Ministry of Education, Science and Culture (1871-2001)	
文部省	もんぶしょう	Ministry of Education, Science and Culture (1871-2001)	
文法	ぶんぽう	grammar	
文房具	ぶんぼうぐ	stationery	
文脈	ぶんみゃく	context (of a passage), line of thought	
文民	ぶんみん	civilian	
文明	ぶんめい	civilization, civilisation, culture	
文面	ぶんめん	contents of a document (esp. of a letter)	
聞かす	きかす	to let (someone) hear, to tell (e.g. a story), to inform (of)	
聞き取り	ききとり	listening comprehension, aural comprehension	
聞き取る	ききとる	to catch (someone's words), to make out, to follow, to understand	
聞き手	ききて	hearer, listener, audience	
然し	しかし	however, but	
然も	しかも	moreover, furthermore	
併記	へいき	writing side by side, writing (down) together, writing (down) both	
併合	へいごう	merger, joining into one, amalgamation, melding, merging, annexation, absorption	
併殺	へいさつ	double play	
併設	へいせつ	joint establishment (esp. schools of different levels or different courses of study), establishment as an annex (e.g. of a school), juxtaposition, placing side by side	
併発	へいはつ	concurrence, coincidence, complication (in illness)	
併用	へいよう	combined use, using together (with), using jointly, using at the same time	
強者	きょうしゃ	strong person, the strong, the powerful	
兵員	へいいん	military strength, military personnel	
兵器	へいき	arms, weapon, ordnance	
兵士	へいし	soldier	
兵舎	へいしゃ	barracks	
兵隊	へいたい	soldier, sailor	
兵役	へいえき	military service, conscription	
兵力	へいりょく	military force, force of arms, strength of an army	
塀	へい	wall	
平たい	ひらたい	flat, even, level	
平ら	たいら	flat, level, even, smooth	
平安	へいあん	peace, tranquility, tranquillity	
平泳ぎ	ひらおよぎ	breaststroke (swimming)	
平穏	へいおん	tranquil, calm, restful, peaceful, quiet	
平仮名	ひらがな	hiragana, cursive Japanese syllabary used primarily for native Japanese words (esp. function words, inflections, etc.)	
平気	へいき	cool, calm, composed, unconcerned, nonchalant, unmoved, indifferent	
平均点	へいきんてん	average mark, mean point	
平行線	へいこうせん	parallel lines	
平衡	へいこう	balance, equilibrium	
平時	へいじ	peacetime, time of peace	
平常	へいじょう	normal, usual, ordinary, everyday	
平静	へいせい	calm, peace, serenity, tranquility, tranquillity	
平等	びょうどう	equality, impartiality, evenness	
平日	へいじつ	weekday, ordinary days (i.e. non-holiday)	
平年	へいねん	non-leap year	
平年並み	へいねんなみ	similar to that of an average year, in line with an average year, normal	
平方	へいほう	square (e.g. metre)	
平方キロメートル	へいほうキロメートル	square kilometer, square kilometre	
平方メートル	へいほうメートル	square metre, square meter	
平凡	へいぼん	ordinary, common, commonplace, mediocre, unremarkable, undistinguished, uneventful	
平面	へいめん	level surface, plane	
平野	へいや	plain, open field	
平和	へいわ	peace, harmony	
弊害	へいがい	harmful effect, harmful influence, evil practice, abuse, malady	
弊社	へいしゃ	our company, our firm	
柄	え	handle, grip	
柄	がら	pattern, design	
並び	ならび	line, row, rank, list	
並びに	ならびに	and (also), both ... and, as well as	
並ぶ	ならぶ	to line up, to stand in a line	
並べる	ならべる	to line up, to set up, to arrange in a line	
並行	へいこう	going side-by-side, going abreast	
並立	へいりつ	standing abreast	
並列	へいれつ	arranging in a line, standing in a row	
閉ざす	とざす	to shut, to close, to fasten, to lock	
閉じる	とじる	to close (e.g. book, eyes, meeting, etc.), to shut	
閉じ込める	とじこめる	to lock up, to shut up, to imprison	
閉じこもる	とじこもる	to seclude oneself, to shut oneself away	
閉める	しめる	to close, to shut	
閉会	へいかい	closure (of a ceremony, event, meeting, etc.)	
閉口	へいこう	to be stumped, to be at a loss, to be at one's wits' end, to be nonplussed	
閉鎖	へいさ	closing, closure	
閉塞	へいそく	blockage, blockade, blocking up, stoppage, obstruction, occlusion	
閉店	へいてん	closing up shop (for the day)	
閉幕	へいまく	falling of the curtain	
陛下	へいか	Your Majesty, His Majesty, Her Majesty	
米	こめ	(husked grains of) rice	
米価	べいか	rice price	
米軍	べいぐん	US armed forces	
米国	べいこく	(United States of) America, USA, US	
米穀	べいこく	rice	
米飯	べいはん	cooked rice	
米粒	こめつぶ	grain of rice	
僻む	ひがむ	to have a warped view, to be jaundiced, to be prejudiced	
壁	かべ	wall, partition	
壁画	へきが	fresco, mural, wall painting	
壁紙	かべがみ	wallpaper	
癖	くせ	habit (usu. a bad one), tendency	
別	べつ	distinction, difference, discrimination	
別に	べつに	(not) particularly, (not) especially, (not) specially	
別れ	わかれ	parting, separation, farewell	
別院	べついん	branch temple	
別館	べっかん	annex (to a building), annexe, extension, supplementary building	
別居	べっきょ	separation, living separately, living apart	
別個	べっこ	another, different, separate, discrete	
別冊	べっさつ	separate volume, extra issue, supplement, additional volume, supplementary volume	
別室	べっしつ	separate room, another room	
別荘	べっそう	holiday house, vacation home, villa	
別途	べっと	separate, special, another	
別棟	べつむね	separate building, outbuilding, outhouse	
別表	べっぴょう	annexed (statistical) table	
別問題	べつもんだい	different thing, another question, different case	
蔑む	さげすむ	to scorn, to despise, to hold in contempt, to look down on, to disdain	
箆	へら	spatula, (fabric) tracing spatula, (pottery) pallet	
偏り	かたより	deviation, inclination, offset, bias, prejudice	
偏狭	へんきょう	narrow-mindedness, intolerance, illiberality, narrowness	
偏見	へんけん	prejudice, bias, distorted view	
偏向	へんこう	propensity, tendency, inclination, deflection	
偏重	へんちょう	attaching too much importance to, placing disproportionate emphasis on, making too much of	
偏食	へんしょく	unbalanced diet	
変	へん	strange, odd, peculiar, weird, curious, eccentric, funny, suspicious, fishy	
変える	かえる	to change, to alter, to transform, to convert, to turn, to vary	
変わった	かわった	unusual, abnormal, strange, odd, peculiar, weird, different	
変わらない	かわらない	constant, invariant	
変わり	かわり	change, alteration	
変わる	かわる	to change, to be transformed, to be altered, to vary	
変移	へんい	change, alteration, transmutation, mutation	
変化	へんか	change, variation, alteration, mutation, transition, transformation, transfiguration, metamorphosis	
変化球	へんかきゅう	breaking ball (pitch), curve ball, screwball	
変革	へんかく	change, transformation, reform, revolution, revolutionizing, innovation, upheaval	
変換	へんかん	change, conversion, transformation	
変形	へんけい	transformation, variation, metamorphosis, modification, deformation, variety, deformity, monster	
変更	へんこう	change, modification, alteration, revision, amendment	
変質	へんしつ	alteration (of character or essence), change in quality, transformation, deterioration, degeneration, transmutation	
変身	へんしん	metamorphosis, disguise, transformation, shapeshifting, morphing	
変人	へんじん	eccentric, crank, oddball	
変遷	へんせん	change, transition, vicissitudes	
変造	へんぞう	alteration, defacement, debasement, falsification, forgery	
変則	へんそく	irregularity, anomaly	
変態	へんたい	transformation	
変動	へんどう	change, fluctuation	
変貌	へんぼう	transfiguration, transformation, change of appearance	
変容	へんよう	change in appearance, transformation	
片仮名	カタカナ	katakana, angular Japanese syllabary used primarily for loanwords	
片隅	かたすみ	corner, nook	
片手	かたて	one hand	
片側	かたがわ	one side	
片道	かたみち	one-way (trip)	
片付く	かたづく	to be put in order, to be put to rights	
片付ける	かたづける	to put in order, to tidy up, to clean up, to put away, to clear away	
片方	かたほう	one side, one party, the other side, the other party	
片目	かため	one eye, one of one's eyes	
編	へん	compilation (of a text), editing	
編む	あむ	to knit, to plait, to braid	
編集者	へんしゅうしゃ	editor (in publishing, etc.)	
編成	へんせい	composition, formation, organization, organisation, compilation	
編入	へんにゅう	admission, incorporation, enlistment, enrollment	
辺	へん	area, vicinity, region	
辺り	あたり	(in the) neighbourhood, neighborhood, vicinity, nearby, surroundings	
辺境	へんきょう	remote region, outlying district, border district, frontier	
辺地	へんち	remote place	
返す	かえす	to return (something), to restore, to put back	
返る	かえる	to return, to come back, to go back	
返還	へんかん	return, restoration	
返却	へんきゃく	return of something, repayment	
返金	へんきん	refund, repayment, reimbursement	
返済	へんさい	repayment, reimbursement, refund, redemption	
返事	へんじ	reply, answer, response	
返上	へんじょう	return, giving back, giving up, relinquishing, surrendering	
返信	へんしん	reply (e.g. email, fax, letter), answer	
返送	へんそう	sending back, return to sender	
返答	へんとう	reply, answer	
返品	へんぴん	returned goods, returning purchased goods	
遍歴	へんれき	travels, pilgrimage, itinerancy	
便	びん	flight (e.g. airline flight), trip (e.g. train trip), service	
便り	たより	news, tidings, information, correspondence, letter	
便宜	べんぎ	convenience, accommodation, advantage, benefit, expediency	
便所	べんじょ	toilet, lavatory, water closet, restroom, bathroom	
便乗	びんじょう	taking advantage of (an opportunity), jumping on the bandwagon	
便秘	べんぴ	constipation	
便利	べんり	convenient, handy, useful	
便利さ	べんりさ	convenience, handiness, usefulness	
便箋	びんせん	writing paper, stationery, notepaper	
勉学	べんがく	study, pursuit of knowledge	
勉強	べんきょう	study	
勉強中	べんきょうちゅう	while studying, presently studying	
弁	べん	speech, tongue, talk, eloquence	
弁える	わきまえる	to discern (e.g. right from wrong), to discriminate, to distinguish	
弁解	べんかい	explanation (e.g. for one's actions), excuse, justification, defense, defence	
弁慶	べんけい	strong person, person putting on a brave front	
弁護	べんご	defense, defence, pleading, advocacy	
弁護士	べんごし	lawyer, attorney	
弁護人	べんごにん	counsel, defender, advocate	
弁済	べんさい	repayment, settlement (of a debt), paying off, reimbursement (of expenses)	
弁償	べんしょう	compensation, indemnification, reparation, restitution, recompense	
弁舌	べんぜつ	speech, eloquence, manner of speaking, manner of expression	
弁当	べんとう	bento, Japanese box lunch	
お弁当	おべんとう	bento, Japanese box lunch	
弁務官	べんむかん	commissioner	
弁明	べんめい	explanation, excuse, clarification, vindication, apology	
弁論	べんろん	discussion, debate, argument	
保する	ほする	to guarantee	
持ち合い	もちあい	unity, even matching, interdependence	
保つ	たもつ	to keep, to preserve, to hold, to retain, to maintain, to sustain	
保安	ほあん	peace preservation, security	
保育	ほいく	nurturing, rearing, childcare, day care	
保育園	ほいくえん	nursery school, day nursery, day care center	
保温	ほおん	retaining warmth, keeping heat in, heat insulation	
保管	ほかん	charge, custody, safekeeping, deposit, storage	
保健	ほけん	preservation of health, hygiene, sanitation	
保健婦	ほけんふ	(female) public health nurse	
保険	ほけん	insurance	
保険金	ほけんきん	insurance payout, insurance money	
保護	ほご	protection, safeguard, guardianship, custody, patronage	
保護者	ほごしゃ	guardian, protector, patron, parent	
保持	ほじ	retention, maintenance, preservation	
保釈	ほしゃく	bail, releasing on bail	
保守	ほしゅ	maintenance	
保守党	ほしゅとう	Conservative Party	
保証金	ほしょうきん	deposit (esp. on renting a house), security money, bond payment, guarantee	
保証人	ほしょうにん	guarantor, surety, sponsor, reference, bondsman	
保証付き	ほしょうつき	guaranteed, certified, warranty included	
保全	ほぜん	preservation, conservation, maintenance, integrity	
保存	ほぞん	preservation, conservation, storage, maintenance	
保有	ほゆう	possession, retention, maintenance	
保養	ほよう	health preservation, recuperation, recreation	
保留	ほりゅう	reservation, putting on hold, deferment, withholding	
舗	ほ	shop, store	
舗装	ほそう	paving (a road), surfacing (with asphalt, concrete, etc.), pavement	
捕まる	つかまる	to be caught, to be arrested	
捕る	とる	to catch (a wild animal, fish, insect, baseball, etc.), to capture	
捕獲	ほかく	capture, seizure	
捕鯨	ほげい	whaling, whale hunting, whale fishing	
捕手	ほしゅ	catcher	
捕虜	ほりょ	prisoner (of war), POW, captive	
歩	ほ	step, stride	
歩き回る	あるきまわる	to walk about, to walk around, to walk to and fro, to pace around, to wander	
歩く	あるく	to walk	
歩み	あゆみ	walking	
歩み寄る	あゆみよる	to compromise, to meet halfway	
歩む	あゆむ	to walk, to go on foot	
歩行	ほこう	walking, walk	
歩行者	ほこうしゃ	pedestrian, walker	
歩合	ぶあい	rate, ratio, percentage	
歩調	ほちょう	pace, step, cadence	
歩道	ほどう	footpath, walkway, sidewalk, pavement	
歩道橋	ほどうきょう	footbridge, pedestrian bridge, pedestrian overpass	
歩兵	ほへい	infantry, infantryman, foot soldier	
補う	おぎなう	to supplement, to make up for, to compensate for, to cover (a shortage, loss, etc.), to fill (e.g. a vacancy)	
補完	ほかん	complementation, supplementation, completion	
補給	ほきゅう	supply, supplying, replenishment	
補強	ほきょう	reinforcement, strengthening	
補欠	ほけつ	filling a vacancy, supplementation	
補修	ほしゅう	repair, mending	
補充	ほじゅう	replenishment, supplementation, supplement, replacement, refilling	
補助	ほじょ	assistance, support, help, aid	
補償	ほしょう	compensation, reparation	
補正	ほせい	correction, revision, compensation (e.g. to a pendulum)	
補足	ほそく	supplement, complement	
補聴器	ほちょうき	hearing aid	
穂	ほ	ear (of a cereal plant), head, spike	
募る	つのる	to become stronger, to grow in intensity, to grow violent, to become worse	
募金	ぼきん	fundraising, collection of contributions	
募集	ぼしゅう	recruitment, invitation, selection, advertisement, taking applications	
墓	はか	grave, gravesite, tomb	
墓穴	ぼけつ	grave (pit)	
慕う	したう	to yearn for, to long for, to pine for, to miss, to love dearly, to adore	
暮らし	くらし	(way of) life, lifestyle, living, life circumstances, livelihood, day-to-day life	
暮らす	くらす	to live (on, by, etc.), to lead a life, to get along, to get by	
暮れ	くれ	sunset, sundown, nightfall, dusk	
暮れる	くれる	to get dark, to grow dark	
母	はは	mother	
母音	ぼいん	vowel	
母校	ぼこう	alma mater	
母国	ぼこく	one's home country, one's homeland	
母国語	ぼこくご	language of one's country, mother tongue, native language	
母子	ぼし	mother and child	
母親	ははおや	mother	
母性	ぼせい	motherhood, maternity	
母体	ぼたい	mother's body (esp. when pregnant or after giving birth)	
母胎	ぼたい	womb, uterus	
母乳	ぼにゅう	mother's milk	
母方	ははかた	mother's side of family	
簿記	ぼき	bookkeeping	
菩薩	ぼさつ	bodhisattva, one who has reached enlightenment but vows to save all beings before becoming a buddha	
俸給	ほうきゅう	salary (esp. public employees), wages, pay	
包み	つつみ	bundle, package, parcel	
包み込む	つつみこむ	to wrap up	
包囲	ほうい	siege, encirclement, envelopment, surrounding, besiegement	
包括	ほうかつ	inclusion, complete coverage, comprehensiveness	
包含	ほうがん	inclusion, comprehension, implication, containing, covering	
包装	ほうそう	packing, wrapping	
包丁	ほうちょう	kitchen knife	
包容力	ほうようりょく	tolerance, broad-mindedness	
呆れる	あきれる	to be amazed, to be shocked, to be astonished, to be astounded, to be disgusted, to be exasperated, to be fed up	
呆気	あっけ	being taken aback, state of shock, dumbfoundedness	
報	ほう	information, news, report	
報いる	むくいる	to reward, to recompense, to repay	
報じる	ほうじる	to report, to inform	
報告	ほうこく	report, information	
報告書	ほうこくしょ	(written) report	
報酬	ほうしゅう	remuneration, recompense, reward, toll	
報知	ほうち	information, news, intelligence	
報道	ほうどう	report (of news), reporting, news, information, (media) coverage	
報道機関	ほうどうきかん	information media, press, news organs	
報復	ほうふく	retaliation, revenge, reprisal, retribution	
奉公	ほうこう	live-in domestic service, live-in apprenticeship	
奉行	ぶぎょう	magistrate, shogunate administrator	
奉仕	ほうし	service, ministry, attendance, church work	
奉納	ほうのう	dedication, offering, presentation, oblation	
宝	たから	treasure	
宝くじ	たからくじ	lottery	
宝庫	ほうこ	treasury, treasure house, storehouse, repository	
宝石	ほうせき	gem, jewel, precious stone	
峰	みね	peak, summit, ridge, top	
崩す	くずす	to destroy, to demolish, to pull down, to tear down, to level	
崩れる	くずれる	to collapse, to crumble	
崩壊	ほうかい	collapse, crumbling, breaking down, caving in	
抱え	かかえ	armful	
抱える	かかえる	to hold in one's arms, to carry in one's arms, to carry under one's arm, to hold (one's head) in one's hands	
抱き合う	だきあう	to embrace each other	
抱っこ	だっこ	carrying in one's arms (a baby, pet, doll, etc.), holding	
抱負	ほうふ	aspiration, ambition, plan, hopes, wishes	
捧げる	ささげる	to lift up, to hold up, to hold above eye level	
放す	はなす	to release, to let go, to free, to set free, to let loose, to turn loose	
放つ	はなつ	to fire (gun, arrow, questions, etc.), to shoot, to hit (e.g. baseball), to break wind	
放る	ほうる	to throw, to fling, to hurl, to toss	
放れる	はなれる	to get free (from), to be freed, to be released	
放映	ほうえい	televising, broadcasting, airing	
放火	ほうか	arson, setting fire	
放課後	ほうかご	after school (at the end of the day)	
放棄	ほうき	abandonment, renouncement, renunciation, resignation, abdication, surrender, relinquishing, waiving, giving up	
放射	ほうしゃ	radiation, emission	
放射性	ほうしゃせい	radioactive	
放射線	ほうしゃせん	radiation	
放射能	ほうしゃのう	radioactivity	
放出	ほうしゅつ	emission, release, radiation, discharge, gush	
放水	ほうすい	discharge of water (from a river, dam, etc.), drainage	
放送	ほうそう	broadcasting, broadcast, program, announcement	
放題	ほうだい	(doing) as one pleases, to one's heart's content, letting (something) go unchecked, leaving uncontrolled, leaving (something) to take its own course	
放置	ほうち	leaving as is, leaving alone, leaving to chance, neglecting, abandoning	
放逐	ほうちく	expulsion, ousting, ejection, dismissal, banishment	
放任	ほうにん	noninterference, leaving something to take its own course, giving someone a free hand with something	
放牧	ほうぼく	pasturage, grazing	
放浪	ほうろう	wandering, roaming, drifting	
方	かた	direction, way	
方	ほう	direction, way, side, area (in a particular direction)	
方位	ほうい	bearing, heading, point of the compass	
方角	ほうがく	direction, way	
方言	ほうげん	dialect, provincialism	
方向	ほうこう	direction, orientation, bearing, way	
方向音痴	ほうこうおんち	(person with) no sense of direction, poor sense of locality	
方策	ほうさく	plan, measure, means, scheme, policy	
方式	ほうしき	form, method, system, formula	
方針	ほうしん	policy, course, plan (of action), principle	
方程式	ほうていしき	equation, formula	
方法	ほうほう	method, way, manner, process, procedure, means, measure	
方面	ほうめん	direction, district, area	
法	ほう	law, act, principle	
法案	ほうあん	bill (law), measure	
法王	ほうおう	Pope	
法外	ほうがい	exorbitant, outrageous, ridiculous, absurd, excessive, inordinate, extravagant, immoderate	
法学	ほうがく	law, jurisprudence	
法規	ほうき	laws and regulations, legislation	
法師	ほうし	Buddhist priest, bonze	
法人	ほうじん	corporation, corporate body, company, legal entity, legal person, juridical person	
法制	ほうせい	legislation, laws	
法曹	ほうそう	legal profession, judicial officer, lawyer, attorney	
法曹界	ほうそうかい	legal circles	
法則	ほうそく	law, rule	
法定	ほうてい	legal, designated by law	
法廷	ほうてい	court (of law), courtroom	
法的	ほうてき	legal	
法務	ほうむ	judicial affairs	
法務省	ほうむしょう	Ministry of Justice	
法律	ほうりつ	law, legislation, act	
法令	ほうれい	statute, law, act, ordinance, regulation	
泡	あわ	bubble, foam, froth, suds, lather, head (on beer)	
砲	ほう	gun, cannon, artillery, ordnance	
砲火	ほうか	gunfire, fire	
砲撃	ほうげき	bombarding, shelling, bombardment	
砲弾	ほうだん	shell, cannonball	
砲兵	ほうへい	artillery, gunner	
縫う	ぬう	to sew, to stitch	
胞子	ほうし	spore	
芳香	ほうこう	perfume, fragrance, aroma, balm, sweet scent	
蜂	はち	bee, wasp, hornet	
蜂蜜	はちみつ	honey	
褒賞	ほうしょう	prize, award, reward	
褒美	ほうび	reward, prize	
訪ねる	たずねる	to visit, to call on, to pay a visit to	
訪れる	おとずれる	to visit, to call on	
訪日	ほうにち	visit to Japan	
訪米	ほうべい	visit to the United States	
訪問	ほうもん	call, visit	
豊か	ゆたか	abundant, plentiful, rich, ample	
豊漁	ほうりょう	good catch, good haul	
豊作	ほうさく	abundant harvest, bumper crop	
豊年	ほうねん	fruitful year	
豊富	ほうふ	abundant, plentiful, rich, ample	
豊満	ほうまん	stout, corpulent, plump, voluptuous	
邦画	ほうが	Japanese film	
邦楽	ほうがく	Japanese music (esp. traditional Japanese music)	
邦人	ほうじん	Japanese national (esp. abroad)	
飽食	ほうしょく	eating until one is full, eating one's fill, gorging (on), satiation	
飽和	ほうわ	saturation, satiation	
亡くなる	なくなる	to die, to pass away	
亡骸	なきがら	remains, corpse, (dead) body	
亡命	ぼうめい	fleeing from one's country, seeking asylum, defection, emigration (for political reasons), (going into) exile, becoming a (political) refugee	
亡霊	ぼうれい	departed spirit, soul of the dead	
傍観	ぼうかん	looking on, standing by and watching, sitting back and watching, remaining a spectator	
脇見	わきみ	looking from the side	
傍受	ぼうじゅ	interception, monitoring, tapping	
傍聴	ぼうちょう	listening (to a lecture, hearing, parliament session, etc.), attending (without participating), sitting in (e.g. on a meeting), observing	
坊さん	ぼうさん	Buddhist priest, monk	
坊主	ぼうず	Buddhist priest, bonze	
妨げ	さまたげ	obstruction, hindrance	
妨げる	さまたげる	to disturb, to prevent, to obstruct, to hinder	
妨害	ぼうがい	obstruction, hindrance, blocking, disturbance, interference, interruption, sabotage, jamming (a signal)	
帽子	ぼうし	hat, cap	
忘れる	わすれる	to forget, to leave carelessly, to be forgetful of, to forget about, to forget (an article)	
忘れ物	わすれもの	lost article, thing left behind	
忘却	ぼうきゃく	lapse of memory, forgetting completely, (consigning to) oblivion	
忘年会	ぼうねんかい	year-end party, "forget-the-year" party, bōnenkai	
忙しい	いそがしい	busy, occupied, hectic	
房	ふさ	tuft (of hair, threads, etc.), fringe, tassel	
暴れる	あばれる	to act violently, to rage, to struggle, to be riotous	
暴虐	ぼうぎゃく	tyranny, atrocity	
暴挙	ぼうきょ	violence, reckless action, (an) outrage	
暴行	ぼうこう	assault, outrage, act of violence	
暴走	ぼうそう	acting rashly, running wildly, behaving recklessly, rampaging	
暴徒	ぼうと	insurgent, rioter, mob	
暴騰	ぼうとう	sudden rise, sharp rise, boom, skyrocketing	
暴動	ぼうどう	insurrection, riot, uprising, rebellion, revolt	
暴風	ぼうふう	storm, windstorm, gale	
暴風雨	ぼうふうう	rainstorm, storm	
暴落	ぼうらく	slump, crash, heavy fall, sudden decline	
暴力	ぼうりょく	violence, mayhem	
暴力団	ぼうりょくだん	bōryokudan, gangster organization (organisation), crime syndicate, yakuza	
望ましい	のぞましい	desirable, hoped for, preferable, advisable	
望み	のぞみ	wish, desire, hope	
望む	のぞむ	to desire, to want, to wish for, to hope for	
望遠鏡	ぼうえんきょう	telescope	
望月	もちづき	full moon, moon on the 15th day of the month (by the lunar calendar)	
某	ぼう	certain, one	
棒	ぼう	pole, rod, stick, baton	
棒立ち	ぼうだち	standing upright, standing bolt upright, rearing	
冒す	おかす	to brave, to risk, to face, to venture	
冒険	ぼうけん	adventure, venture	
冒頭	ぼうとう	beginning, opening, start, outset	
紡ぐ	つむぐ	to spin, to make yarn	
紡織	ぼうしょく	spinning and weaving	
紡績	ぼうせき	spinning (textiles)	
膨らます	ふくらます	to swell, to expand, to inflate, to bulge	
膨らむ	ふくらむ	to expand, to swell (out), to get big, to become inflated	
膨張	ぼうちょう	expansion, swelling, increase, growth	
謀略	ぼうりゃく	scheme, plot, artifice, stratagem, trick	
貿易	ぼうえき	(foreign) trade, (international) commerce, importing and exporting	
防ぐ	ふせぐ	to defend against, to protect against	
防衛	ぼうえい	defense, defence, protection	
防疫	ぼうえき	communicable disease control (e.g. by quarantine, disinfection, etc.), prevention of epidemics	
防音	ぼうおん	soundproofing	
防火	ぼうか	fire prevention, fire control, fireproofing	
防空	ぼうくう	air defense, air defence	
防御	ぼうぎょ	defense, defence, safeguard, protection	
防災	ぼうさい	disaster preparedness, prevention of damage resulting from a natural disaster, protection against disaster	
防止	ぼうし	prevention, check	
防水	ぼうすい	waterproofing, making watertight	
防波堤	ぼうはてい	breakwater, mole	
防犯	ぼうはん	prevention of crime	
頬っぺた	ほっぺた	cheek	
北	きた	north	
北北東	ほくほくとう	north-northeast, north-north-east	
北アイルランド	きたアイルランド	Northern Ireland	
北緯	ほくい	north latitude	
北欧	ほくおう	Northern Europe, Nordic countries, Scandinavia	
北海	ほっかい	northern sea	
北海道	ほっかいどう	Hokkaido (island, prefectural-level administrative unit)	
北海道開発庁長官	ほっかいどうかいはつちょうちょうかん	Director General of Hokkaido Development Agency	
北京	ペキン	Beijing (China), Peking	
北極	ほっきょく	North Pole	
北極圏	ほっきょくけん	Arctic Circle, the Arctic	
北口	きたぐち	north entrance, north exit	
北上	ほくじょう	going north	
北西	ほくせい	northwest	
北端	ほくたん	northern extremity	
北朝鮮	きたちょうせん	North Korea	
北部	ほくぶ	northern part, the north (of a region)	
北米	ほくべい	North America	
北方	ほっぽう	the north, northward, northern direction	
北陸	ほくりく	Hokuriku region (of Honshu; incl. Niigata, Toyama, Ishikawa and Fukui prefectures)	
僕	ぼく	I, me	
僕ら	ぼくら	we, us	
僕たち	ぼくたち	we	
墨	すみ	sumi, India ink, Chinese ink, ink stick, ink-cake	
墨絵	すみえ	ink painting	
撲滅	ぼくめつ	eradication, extermination, destruction, suppression	
牧師	ぼくし	pastor, minister, clergyman, reverend	
牧草	ぼくそう	pasture, grass	
牧畜	ぼくちく	stock-farming, livestock farming, cattle breeding	
牧野	ぼくや	pasture land, ranch	
勃起	ぼっき	erection (of the penis), becoming erect, stiffening	
没	ぼつ	death	
没収	ぼっしゅう	seizure, confiscation, impounding, sequestration, forfeiture	
没頭	ぼっとう	immersing oneself in, being absorbed in, devoting oneself to, giving oneself up entirely to	
没落	ぼつらく	ruin, fall, collapse, downfall, bankruptcy	
殆ど	ほとんど	almost, nearly, mostly, practically, virtually, basically, just about, all but	
堀	ほり	moat, fosse	
堀川	ほりかわ	canal	
奔走	ほんそう	running about, making every effort (to do), busying oneself (with), being busily engaged (in), good offices, efforts	
奔放	ほんぽう	wild, uninhibited, extravagant, rampant	
本	ほん	book, volume, script	
本位	ほんい	standard, basis, principle	
本屋	ほんや	bookstore, bookshop	
本音	ほんね	real intention, motive, true opinion, what one really thinks	
本家	ほんけ	head house, main family	
本会議	ほんかいぎ	plenary session, regular session	
本格	ほんかく	original method, original procedure, genuine way (of doing something)	
本格化	ほんかくか	regularization, regularisation, getting up speed, proceeding at full tilt	
本格的	ほんかくてき	genuine, real, authentic, standard, orthodox	
本館	ほんかん	main building (as opposed to an annex, outbuilding, etc.)	
本願	ほんがん	Amida Buddha's original vow, long-cherished desire	
本気	ほんき	seriousness, earnestness, truth, sanctity	
本拠	ほんきょ	stronghold, inner citadel, base, headquarters	
本業	ほんぎょう	principal occupation, core business	
本校	ほんこう	main school, principal school	
本国	ほんごく	home country, one's own country, country of origin	
本腰	ほんごし	strenuous effort, earnestness, seriousness	
本旨	ほんし	main object, principal object, true aim	
本紙	ほんし	main section (of a newspaper), central column	
本質	ほんしつ	essence, true nature, substance, reality	
本社	ほんしゃ	head office, main office, headquarters, parent company	
本書	ほんしょ	main text	
本省	ほんしょう	ministry proper, home office, head office	
本場	ほんば	home (of something), place famous for its ..., center (e.g. of manufacture), best place (for)	
本職	ほんしょく	principal occupation, main job	
本心	ほんしん	true feelings, real intention, one's heart	
本人	ほんにん	the person in question, the person themselves, said person	
本数	ほんすう	number (of long, cylindrical things, movies, trains, home runs, etc.)	
本性	ほんしょう	true character, real nature	
本籍	ほんせき	one's registered domicile (as recorded in the family register), one's legal domicile (as opposed to where one lives)	
本線	ほんせん	main line, trunk line	
本尊	ほんぞん	principal object of worship (at a Buddhist temple), principal image	
本体	ほんたい	substance, true form, true character	
本隊	ほんたい	main body (of an army), main force	
本題	ほんだい	main topic, main subject, main issue, main question	
本棚	ほんだな	bookshelves, bookshelf, bookcase	
本朝	ほんちょう	this land, our country	
本調子	ほんちょうし	one's normal condition, one's usual state	
本店	ほんてん	head office, main office, main store, flagship store	
本島	ほんとう	main island	
本当	ほんとう	truth, reality, actuality, fact	
本堂	ほんどう	main hall (of a Buddhist temple), main temple	
本日	ほんじつ	today, this day	
本年	ほんねん	this (current) year	
本能	ほんのう	instinct	
本箱	ほんばこ	bookcase	
本番	ほんばん	performance (as opposed to practice), going before an audience or on-air, take	
本部	ほんぶ	headquarters, head office, main office	
本物	ほんもの	genuine article, real thing, real deal	
本名	ほんみょう	real name	
本命	ほんめい	favorite (to win), favourite, likely winner	
本木	もとき	original stock	
本来	ほんらい	originally, primarily	
本流	ほんりゅう	main course (of a river)	
本領	ほんりょう	characteristic quality, special character, one's real ability, one's specialty	
本塁	ほんるい	base, stronghold, main fort	
本塁打	ほんるいだ	home run	
翻す	ひるがえす	to turn over	
翻る	ひるがえる	to flutter (in the wind), to wave, to flap, to fly	
翻案	ほんあん	adaptation (of a novel, play, etc.)	
翻意	ほんい	changing one's mind	
翻訳	ほんやく	translation	
翻弄	ほんろう	having at one's mercy, trifling with, toying with, playing with, making a fool of, leading around by the nose, tossing about (a ship), buffeting	
凡そ	およそ	about, roughly, approximately	
凡庸	ぼんよう	mediocre, ordinary, commonplace, banal	
盆	ぼん	tray	
盆栽	ぼんさい	bonsai, miniature potted plant	
盆地	ぼんち	basin (e.g. between mountains)	
盆踊り	ぼんおどり	Bon Festival dance, Lantern Festival dance	
摩る	さする	to rub, to pat, to stroke, to massage	
摩擦	まさつ	friction	
摩天楼	まてんろう	skyscraper	
磨く	みがく	to polish, to shine, to burnish, to scour, to scrub, to brush (teeth), to grind (e.g. a lens)	
魔術	まじゅつ	magic, sorcery, witchcraft	
魔女	まじょ	witch	
魔法	まほう	magic, witchcraft, sorcery, spell	
魔法瓶	まほうびん	thermos bottle, vacuum flask	
魔力	まりょく	magical powers, supernatural powers, spell, charm	
麻	あさ	cannabis (Cannabis sativa), hemp (plant)	
麻雀	マージャン	mahjong, mah-jongg	
麻布	あさぬの	hemp cloth, linen	
麻薬	まやく	narcotic, drug, dope	
埋める	うずめる	to cover, to bury (e.g. one's face in hands), to submerge	
埋める	うめる	to bury (e.g. in the ground)	
埋もれる	うもれる	to be buried, to be covered, to be hidden	
埋葬	まいそう	burial	
埋蔵	まいぞう	burying in the ground	
埋没	まいぼつ	being buried	
妹	いもうと	younger sister	
枚	まい	counter for thin, flat objects (e.g. sheets of paper, plates, coins)	
枚挙	まいきょ	enumeration	
枚数	まいすう	the number of flat things	
毎	ごと	each, every	
毎	まい	every (usu. with events, e.g. every weekend), each	
毎に	ごとに	one by one, each, every, at intervals of	
毎回	まいかい	every time, each round	
毎時	まいじ	every hour, hourly	
毎週	まいしゅう	every week	
毎朝	まいあさ	every morning	
毎度	まいど	each time, always, often	
毎日	まいにち	every day, daily	
毎晩	まいばん	every night	
幕	まく	curtain	
幕開け	まくあけ	rise of the curtain, opening of a play	
幕切れ	まくぎれ	fall of the curtain, end of an act	
幕内	まくうち	makuuchi, top division (of professional sumo)	
幕府	ばくふ	shogunate, bakufu	
幕僚	ばくりょう	staff, staff officer	
膜	まく	membrane, film	
枕	まくら	pillow, bolster	
鮪	まぐろ	tuna (Thunnus spp.), tunny	
又	また	again, once more, once again, another time, some other time	
又は	または	or, either ... or ...	
抹殺	まっさつ	erasure, obliteration	
抹消	まっしょう	erasure, striking off, crossing out, cancellation, deletion	
抹茶	まっちゃ	matcha, powdered green tea	
末	すえ	end, tip, top	
末	まつ	the end (of)	
末に	すえに	finally, after, following	
末広	すえひろ	spreading out like an open fan	
末端	まったん	end, tip, extremities, terminal	
末日	まつじつ	last day (of a month)	
末尾	まつび	end (e.g. of report, document, paragraph, etc.)	
迄	まで	until (a time), till, to, up to	
繭	まゆ	cocoon	
万が一	まんがいち	(if) by some chance, by some possibility, in the unlikely event that, 10000 to 1	
万一	まんいち	(unlikely event of) emergency, the worst(-case scenario), 10000 to 1	
万引き	まんびき	shoplifting, shoplifter	
万国	ばんこく	all countries, the whole world, universal, all nations	
万事	ばんじ	all, everything	
万年	まんねん	ten thousand years, eternity	
万年筆	まんねんひつ	fountain pen	
万里	ばんり	thousands of miles	
慢性	まんせい	chronic (illness)	
慢性的	まんせいてき	chronic	
満たす	みたす	to satisfy (conditions, one's appetite, etc.), to meet (e.g. demands), to fulfill, to gratify	
満員	まんいん	full house, no vacancy, sold out, standing room only, full (of people), crowded	
満悦	まんえつ	great delight, great satisfaction, rapture	
満開	まんかい	full bloom (esp. of cherry blossom), full blossom	
満喫	まんきつ	having one's fill (of food or drink), eating (drinking) to one's heart's content	
満月	まんげつ	full moon	
満載	まんさい	full load, being fully loaded (with), being loaded to capacity (with), carrying a full load (of)	
満場	まんじょう	whole house, whole audience	
満場一致	まんじょういっち	unanimity, unanimous consent, unanimous agreement	
満席	まんせき	full house, all seats occupied, fully occupied	
満足	まんぞく	satisfaction, contentment, gratification	
満潮	まんちょう	high tide, high water, full tide	
満杯	まんぱい	full	
満腹	まんぷく	full stomach, filling one's stomach, eating one's fill	
満了	まんりょう	expiration, termination	
満塁	まんるい	bases loaded	
漫画	まんが	cartoon, comic, comic strip, manga	
漫談	まんだん	chat, desultory conversation	
まん延	まんえん	spread (e.g. of a disease), rampancy, infestation, proliferation, being widespread	
味	あじ	flavor, flavour, taste	
味付け	あじつけ	seasoning, flavour, flavor	
味の素	あじのもと	Ajinomoto, brand name of monosodium glutamate (MSG)	
味わい	あじわい	flavour, flavor, taste	
味わう	あじわう	to taste, to savor, to savour, to relish	
味覚	みかく	(sense of) taste, palate	
味噌	みそ	miso, fermented condiment usu. made from soybeans	
味噌汁	みそしる	miso soup	
味方	みかた	friend, ally, supporter	
未	ひつじ	the Sheep (eighth sign of the Chinese zodiac), the Ram, the Goat	
未だ	まだ	still, as yet, only	
未だ未だ	まだまだ	still, much more, (not) yet	
未解決	みかいけつ	unsolved, unresolved, unsettled, pending, outstanding	
未開	みかい	uncivilized, uncivilised, primitive, savage	
未完成	みかんせい	incomplete, unfinished, imperfect	
未決	みけつ	pending, undecided	
未婚	みこん	unmarried, not yet married	
未熟	みじゅく	unripe, green, immature	
未熟児	みじゅくじ	premature baby	
未遂	みすい	failed attempt (at a crime, suicide, etc.)	
未成年者	みせいねんしゃ	minor, underage person	
未然	みぜん	before it happens, previously	
未知	みち	not yet known, unknown, strange	
未知数	みちすう	(an) unknown, unknown number, variable	
未定	みてい	not yet fixed, undecided, pending, TBD	
未納	みのう	payment default, overdue on a payment	
未発表	みはっぴょう	unpublished, unreleased, not yet made public	
未払い	みはらい	unpaid, overdue	
未亡人	みぼうじん	widow	
未満	みまん	less than, under, below	
未明	みめい	early dawn, grey of morning, gray of morning	
未来	みらい	(distant) future	
未練	みれん	lingering attachment, lingering affection, regret, reluctance, ruefulness	
魅了	みりょう	charm, fascination	
魅力	みりょく	charm, fascination, glamour, glamor, attraction, appeal	
魅力的	みりょくてき	charming, fascinating, attractive	
魅惑	みわく	attraction, fascination, lure, captivation, charm	
巳	み	the Snake (sixth sign of the Chinese zodiac), the Serpent	
密航	みっこう	smuggling (people), stowing away	
密室	みっしつ	locked room	
密集	みっしゅう	crowding together, clustering together, close formation, swarm	
密接	みっせつ	close (relationship, connection, etc.), intimate, near	
密着	みっちゃく	close adhesion, sticking firmly (to), being glued (to)	
密度	みつど	density	
密売	みつばい	illicit sale, smuggling, bootlegging, trafficking	
密輸	みつゆ	smuggling, contraband trade	
密猟	みつりょう	poaching	
蜜柑	みかん	mandarin (esp. the satsuma mandarin (Citrus unshiu)), mandarin orange, tangerine, clementine, satsuma	
脈	みゃく	pulse	
脈絡	みゃくらく	logical connection, chain of reasoning, coherence, context	
妙	みょう	strange, weird, odd, curious	
妙案	みょうあん	ingenious idea, excellent plan, bright idea	
妙技	みょうぎ	exquisite skill, wonderful performance	
妙手	みょうしゅ	spectacular move (chess, shogi, etc.), brilliant move	
民	たみ	people, citizens, subjects, folk	
民意	みんい	popular will, will of the people	
民営	みんえい	private management	
民営化	みんえいか	privatization, privatisation	
民家	みんか	private house	
民間	みんかん	private, non-governmental, non-official, civilian, civil	
民芸	みんげい	folk craft, folk art	
民事	みんじ	civil affairs, civil case	
民主	みんしゅ	democracy, popular sovereignty	
民主国	みんしゅこく	democratic state	
民主主義	みんしゅしゅぎ	democracy	
民主的	みんしゅてき	democratic	
民主党	みんしゅとう	Democratic Party	
民需	みんじゅ	private demand	
民衆	みんしゅう	people, populace, masses	
民宿	みんしゅく	guest house, private home providing lodging for travelers, bed and breakfast, pension	
民政	みんせい	civil administration, civil government	
民生	みんせい	public welfare, the people's livelihood	
民族自決	みんぞくじけつ	self-determination of peoples	
民族主義	みんぞくしゅぎ	nationalism	
民兵	みんぺい	militia, militiaman	
民法	みんぽう	civil law, civil code	
民謡	みんよう	folk song, popular song	
民話	みんわ	folk tale, folktale, folk story, folklore	
眠い	ねむい	sleepy, drowsy, somnolent	
眠気	ねむけ	sleepiness, drowsiness	
眠たい	ねむたい	sleepy, drowsy	
眠り	ねむり	sleep, sleeping	
眠る	ねむる	to sleep	
夢	ゆめ	dream	
夢にも	ゆめにも	(not) in the slightest, (not) at all	
夢幻	むげん	dreams, fantasy, visions	
夢想	むそう	dream, vision, reverie	
夢中	むちゅう	absorbed in, immersed in, crazy about, obsessed with, devoted to	
無い	ない	nonexistent, not being (there)	
無くす	なくす	to lose (something)	
無くなる	なくなる	to be lost (e.g. luggage), to be missing	
無し	なし	without	
無闇に	むやみに	thoughtlessly, recklessly, rashly, indiscriminately, indiscreetly, at random	
無意識	むいしき	unconsciousness	
無意味	むいみ	nonsense, no meaning, meaningless	
無為	むい	idleness, inactivity	
無益	むえき	useless, futile, vain	
無縁	むえん	unrelated, unconnected, irrelevant, indifferent, divorced from, having nothing to do with one, being foreign to one	
無我	むが	selflessness, self-effacement, self-renunciation	
無関係	むかんけい	unrelated	
無関心	むかんしん	apathetic, indifferent, nonchalant, callous	
無気力	むきりょく	apathy, lassitude, lethargy, languor	
無休	むきゅう	without a holiday, nonstop	
無給	むきゅう	unpaid, nonsalaried	
無菌	むきん	sterilised, sterilized, sterile, pasteurised, pasteurized, germ-free, aseptic	
無形	むけい	formless, immaterial, intangible, incorporeal, abstract, moral, spiritual	
無言	むごん	silence (not speaking), muteness	
無限	むげん	infinity, infinitude, eternity	
無効	むこう	invalid, void, ineffective, unavailable	
無口	むくち	taciturn, reticent, quiet, silent, untalkative	
無差別	むさべつ	indiscrimination, without discrimination	
無罪	むざい	innocence, being not guilty	
無残	むざん	cruel, merciless, atrocious, ruthless, cold-blooded	
無視	むし	disregarding, ignoring	
無事	ぶじ	safety, security, peace, quiet	
無実	むじつ	innocence, guiltlessness, false accusation, false charge	
無邪気	むじゃき	innocent, simple-minded	
無傷	むきず	unhurt, uninjured, unwounded, unscathed, unharmed	
無償	むしょう	without compensation, without reward, without pay	
無情	むじょう	heartlessness, hardness of heart, coldheartedness, cruelty	
無条件	むじょうけん	unconditional	
無職	むしょく	without an occupation, unemployed, jobless	
無色	むしょく	colourless, colorless, achromatic	
無人	むじん	unmanned, uninhabited, unattended, deserted	
無尽蔵	むじんぞう	inexhaustible supply	
無数	むすう	innumerable, countless, numberless	
無制限	むせいげん	unlimited, unrestricted, limitless	
無政府	むせいふ	anarchy	
無税	むぜい	duty-free, tax-free	
無責任	むせきにん	irresponsibility	
無線	むせん	radio (communication)	
無造作	むぞうさ	easy, simple, ready	
無駄	むだ	futility, waste, uselessness, pointlessness, idleness	
無駄遣い	むだづかい	waste (of money, time, etc.), squandering, frittering away	
無断	むだん	absence of permission, lack of permission	
無知	むち	ignorance, innocence, stupidity	
無地	むじ	plain, unfigured, patternless, solid (color)	
無秩序	むちつじょ	disorder, chaos, confusion	
無茶	むちゃ	absurd, unreasonable, ridiculous	
無茶苦茶	むちゃくちゃ	nonsensical, unreasonable, absurd, unrealistic	
無敵	むてき	invincible, unrivaled, unrivalled, matchless, unbeatable, undefeatable	
無届け	むとどけ	without notice, without leave (e.g. absence)	
無難	ぶなん	safe (e.g. choice), secure, innocuous, inoffensive	
無念	むねん	regret, chagrin, mortification	
無能	むのう	incompetence, inefficiency, inability, incapacity	
無報酬	むほうしゅう	unpaid, without pay, gratuitous, voluntary	
無法	むほう	lawlessness, injustice, wrong, outrage	
無謀	むぼう	reckless, thoughtless, rash, ill-advised, impulsive, mad (e.g. scheme)	
無名	むめい	nameless, unnamed, anonymous, unsigned	
無用	むよう	useless, futile	
無欲	むよく	unselfish, disinterested, unavaricious, free of avarice	
無理	むり	unreasonable, unnatural, unjustifiable	
無理やり	むりやり	forcibly, by force, against one's will	
無料	むりょう	free (of charge), gratuitous	
無力	むりょく	powerlessness, helplessness, incompetence, ineffectiveness	
無礼	ぶれい	rudeness, impoliteness, discourtesy, insolence	
無論	むろん	of course, certainly, naturally	
矛盾	むじゅん	contradiction, inconsistency	
矛先	ほこさき	point of a spear, spearhead	
霧	きり	fog, mist	
霧雨	きりさめ	drizzle, light rain	
婿	むこ	husband, groom	
娘	むすめ	daughter	
娘婿	むすめむこ	son-in-law	
冥福	めいふく	happiness in the next world, heavenly bliss	
名	な	name, given name	
名案	めいあん	good idea	
名画	めいが	famous picture, masterpiece (painting)	
名義	めいぎ	name (esp. on a deed, contract, work, etc.), formal name, published name	
名曲	めいきょく	famous piece of music, excellent song, (musical) masterpiece	
名高い	なだかい	famous, noted, renowned, celebrated, well-known	
名作	めいさく	masterpiece, masterwork	
名札	なふだ	name plate, name tag, label	
名残	なごり	remains, traces, vestiges, relics	
名残惜しい	なごりおしい	reluctant (to part)	
名刺	めいし	business card	
名詞	めいし	noun	
名実	めいじつ	in name and in reality, nominally and virtually, form and contents	
名手	めいしゅ	master, expert	
名所	めいしょ	famous place, noted place, place of (scenic or historical) interest, sights (to see)	
名称	めいしょう	name, title	
名乗り	なのり	giving one's name, self-introduction	
名乗り出る	なのりでる	to introduce oneself, to announce oneself (e.g. as the person sought), to come forward (e.g. as a witness, with a claim, etc.)	
名乗る	なのる	to give one's name (as), to introduce oneself (as)	
名人	めいじん	master, expert	
名声	めいせい	fame, reputation, renown	
名前	なまえ	name	
名著	めいちょ	famous book, masterpiece (literary work)	
名付ける	なづける	to name, to call, to christen, to term	
名物	めいぶつ	famous product, special product, speciality, specialty	
名簿	めいぼ	register of names, list of names, roll, register, roster	
名目	めいもく	name, title, appellation, (something) nominal	
名門	めいもん	noted family, noble family	
名誉	めいよ	honor, honour, credit, glory, fame, distinction	
名誉職	めいよしょく	honorary position	
命	いのち	life, life force	
命じる	めいじる	to order, to command	
命ずる	めいずる	to order, to command	
命運	めいうん	fate, destiny	
命題	めいだい	proposition, thesis, notion, theory	
命中	めいちゅう	(direct) hit, hitting the mark	
命日	めいにち	anniversary of a person's death, monthly return of the date of someone's death	
命名	めいめい	naming, christening	
命令	めいれい	order, command, decree, directive	
明かす	あかす	to pass (the night), to spend	
明くる	あくる	next (day, morning, etc.), following	
あくる日	あくるひ	next day, following day	
明けましておめでとうございます	あけましておめでとうございます	Happy New Year	
明け方	あけがた	dawn, daybreak	
明らか	あきらか	clear, obvious, evident, plain, definite	
明るい	あかるい	light, bright, well-lit, well-lighted	
明暗	めいあん	light and darkness, light and shade	
明快	めいかい	clear, clear-cut, lucid, unequivocal, explicit	
明確	めいかく	clear, precise, definite, distinct	
明記	めいき	clear writing, specification	
明言	めいげん	declaration, statement	
明細	めいさい	details, particulars, specifics	
明示	めいじ	elucidation, explicit statement, specification	
明星	みょうじょう	morning star, Venus	
明朝	みょうちょう	tomorrow morning	
明晩	みょうばん	tomorrow evening	
明瞭	めいりょう	clear, plain, distinct, obvious, evident, articulate	
明朗	めいろう	cheerful, bright	
盟主	めいしゅ	leader (of an alliance), leading power	
盟約	めいやく	oath, pledge, pact, covenant, alliance	
盟友	めいゆう	sworn friend	
迷う	まよう	to lose one's way, to get lost, to go astray	
迷宮	めいきゅう	labyrinth, maze	
迷彩	めいさい	camouflage, disguise	
迷子	まいご	lost child, lost person, stray child, missing child	
迷信	めいしん	superstition, superstitious belief	
迷路	めいろ	maze, labyrinth	
迷惑	めいわく	trouble, bother, annoyance, nuisance, inconvenience	
銘々	めいめい	each, individual	
銘記	めいき	keep in mind, take note of, remember	
銘柄	めいがら	brand, make, description	
鳴き声	なきごえ	cry (of an animal), call, chirp, song, caw, roar, bark, yelp, meow	
鳴く	なく	to make sound (of an animal), to call, to cry, to whine, to sing, to chirp	
鳴らす	ならす	to ring, to sound, to chime, to beat, to snort (nose), to snap (fingers), to crack (joints)	
鳴る	なる	to sound, to ring, to resound, to echo, to roar, to rumble	
姪	めい	niece	
滅多	めった	thoughtless, reckless, careless, rash	
滅茶苦茶	めちゃくちゃ	absurd, unreasonable, nonsensical, preposterous, incoherent	
滅亡	めつぼう	downfall, ruin, collapse, destruction	
免疫	めんえき	immunity, immunization, immunisation	
免許	めんきょ	license, licence, permission, permit, certificate	
免許証	めんきょしょう	licence, license, permit, certificate (of qualification)	
免除	めんじょ	exemption, exoneration, discharge	
免状	めんじょう	licence, license, certificate, permit	
免職	めんしょく	dismissal, sacking, discharge	
免税	めんぜい	tax exemption, duty exemption	
免責	めんせき	exemption from responsibility	
綿	めん	cotton	
綿	わた	cotton plant (Gossypium spp.)	
綿布	めんぷ	cotton cloth, cotton material	
綿密	めんみつ	minute, detailed, careful, scrupulous, thorough	
面する	めんする	to face on, to look out on to	
面影	おもかげ	face, looks, countenance	
面会	めんかい	meeting (face-to-face), seeing, visit, interview	
面子	メンツ	face, honour, honor	
面積	めんせき	area (measurement), square measure, size (of land), floor space	
面接	めんせつ	interview (e.g. for a job)	
面倒	めんどう	trouble, bother	
面倒くさい	めんどくさい	bothersome, tiresome, bother to do	
面白	おもしろ	amusing, funny, interesting	
面白い	おもしろい	interesting, fascinating, intriguing, enthralling	
面目	めんぼく	face, honour, honor, reputation, prestige, dignity, credit	
面皰	にきび	pimple, acne	
麺	めん	noodles	
模擬	もぎ	imitation	
模擬試験	もぎしけん	mock exam, practice exam, practice test	
模型	もけい	model, dummy, maquette	
模索	もさく	groping (for), fumbling around (for), searching (for an answer, solution, etc.), trying to find	
模造	もぞう	imitation, counterfeit, fake, sham, ersatz (object)	
模範	もはん	exemplar, model, example, pattern	
模倣	もほう	imitation, copying	
模様	もよう	pattern, figure, design	
茂る	しげる	to grow thickly, to be in full leaf, to be rampant, to luxuriate, to be luxurious	
毛	け	hair	
毛糸	けいと	knitting wool, woolen yarn, woollen yarn	
毛虫	けむし	hairy caterpillar, woolly bear	
毛皮	けがわ	fur, skin, pelt	
毛筆	もうひつ	(writing, painting) brush	
毛布	もうふ	blanket	
猛威	もうい	fury, power, menace	
猛攻	もうこう	fierce attack	
猛獣	もうじゅう	fierce animal, beast of prey, big game	
猛暑	もうしょ	heat wave, fierce heat	
猛打	もうだ	heavy blow, heavy hit	
猛烈	もうれつ	fierce, intense, severe, violent, strong, vehement, terrific, terrible	
盲学校	もうがっこう	school for the blind	
盲人	もうじん	blind person	
盲腸	もうちょう	cecum, caecum, blind gut	
盲点	もうてん	blind spot (on the retina)	
盲導犬	もうどうけん	guide dog, seeing-eye dog	
盲目	もうもく	blindness	
網	あみ	net, netting	
網戸	あみど	window screen, insect screen, mosquito screen, screen, screen door	
網膜	もうまく	retina	
網羅	もうら	encompassing, covering (exhaustively), including (all of), comprising, comprehending	
儲かる	もうかる	to be profitable, to yield a profit	
儲ける	もうける	to profit, to get, to earn, to gain	
木	き	tree, shrub, bush	
木の芽	きのめ	leaf bud	
木の実	きのみ	fruit of a tree, nut, berry	
木の葉	このは	leaf (of a tree), tree leaves, foliage	
木陰	こかげ	shade of a tree, bower	
木戸	きど	wicket gate, wooden door	
木材	もくざい	lumber, timber, wood	
木場	きば	lumberyard	
木星	もくせい	Jupiter (planet)	
木製	もくせい	wooden, made of wood	
木造	もくぞう	wooden, made of wood, wooden construction	
木炭	もくたん	charcoal	
木彫	もくちょう	wood carving, wooden sculpture, woodcraft	
木彫り	きぼり	wood carving, woodcraft	
木片	もくへん	block (of wood), chip, splinter	
木綿	もめん	cotton (material)	
木曜	もくよう	Thursday	
木曜日	もくようび	Thursday	
黙る	だまる	to be silent, to say nothing	
黙殺	もくさつ	ignoring, disregarding, taking no notice of, refusing to comment on, turning a deaf ear to	
黙とう	もくとう	silent prayer	
黙認	もくにん	tacit approval, tacit permission, connivance, acquiescence, toleration, overlooking	
目を通す	めをとおす	to scan, to look over	
目安	めやす	criterion, standard, yardstick, reference, aim	
目印	めじるし	mark (for quick identification or recognition), sign	
目下	めした	subordinate, subordinates, inferior, inferiors, junior	
目下	もっか	at present, now	
目覚まし	めざまし	alarm clock	
目覚める	めざめる	to wake up, to awake	
目玉	めだま	eyeball	
目撃	もくげき	witnessing, observing, sighting	
目指す	めざす	to aim at (for, to do, to become), to try for, to have an eye on	
目次	もくじ	table of contents, contents	
目処	めど	aim, goal	
目上	めうえ	superior, superiors, senior	
目先	めさき	before one's eyes, under one's nose	
目前	もくぜん	before one's very eyes, under one's nose, imminence, close at hand	
目測	もくそく	eye measurement, measure with eye	
目的	もくてき	purpose, goal, aim, objective, intention	
目的地	もくてきち	destination (one is heading towards), goal	
目当て	めあて	mark, guide, landmark	
目白	めじろ	white-eye family of birds (Zosteropidae)	
目標	もくひょう	goal, target, aim, objective	
目つき	めつき	look (in someone's eyes), expression (of the eyes), eyes	
目方	めかた	weight	
目薬	めぐすり	eye drops, eyewash	
目立つ	めだつ	to be conspicuous, to stand out	
目録	もくろく	catalogue, catalog, inventory	
勿論	もちろん	of course, certainly, naturally	
餅	もち	mochi, small rice cake made from glutinous rice	
尤も	もっとも	but then, although, though	
尤もらしい	もっともらしい	plausible, believable	
戻す	もどす	to put back, to return, to give back, to restore (to a previous state, e.g. defrosting, reconstituting, reconciling), to turn back (e.g. clock hand)	
戻り	もどり	return, reaction, recovery	
戻る	もどる	to turn back (e.g. half-way)	
貰う	もらう	to receive, to take, to accept	
問い	とい	question, query	
問い合わせる	といあわせる	to enquire, to inquire, to seek information	
問う	とう	to ask, to inquire	
問題	もんだい	question (e.g. on a test), problem	
問題点	もんだいてん	the problem (at issue), the point at issue, problematic issue, problem	
問答	もんどう	questions and answers, dialogue	
紋章	もんしょう	crest, coat of arms	
紋切り型	もんきりがた	formulaic, stereotyped, hackneyed	
門下生	もんかせい	pupil, disciple, follower	
門外漢	もんがいかん	outsider, layman, amateur	
門戸	もんこ	door	
門松	かどまつ	New Year's pine decoration	
門扉	もんぴ	door(s) of a gate	
夜	よる	night, evening	
夜学	やがく	night school, evening school, evening class	
夜間	やかん	night, nighttime	
夜勤	やきん	night duty, night shift, night work	
夜具	やぐ	bedding, bedclothes	
夜空	よぞら	night sky	
夜景	やけい	night view, night skyline, nightscape	
夜中	よなか	middle of the night, dead of night	
夜明け	よあけ	dawn, daybreak	
野	の	field, plain	
野外	やがい	outdoors, outside, open air	
野球	やきゅう	baseball	
野球部	やきゅうぶ	baseball club (at a university, corporation, etc.), baseball team	
野犬	やけん	stray dog, ownerless dog	
野原	のはら	field, plain, prairie, moor	
野菜	やさい	vegetable	
野獣	やじゅう	wild beast, wild animal, brute	
野心	やしん	ambition, aspiration	
野性	やせい	wildness, wild nature, untamed nature, savage nature	
野生	やせい	wild	
野鳥	やちょう	wild bird	
野党	やとう	opposition party, the opposition	
野蛮	やばん	savage, barbarous, barbaric, uncivilized, uncivilised	
野暮	やぼ	boorish, unsophisticated, unrefined, uncouth, tasteless, insensitive, thoughtless, dumb	
野放し	のばなし	pasturing (e.g. cattle), letting (an animal) run loose	
野望	やぼう	ambition, aspiration	
野郎	やろう	guy, fellow, chap, buddy	
弥生	やよい	third month of the lunar calendar	
矢	や	arrow	
矢印	やじるし	arrow (symbol)	
矢鱈	やたら	indiscriminately, blindly, at random, recklessly, thoughtlessly, excessively, profusely	
厄	やく	misfortune, bad luck, evil, disaster	
厄介	やっかい	trouble, burden, nuisance, bother, worry	
厄年	やくどし	unlucky year, critical year, year (esp. age 25 and 42 for men, 19 and 33 for women) that is considered unlucky (orig. in Onmyōdō)	
役	やく	role, assignment, responsibility, duty, function, job, service	
役に立つ	やくにたつ	to be helpful, to be useful	
役員	やくいん	director, executive	
役割	やくわり	part, assigning (allotment of) parts, role, duties	
役者	やくしゃ	actor, actress	
役所	やくしょ	government office, public office	
役場	やくば	town hall	
役職	やくしょく	post, official position	
役人	やくにん	government official	
役柄	やくがら	role	
役目	やくめ	duty, role, function	
役立つ	やくだつ	to be useful, to be helpful, to serve the purpose	
約	やく	approximately, about	
約款	やっかん	agreement, stipulation, article, clause	
約束	やくそく	promise, agreement, arrangement, one's word, contract, pact	
薬	くすり	medicine, pharmaceuticals, (legal) drugs, pill, ointment, salve	
薬価	やっか	drug price, cost of medicine	
薬学	やくがく	(study of) pharmacy, pharmaceutics	
薬局	やっきょく	pharmacy, drugstore, chemist's (shop)	
薬剤	やくざい	medicine, drug	
薬剤師	やくざいし	pharmacist, chemist	
薬指	くすりゆび	ring finger, third finger, fourth finger (esp. in piano-playing)	
薬品	やくひん	medicine, drug	
薬物	やくぶつ	drug, medicine	
薬味	やくみ	condiment (e.g. grated or chopped topping such as daikon, wasabi, ginger, green onion, red pepper), spice	
訳	わけ	reason, cause, grounds	
訳す	やくす	to translate, to interpret	
訳者	やくしゃ	translator	
踊る	おどる	to dance (orig. a hopping dance)	
躍起	やっき	desperate, frantic, excited, worked up, heated, eager	
躍進	やくしん	making rapid progress, making great advances, rush, dash, onslaught	
躍動	やくどう	lively motion, throb	
躍如	やくじょ	vivid, lifelike, graphic	
柳	やなぎ	willow (any tree of genus Salix)	
愉快	ゆかい	pleasant, delightful, enjoyable, joyful, cheerful, amusing, happy	
油	あぶら	oil	
油井	ゆせい	oil well	
油絵	あぶらえ	oil painting	
油脂	ゆし	fats and oils	
油断	ゆだん	negligence, carelessness, inattention, unpreparedness	
油田	ゆでん	oil field	
癒着	ゆちゃく	adhesion, conglutination, accretion	
諭す	さとす	to make (someone) understand (a fault, mistake, etc.), to reason with, to advise, to try to persuade, to exhort, to admonish, to warn (against doing)	
輸血	ゆけつ	blood transfusion	
輸出	ゆしゅつ	export, exportation	
輸出入	ゆしゅつにゅう	export and import	
輸送	ゆそう	transport, transportation, transit, conveyance	
輸入	ゆにゅう	import, importation, introduction	
只	ただ	ordinary, common, usual	
唯一	ゆいいつ	only, sole, unique	
只今	ただいま	I'm home!, I'm back!, it's me!	
唯物論	ゆいぶつろん	materialism	
優しい	やさしい	tender, kind, gentle, graceful, affectionate, amiable	
優れる	すぐれる	to be better (than), to be superior, to surpass, to excel, to be excellent	
優位	ゆうい	predominance, superiority, ascendancy, advantage, supremacy	
優越感	ゆうえつかん	superiority complex, sense of superiority	
優雅	ゆうが	elegant, graceful, refined	
優遇	ゆうぐう	favorable treatment, favourable treatment, hospitality, warm reception, good treatment, hearty welcome	
優秀	ゆうしゅう	superior, excellent, brilliant, outstanding	
優柔不断	ゆうじゅうふだん	indecisive, irresolute, shilly-shally, vacillating	
優勝	ゆうしょう	overall victory, championship, winning the title	
優勢	ゆうせい	superiority, superior power, predominance, preponderance	
優先	ゆうせん	preference, priority, precedence, right of way	
優先的	ゆうせんてき	preferential	
優等生	ゆうとうせい	honor student, honours student, model student, prize pupil	
優美	ゆうび	grace, refinement, elegance, daintiness	
優良	ゆうりょう	superior, excellent, fine	
優劣	ゆうれつ	(relative) merits, superiority or inferiority, quality	
勇ましい	いさましい	brave, valiant, gallant, courageous	
勇み足	いさみあし	overeagerness, rashness	
勇む	いさむ	to be in high spirits, to be encouraged, to be lively, to cheer up	
勇敢	ゆうかん	brave, courageous, gallant, valiant, heroic	
勇気	ゆうき	courage, bravery, valour, valor, nerve, boldness	
勇士	ゆうし	brave warrior, hero, brave man	
勇者	ゆうしゃ	hero, the brave, man of valour (valor)	
友	とも	friend, companion, comrade, pal	
友愛	ゆうあい	fraternity, friendship	
友好	ゆうこう	friendship	
友情	ゆうじょう	friendship, fellowship, camaraderie	
友人	ゆうじん	friend	
友達	ともだち	friend, companion	
宥める	なだめる	to soothe, to calm, to pacify	
幽閉	ゆうへい	confinement, imprisonment, incarceration	
幽霊	ゆうれい	ghost, specter, spectre, apparition, phantom	
悠久	ゆうきゅう	eternal, everlasting, perpetual, immemorial	
悠長	ゆうちょう	leisurely, slow, deliberate, easygoing	
憂い	うれい	sorrow, grief, anguish, distress	
憂国	ゆうこく	patriotic concern for the future of one's country	
憂慮	ゆうりょ	anxiety, concern, fear	
有	ゆう	existence	
有する	ゆうする	to have, to possess, to own, to be endowed with	
有りそう	ありそう	probable, likely	
有りのまま	ありのまま	as it is, plain (truth), bare, undisguised, unvarnished, unexaggerated, honest, true, frank, candid	
有り触れた	ありふれた	common, commonplace, ordinary, familiar, everyday, garden-variety, trite, stale, hackneyed, stereotyped	
有難うございます	ありがとうございます	thank you	
有様	ありさま	state, condition, circumstances, sight, spectacle	
有意義	ゆういぎ	significant, useful, meaningful, worthwhile, valuable, of interest	
有益	ゆうえき	beneficial, profitable, useful, helpful, instructive	
有価証券	ゆうかしょうけん	marketable securities, stocks and bonds	
有害	ゆうがい	harmful, hazardous	
有機	ゆうき	organic	
有給	ゆうきゅう	salaried, paid, with pay	
有権者	ゆうけんしゃ	(eligible) voter, elector, constituent, the electorate	
有限	ゆうげん	finite, limited	
有効	ゆうこう	valid, effective	
有罪	ゆうざい	guilt, culpability	
有志	ゆうし	interested person, volunteer, supporter	
有識者	ゆうしきしゃ	expert, knowledgeable person, authority (on a subject)	
有償	ゆうしょう	(involving) payment, (involving) compensation, paying a fee	
有人	ゆうじん	manned, occupied, piloted	
有数	ゆうすう	prominent, eminent, leading, foremost, distinguished	
有線	ゆうせん	wired, cabled	
有頂天	うちょうてん	ecstasy	
有毒	ゆうどく	poisonous, toxic	
有難い	ありがたい	grateful, thankful, welcome, appreciated, evoking gratitude	
有能	ゆうのう	able, capable, competent, talented, efficient	
有望	ゆうぼう	promising, hopeful, full of promise	
有無	うむ	existence or nonexistence, presence or absence	
有名	ゆうめい	famous, well-known	
有名人	ゆうめいじん	celebrity, famous person, public figure, big name	
有用	ゆうよう	useful, helpful	
有料	ゆうりょう	fee-charging, paid, not free	
有力	ゆうりょく	influential, prominent, leading	
猶予	ゆうよ	postponement, deferment, extension (of time)	
由	よし	reason, significance, cause	
由緒	ゆいしょ	history, pedigree, lineage	
由来	ゆらい	origin, source, history, derivation	
裕福	ゆうふく	wealthy, rich, affluent, well-off	
誘い	さそい	invitation, introduction	
誘い水	さそいみず	pump priming	
誘う	さそう	to invite, to ask (someone to do), to call (for), to take (someone) along	
誘因	ゆういん	contributing cause, exciting cause, incentive, motive	
誘拐	ゆうかい	abduction, kidnapping, kidnaping	
誘致	ゆうち	attraction, lure, invitation	
誘導	ゆうどう	guidance, leading, induction, introduction, incitement, inducement	
誘発	ゆうはつ	inducing, causing, triggering, giving rise to	
誘惑	ゆうわく	temptation, allurement, lure, enticement, seduction	
遊び	あそび	play, playing, game	
遊び場	あそびば	playground, play space	
遊び相手	あそびあいて	playmate, playfellow	
遊ぶ	あそぶ	to play (games, sports), to enjoy oneself, to have a good time	
遊園地	ゆうえんち	amusement park	
遊戯	ゆうぎ	play, playing, game	
遊休	ゆうきゅう	idle, unused, fallow	
遊撃	ゆうげき	raid, military attack by a mobile unit, hit-and-run attack, search-and-kill mission, search-and-destroy mission, military action without a predetermined target, attacking the enemy or assisting allies as the opportunity arises	
遊撃手	ゆうげきしゅ	shortstop, short	
遊説	ゆうぜい	election tour, election campaign, stumping	
遊牧	ゆうぼく	nomadism	
郵政省	ゆうせいしょう	(former) Ministry of Posts and Telecommunications (now Ministry of Internal Affairs and Communications)	
郵送	ゆうそう	mailing, posting	
郵便局	ゆうびんきょく	post office	
雄大	ゆうだい	grand, magnificent, majestic, great, sublime	
雄弁	ゆうべん	eloquence, fluency (of speech)	
融合	ゆうごう	agglutination, adhesion, fusion, combination, blending, uniting	
融資	ゆうし	financing, loan	
昨夜	ゆうべ	last night, yesterday evening	
夕刊	ゆうかん	evening edition (of a daily newspaper), evening paper	
夕刻	ゆうこく	evening, evening hour	
夕焼け	ゆうやけ	evening glow, red sunset, afterglow (of sunset)	
夕食	ゆうしょく	evening meal, dinner	
夕日	ゆうひ	evening sun, setting sun	
夕暮れ	ゆうぐれ	evening, dusk, twilight	
夕方	ゆうがた	early evening (usu. from 3pm to 6pm), dusk	
夕霧	ゆうぎり	evening mist	
夕立	ゆうだち	(sudden, heavy) shower (on a summer afternoon or evening), evening shower	
予て	かねて	previously, already, for some time, for quite a while	
予め	あらかじめ	beforehand, in advance, ahead of time, previously	
予感	よかん	presentiment, premonition, hunch	
予期	よき	expectation, anticipation, forecast	
予告	よこく	(advance) notice, preliminary announcement, warning	
予算	よさん	estimate (of costs), budget	
予習	よしゅう	preparation for a lesson	
予選	よせん	preliminary contest, qualifying round, trial, heat, primary	
予想	よそう	expectation, anticipation, prediction, forecast, conjecture	
予想外	よそうがい	unexpected, unforeseen, strange	
予測	よそく	prediction, estimation	
予断	よだん	prediction, prejudgment, presupposition, foregone conclusion	
予知	よち	foresight, foreknowledge, intimation, premonition, prediction	
予定	よてい	plans, arrangement, schedule, program, programme, expectation, estimate	
予備	よび	reserve, spare	
予備校	よびこう	preparatory school (for entrance examinations), cram school, cramming school	
予備費	よびひ	reserve funds, emergency funds	
予報	よほう	forecast, prediction	
予防	よぼう	prevention, protection (against), precaution	
予防接種	よぼうせっしゅ	vaccination, inoculation, immunization, immunisation	
予約	よやく	reservation, appointment, booking, advance order	
余す	あます	to save, to leave over, to spare	
余りに	あまりに	too (much), overly, excessively	
余る	あまる	to remain, to be left over, to be in excess, to be too many	
余韻	よいん	reverberation, swelling (of a hymn), trailing note	
余暇	よか	leisure, leisure time, spare time	
余計	よけい	extra, more, too much, too many, excessive, superfluous, spare, surplus	
よそ見	よそみ	looking away, looking aside	
余剰	よじょう	surplus, remainder, residue, margin, balance	
余震	よしん	aftershock	
余談	よだん	digression	
余地	よち	place, room, margin, scope	
余念	よねん	another idea	
余波	よは	waves that remain after the wind has subsided	
余分	よぶん	extra, excess, surplus	
余命	よめい	remainder of one's life, one's remaining days, time left (to live)	
余裕	よゆう	surplus, margin, leeway, room, space, time, allowance, flexibility, scope	
余力	よりょく	remaining strength, surplus energy, reserve power	
与える	あたえる	to give (esp. to someone of lower status), to bestow, to grant, to confer, to present, to award	
与党	よとう	ruling party, government party, party in power, government	
与野党	よやとう	ruling and opposition parties, parties in and out of power	
誉れ	ほまれ	honour, honor	
預かり	あずかり	under custody, under supervision	
預かる	あずかる	to look after, to take care of, to keep, to hold on to, to keep in custody	
預ける	あずける	to leave (in someone's keeping), to put (in someone's care), to place (in someone's custody), to entrust (someone) with, to deposit	
預け入れる	あずけいれる	to make a deposit	
預金	よきん	deposit, bank account	
幼い	おさない	very young, little	
幼なじみ	おさななじみ	childhood friend, friend from infancy, old playmate	
幼子	おさなご	infant, baby, little child	
幼児	ようじ	young child, toddler	
幼少	ようしょう	infancy, childhood, tender age	
幼稚	ようち	infancy	
幼稚園	ようちえん	kindergarten (in Japan, non-compulsory education from age 3 until primary school), preschool	
幼虫	ようちゅう	larva, grub, maggot	
妖怪	ようかい	ghost, apparition, phantom, spectre, specter, demon, monster, goblin, yōkai	
妖精	ようせい	fairy, sprite, elf	
容易	ようい	easy, simple, plain	
容易い	たやすい	easy, simple, light	
容器	ようき	container, receptacle, vessel, packaging	
容疑	ようぎ	suspicion, charge	
容疑者	ようぎしゃ	suspect	
容姿	ようし	(physical) appearance (of a person), one's face and figure	
容赦	ようしゃ	pardon, forgiveness, tolerance, overlooking	
容積	ようせき	capacity, volume	
容認	ようにん	approval	
容量	ようりょう	capacity, volume	
揚げ	あげ	deep-frying, deep-fried food	
揺さぶる	ゆさぶる	to shake, to jolt, to rock, to swing, to sway	
揺らぐ	ゆらぐ	to swing, to sway, to shake, to tremble	
揺るぐ	ゆるぐ	to shake, to waver, to tremble	
揺れる	ゆれる	to shake, to sway, to rock, to swing, to tremble, to jolt, to pitch, to roll, to flicker	
擁する	ようする	to embrace, to hug	
擁立	ようりつ	backing (for a position), giving support to, helping (someone) to a position	
曜日	ようび	day of the week	
様	さま	Mr, Mrs, Miss, Ms	
様子	ようす	state (of affairs), situation, circumstances	
様式	ようしき	style, form, pattern	
様相	ようそう	aspect, phase, condition	
洋画	ようが	Western painting	
洋楽	ようがく	Western music, European music	
洋間	ようま	Western-style room	
洋裁	ようさい	(Western) dressmaking	
洋式	ようしき	Western-style, foreign	
洋室	ようしつ	Western-style room	
洋酒	ようしゅ	Western wine and spirits, Western liquor	
洋書	ようしょ	Western book	
洋食	ようしょく	Western food, Western dish, Western cooking	
洋風	ようふう	Western style	
洋服	ようふく	Western-style clothes (cf. traditional Japanese clothes)	
溶かす	とかす	to dissolve	
溶く	とく	to dissolve (paint), to scramble (eggs), to melt (metal, etc.), to mix (water with flour, etc.)	
溶ける	とける	to melt, to thaw, to fuse	
溶け込む	とけこむ	to melt into, to dissolve into, to merge into	
溶液	ようえき	solution (liquid)	
溶解	ようかい	dissolution, dissolving, solution (e.g. chemical)	
溶岩	ようがん	lava	
溶鉱炉	ようこうろ	smelting furnace, blast furnace	
溶接	ようせつ	welding	
用	よう	business, task, errand, engagement	
用いる	もちいる	to use, to make use of, to utilize, to utilise	
用意	ようい	preparation, arrangements, provision, getting ready, laying out (e.g. a meal)	
用具	ようぐ	tool, implement, instrument, equipment	
用件	ようけん	business, thing to be done, something that should be performed, information that should be conveyed	
用語	ようご	term, terminology	
用紙	ようし	blank form	
用事	ようじ	business, things to do, engagement, errand, affairs	
用心	ようじん	care, precaution, guarding, caution	
用心深い	ようじんぶかい	careful, cautious, wary, watchful, vigilant, prudent	
用心棒	ようじんぼう	bodyguard, bouncer, (security) guard	
用水	ようすい	irrigation water, water for fire, city water, cistern water	
用地	ようち	site	
用途	ようと	use, service, purpose	
用品	ようひん	articles, supplies (e.g. office supplies), things (for), utensils, goods, equipment	
用例	ようれい	example, illustration	
窯	かま	stove, furnace, kiln	
窯業	ようぎょう	ceramics, ceramic industry	
窯元	かまもと	pottery (i.e. the place)	
羊	ひつじ	sheep (Ovis aries)	
羊肉	ようにく	mutton, lamb (meat)	
羊毛	ようもう	wool	
葉	は	leaf, blade (of grass), (pine) needle	
葉巻	はまき	cigar	
葉書	はがき	postcard	
要する	ようする	to need, to demand, to take, to require	
要するに	ようするに	in short, in a word, to sum up, to put it simply, to make a long story short, after all	
要る	いる	to be needed, to be necessary, to be required, to be wanted, to need, to want	
要員	よういん	(necessary) personnel, required person	
要因	よういん	main cause, primary factor	
要求	ようきゅう	demand, firm request, requisition, requirement, desire	
要件	ようけん	important matter	
要綱	ようこう	main principle, gist, general plan, guidelines, outline	
要項	ようこう	important points, main points, gist, list of requirements	
要旨	ようし	(main) point, gist, key points, essentials, substance, summary, outline, abstract	
要請	ようせい	appeal, call for something, request, claim, demand	
要素	ようそ	component, factor, item (e.g. in list)	
要点	ようてん	gist, main point	
要望	ようぼう	demand for, request	
要領	ようりょう	point, gist, essentials, tenets, outline	
謡	うたい	noh chanting, noh chant	
謡曲	ようきょく	noh song	
踊り	おどり	dance	
踊り子	おどりこ	dancer (usu. female)	
踊り場	おどりば	place for dancing, dance floor	
遥か	はるか	far away, far off, far, distant, in the distance	
陽気	ようき	cheerful, jovial, merry, lively	
陽光	ようこう	sunshine, sunlight	
陽子	ようし	proton	
陽性	ようせい	positive (result)	
養う	やしなう	to support, to maintain, to provide for	
養育	よういく	bringing up, rearing, upbringing	
養鶏	ようけい	poultry raising, poultry farming, chicken farming	
養蚕	ようさん	sericulture, silkworm culture, silkworm raising	
養子	ようし	adopted child (usu. male), son-in-law	
養殖	ようしょく	aquaculture, culture, cultivation, raising	
養成	ようせい	training, education, development, cultivation	
養豚	ようとん	pig-keeping, pig farming	
養父	ようふ	foster father, adoptive father	
養老院	ようろういん	home for the aged, old people's home	
抑圧	よくあつ	check, restraint, oppression, suppression	
抑止	よくし	check, checkmate, stave off, control, restraint, inhibit, deterrent, deterrence	
抑制	よくせい	control, restraint, suppression, constraint, curtailment, inhibition, check, curb	
抑揚	よくよう	intonation, accent, modulation, inflection	
抑留	よくりゅう	internment, detainment, detention	
欲	よく	greed, craving, desire, appetite, hunger, avarice, wants	
欲しい	ほしい	wanting (to have), desiring, wishing for	
欲する	ほっする	to want, to desire	
欲求	よっきゅう	desire, want, will, wish, urge, craving	
欲張り	よくばり	greed, avarice, covetousness, greedy person	
欲張る	よくばる	to be greedy, to be avaricious, to want badly, to desire intensely, to covet	
欲望	よくぼう	desire, appetite, lust	
浴びせる	あびせる	to pour on	
浴びる	あびる	to dash over oneself (e.g. water), to take (e.g. shower), to bask in (e.g. the sun), to bathe in, to be flooded with (e.g. light), to be covered in	
浴室	よくしつ	bathroom	
浴場	よくじょう	bathhouse, (public) bath	
浴槽	よくそう	bathtub	
翌月	よくげつ	following month	
翌週	よくしゅう	the following week, the next week	
翌日	よくじつ	next day	
翌年	よくねん	following year	
翼	つばさ	wing	
羅針盤	らしんばん	compass	
羅列	られつ	enumeration, citation, listing	
裸	はだか	nakedness, nudity	
裸足	はだし	barefoot	
裸婦	らふ	nude woman, naked woman	
来	らい	next (year, spring, etc.), coming	
来る	くる	to come (spatially or temporally), to approach, to arrive	
来月	らいげつ	next month	
来襲	らいしゅう	(incoming) attack, raid, invasion, assault	
来週	らいしゅう	next week	
来店	らいてん	coming to a store (restaurant, bar, shop, etc.)	
来日	らいにち	coming to Japan, visit to Japan, arrival in Japan	
来年	らいねん	next year	
来賓	らいひん	guest, visitor, visitor's arrival	
来訪	らいほう	visit (from someone), call	
頼む	たのむ	to request, to beg, to ask	
頼もしい	たのもしい	reliable, dependable, trustworthy, reassuring	
頼り	たより	reliance, dependence	
頼りない	たよりない	unreliable, undependable, indefinite, vague	
雷雨	らいう	thunderstorm, thundershower	
雷鳴	らいめい	thunder, thunderclap, crash of thunder	
絡み合う	からみあう	to intertwine, to become entangled, to get tangled (together)	
絡む	からむ	to twine, to get tangled, to get entangled, to get caught (in)	
落ち	おち	slip, omission	
落ちる	おちる	to fall, to drop, to come down, to crash, to collapse, to cave in, to give way	
落ち合う	おちあう	to meet up (as arranged), to rendezvous, to get together	
落ち込む	おちこむ	to feel down, to feel sad, to be depressed, to be in low spirits	
落ち着いた	おちついた	calm, composed, cool	
落ち着き	おちつき	calmness, composure, presence of mind	
落ち度	おちど	mistake, error, fault, slip, blunder, omission, oversight, lapse	
落とし穴	おとしあな	pitfall, trap, pit	
落下	らっか	fall, drop, descent, coming down	
落語	らくご	rakugo, traditional Japanese comic storytelling, comic story (told by a professional storyteller)	
落語家	らくごか	rakugo story teller, comic story teller	
落差	らくさ	difference in elevation (between two points in a body of water), head, drop (e.g. of a waterfall), fall distance	
落札	らくさつ	successful bid, winning a tender	
落書き	らくがき	scrawl, scribble, graffiti, doodle	
落第	らくだい	failure (in an examination), failing to advance (to the next year)	
落胆	らくたん	discouragement, despondency, dejection, disappointment	
落雷	らくらい	lightning strike, lightning bolt	
酪農	らくのう	dairy farming	
乱す	みだす	to throw into disorder, to disarrange, to disturb (order, peace, etc.), to corrupt (public morals), to dishevel (hair)	
乱れる	みだれる	to be disordered, to be disarranged, to be disarrayed, to be disheveled, to be dishevelled	
乱雑	らんざつ	disorder, confusion, clutter, mess, muddle, disarray	
乱闘	らんとう	confused fight, brawl, melee, scuffle, free-for-all	
乱発	らんぱつ	random firing, reckless firing	
乱暴	らんぼう	violence, assault, rowdiness, wildness, running riot	
乱用	らんよう	abuse, misuse, misappropriation, using to excess	
乱立	らんりつ	standing close together in a disorderly way (of buildings, etc.), standing side by side	
卵	たまご	eggs, egg, spawn, roe	
卵管	らんかん	fallopian tube, oviduct	
卵子	らんし	ovum, ovule, egg cell	
卵巣	らんそう	ovary	
嵐	あらし	storm, tempest	
欄	らん	section (e.g. in a newspaper), column, page	
欄外	らんがい	margin	
欄干	らんかん	railing, guard rail, handrail, banister, balustrade, parapet	
藍	あい	dyer's knotweed (Persicaria tinctoria, used to produce indigo dye)	
蘭	らん	orchid	
利	り	advantage, benefit, profit, interest	
利益	りえき	profit, gains	
利回り	りまわり	interest, (investment) yield, profits	
利害	りがい	advantages and disadvantages, interests (of parties)	
利権	りけん	interest, rights, concession	
利己	りこ	self-interest	
利口	りこう	clever, intelligent, bright, smart, wise, sensible, shrewd	
利子	りし	interest (on a deposit, loan, etc.)	
利潤	りじゅん	profit, returns	
利殖	りしょく	money-making	
利息	りそく	interest (on a loan, deposit etc.)	
利点	りてん	advantage, point in favor, point in favour	
利払い	りばらい	interest payment	
利用	りよう	use, utilization, utilisation, application	
利用者	りようしゃ	user, end-user, consumer, patron, customer, client	
利率	りりつ	interest rate	
履き古し	はきふるし	worn-out shoes, worn-out socks	
履行	りこう	performance (of a duty), fulfillment (of a promise), fulfilment, execution (of a contract), discharge, implementation	
履歴	りれき	personal history, background, career	
履歴書	りれきしょ	personal history, curriculum vitae, resume	
梨	なし	nashi (esp. Pyrus pyrifolia), Japanese pear, Asian pear	
理科	りか	science (natural sciences and related fields, incl. mathematics, engineering, medicine, etc.)	
理解	りかい	understanding, comprehension, appreciation	
理学	りがく	(physical) science, natural science	
理学部	りがくぶ	faculty of science, school of science, college of science	
理系	りけい	the sciences, STEM (science, technology, engineering and mathematics)	
理工	りこう	science and engineering	
理工学部	りこうがくぶ	faculty of science and engineering, college of science and engineering, school of science and engineering	
理事	りじ	director, trustee	
理性	りせい	reason, reasoning power, (one's) sense	
理想	りそう	ideal, ideals	
理想的	りそうてき	ideal	
理念	りねん	(Platonic) ideal (of how things ought to be, e.g. human rights), foundational principle, idea, conception (e.g. of the university), doctrine, ideology	
理髪	りはつ	haircut	
理不尽	りふじん	unreasonable, irrational, outrageous, absurd	
理由	りゆう	reason, grounds, pretext, excuse, motive	
理論	りろん	theory	
裏	うら	opposite side, bottom, other side, side hidden from view, undersurface, reverse side	
裏金	うらがね	bribe	
裏口	うらぐち	backdoor, rear entrance, rear exit	
裏切り	うらぎり	treachery, betrayal, perfidy	
裏切る	うらぎる	to betray, to turn traitor (to), to double-cross, to go back on, to be unfaithful (to)	
裏切り者	うらぎりもの	betrayer, traitor, turncoat, informer	
裏側	うらがわ	the reverse (side), back (side), other side, hidden side, behind the scenes	
裏通り	うらどおり	side street (often parallel to a main street), back street, alley, alleyway	
裏道	うらみち	back lane, byway, back street	
裏表	うらおもて	back and front, inside and outside, both sides	
裏づける	うらづける	to support (a theory, claim, etc.), to back up, to substantiate, to prove	
裏腹	うらはら	opposite, reverse, contrary	
裏返し	うらがえし	inside out, upside down	
裏返す	うらがえす	to turn inside out, to turn the other way, to turn (something) over	
裏方	うらかた	someone working behind-the-scenes, scene shifter	
裏面	うらめん	back (side), reverse	
裏目	うらめ	reverse side	
裏門	うらもん	back gate	
里	り	Japanese league, ri, old Japanese unit of distance, approx. 3.927 km or 2.44 miles	
里帰り	さとがえり	returning home to one's parents (orig. of a married person), visiting one's parents (for a prolonged period of stay)	
里子	さとご	foster child	
離す	はなす	to separate, to part, to divide, to keep apart	
離れる	はなれる	to be separated, to be apart, to be distant	
離宮	りきゅう	imperial villa, royal villa, detached palace	
離婚	りこん	divorce	
離散	りさん	dispersion, separation, scattering, breakup	
離脱	りだつ	withdrawal, secession, separation, breakaway	
離反	りはん	estrangement, alienation, disaffection, desertion, defection, breakaway	
離陸	りりく	takeoff	
陸	りく	land, shore	
陸軍	りくぐん	army	
陸上	りくじょう	(on) land, ground, shore	
陸上競技	りくじょうきょうぎ	track and field, athletics	
陸路	りくろ	land route, overland route	
率	りつ	rate, ratio, proportion, percentage	
率いる	ひきいる	to lead, to spearhead (a group), to command (troops)	
立ち	たち	departure, setting off, start	
立ち寄る	たちよる	to drop in (at), to drop by, to call at, to stop by, to stop off, to stop in	
立ち去る	たちさる	to leave, to depart, to take one's leave	
立ち止まる	たちどまる	to stop (in one's tracks), to come to a stop, to halt, to pause, to stand still	
立ち上がる	たちあがる	to stand up, to get up, to rise (to one's feet)	
立ち上げる	たちあげる	to start (something), to start up, to launch (a business)	
立ち退く	たちのく	to leave, to evacuate, to withdraw (from), to clear out	
立ち直り	たちなおり	recovery, restoration	
立ち直る	たちなおる	to regain one's footing, to get back on one's feet	
立ち読み	たちよみ	reading while standing (in a bookstore, etc.), browsing (i.e. reading an item but not buying it)	
立ち話	たちばなし	talking while standing, standing around talking	
立てる	たてる	to stand up, to put up, to set up, to erect, to raise	
立て替える	たてかえる	to pay for someone else (with the expectation of being reimbursed later), to lend someone the money to pay for (e.g. rent), to make a temporary payment on someone's behalf	
立案	りつあん	planning, devising (a plan)	
立脚	りっきゃく	being based on	
立憲	りっけん	constitutionalism	
立候補	りっこうほ	candidacy, standing as a candidate, bidding (to host an event, e.g. the Olympics)	
立春	りっしゅん	first day of spring (according to the traditional lunisolar calendar, approx. February 4)	
立証	りっしょう	establishing proof, demonstration, substantiation	
立場	たちば	position, situation	
立体	りったい	solid body, three-dimensional object	
立派	りっぱ	splendid, fine, handsome, elegant, imposing, prominent, impressive	
立腹	りっぷく	anger, getting angry, taking offense, losing one's temper	
立法	りっぽう	(enactment of) legislation, lawmaking	
立法府	りっぽうふ	assize, court	
略	ほぼ	almost, roughly, approximately, about, around	
略	りゃく	abbreviation, omission	
略す	りゃくす	to abbreviate, to abridge, to shorten	
略語	りゃくご	abbreviation, acronym	
略式	りゃくしき	informal, simplified	
略称	りゃくしょう	abbreviation	
略歴	りゃくれき	brief personal record, short curriculum vitae, short CV	
流	りゅう	way, manner, style, fashion, mode	
流し	ながし	sink (e.g. in a kitchen)	
流す	ながす	to drain, to pour, to run, to let flow, to flush, to shed (blood, tears), to spill	
流れ	ながれ	flow (of a fluid or gas), stream, current	
流れる	ながれる	to stream, to flow (liquid, time, etc.), to run (ink)	
流れ込む	ながれこむ	to flow into, to pour into, to stream into	
流れ星	ながれぼし	shooting star, falling star, meteor	
流域	りゅういき	drainage basin, catchment basin, river basin, watershed, valley	
流血	りゅうけつ	bloodshed	
流行る	はやる	to be popular, to come into fashion	
流行歌	りゅうこうか	popular song, hit song	
流出	りゅうしゅつ	outflow, effluence, efflux, spillage, spill, discharge, haemorrhage, hemorrhage, bleeding (e.g. of ink into paper)	
流石	さすが	as one would expect, just as you'd expect (from), just like (someone)	
流暢	りゅうちょう	fluent (in a language), flowing	
流通	りゅうつう	circulation (of money, goods, etc.), distribution	
流動	りゅうどう	flow	
流動的	りゅうどうてき	fluid, unsettled	
流入	りゅうにゅう	inflow, influx	
流派	りゅうは	school (of painting, ikebana, etc.)	
流氷	りゅうひょう	drift ice, ice floe	
流用	りゅうよう	diversion, appropriation (e.g. of funds), misappropriation	
流浪	るろう	vagrancy, wandering, nomadism	
溜める	ためる	to amass, to accumulate, to store	
溜まる	たまる	to collect, to gather, to save, to accumulate, to pile up	
留学	りゅうがく	studying abroad	
留学生	りゅうがくせい	overseas student, exchange student	
留守	るす	absence, being away from home	
留守番	るすばん	care-taking, house-sitting, house-watching, staying at home	
留置	りゅうち	detention (usu. during investigation), imprisonment, poundage, custody	
留保	りゅうほ	reserving, withholding	
硫黄	いおう	sulfur (S), sulphur	
硫酸	りゅうさん	sulfuric acid, sulphuric acid	
粒	つぶ	grain, bead, drop	
粒子	りゅうし	particle, grain	
粒状	りゅうじょう	granular, granulated	
隆起	りゅうき	protuberance, bulge, protrusion, projection, swell	
隆盛	りゅうせい	prosperity, flourishing, thriving	
旅	たび	travel, trip, journey	
旅館	りょかん	ryokan, traditional Japanese inn	
旅客	りょかく	passenger	
旅客機	りょかくき	passenger plane	
旅券	りょけん	passport	
旅行	りょこう	travel, trip, journey, excursion, tour	
旅行者	りょこうしゃ	traveller, traveler	
旅人	たびびと	traveller, traveler, wayfarer, tourist	
旅先	たびさき	destination, place one stays during a trip	
旅団	りょだん	brigade	
旅費	りょひ	travel expenses	
旅立つ	たびだつ	to begin a trip, to depart, to embark	
了	りょう	finish, completion, the end	
了解	りょうかい	comprehension, consent, understanding, agreement	
僚友	りょうゆう	colleague, workmate, comrade, coworker	
両院	りょういん	both houses of parliament, both upper and lower house	
両岸	りょうがん	both banks (of a river)	
両眼	りょうがん	both eyes	
両軍	りょうぐん	both armies	
両国	りょうこく	both countries	
両氏	りょうし	both persons	
両者	りょうしゃ	pair, the two, both persons, both things	
両手	りょうて	both hands, both arms	
両替	りょうがえ	change, money exchange	
両党	りょうとう	both (political) parties	
両日	りょうじつ	both days, two days	
両方	りょうほう	both, both sides, both parties	
両面	りょうめん	both sides, two sides, double-sided	
両雄	りょうゆう	two great men	
両翼	りょうよく	both wings, both flanks	
両立	りょうりつ	compatibility, coexistence, standing together	
両輪	りょうりん	two wheels	
両論	りょうろん	both arguments, both opinions	
両腕	りょううで	both arms	
凌ぐ	しのぐ	to endure, to keep out (e.g. rain), to stave off (e.g. starvation)	
寮	りょう	hostel, dormitory	
寮生	りょうせい	boarder, boarding student	
料	りょう	fee, charge, rate	
料金	りょうきん	fee, charge, fare	
料亭	りょうてい	ryotei, traditional Japanese restaurant (esp. a luxurious one)	
料理	りょうり	cooking, cookery, cuisine, food, dish	
料理屋	りょうりや	restaurant	
涼しい	すずしい	cool, refreshing	
涼む	すずむ	to cool oneself, to cool off, to enjoy the cool air	
猟	りょう	hunting, shooting	
猟犬	りょうけん	hound, hunting dog, gun dog	
猟師	りょうし	hunter, huntsman	
猟銃	りょうじゅう	hunting gun, sportsgun	
療法	りょうほう	(method of) treatment, therapy, remedy, cure	
療養	りょうよう	recuperation, medical treatment	
糧食	りょうしょく	provisions	
良かったら	よかったら	if you like	
良好	りょうこう	good, fine, excellent, favorable, favourable, satisfactory	
良妻	りょうさい	good wife	
良識	りょうしき	good sense	
良質	りょうしつ	good quality, fine quality, superior quality, high quality	
良心	りょうしん	conscience	
量	りょう	quantity, amount, volume, capacity, portion (of food)	
量産	りょうさん	mass production	
量的	りょうてき	quantitative, concerning the quantity	
陵	みささぎ	imperial mausoleum, Emperor's tomb	
領域	りょういき	territory, domain	
領事	りょうじ	consul	
領事館	りょうじかん	consulate	
領収	りょうしゅう	receipt (of money), receiving	
領収書	りょうしゅうしょ	formal receipt (of payment; oft. hand-written)	
領地	りょうち	territory, dominion, grounds (e.g. school)	
領土	りょうど	territory, domain, dominion, possession	
領有	りょうゆう	possession (esp. of a territory)	
力	ちから	force, strength, might, vigour, vigor, energy	
力	りょく	strength, power, proficiency, ability	
力む	りきむ	to strain (oneself), to bear down, to exert oneself, to try (too) hard, to draw one's body taut	
力一杯	ちからいっぱい	with all one's strength, with might and main, as hard as one can	
力学	りきがく	mechanics, dynamics	
力強い	ちからづよい	powerful, strong, forceful, vigorous	
力作	りきさく	painstaking piece of work, work of great effort, tour de force, outstanding work	
力士	りきし	sumo wrestler, rikishi	
力試し	ちからだめし	test of one's strength, test of one's ability	
力持ち	ちからもち	muscleman, strong man	
力説	りきせつ	emphasizing (a point, argument, etc.), stressing, insistence, arguing strongly (for, against)	
力添え	ちからぞえ	help, assistance, service	
力点	りきてん	emphasis, stress, main point, importance	
力投	りきとう	pitching with all one's strength	
力量	りきりょう	ability, capacity, capability, talent	
緑	みどり	green	
緑色	みどりいろ	green, green color	
緑青	ろくしょう	verdigris, green rust, copper rust	
緑地	りょくち	green tract of land, green space	
倫理	りんり	ethics, morals	
倫理学	りんりがく	ethics, moral philosophy	
倫理的	りんりてき	ethical	
厘	りん	one-hundredth, 0.3 mm (one-hundredth of a sun), 0.1 percent (one-hundredth of a wari), 0.0375 grams (one-hundredth of a monme)	
林	はやし	wood, woods, forest, grove, copse, thicket	
林学	りんがく	forestry, silviculture	
林業	りんぎょう	forestry	
林檎	りんご	apple (fruit)	
林道	りんどう	path through forest, woodland path	
林立	りんりつ	standing close together, bristling (with)	
臨む	のぞむ	to look out on, to overlook, to front onto	
臨界	りんかい	boundary	
臨時	りんじ	temporary, provisional, interim	
臨終	りんじゅう	deathbed, dying hour, one's death	
臨床	りんしょう	clinical (e.g. pathology, training, trial)	
臨場感	りんじょうかん	(sense of) presence, feeling as if one was there, feeling of actually being there, realism, ambiance	
輪	わ	ring, circle, loop	
輪ゴム	わゴム	rubber band, elastic band	
輪郭	りんかく	contour, outline, silhouette	
輪切り	わぎり	cutting in round slices, round slice	
輪番	りんばん	rotation (e.g. of a duty), taking turns	
隣	となり	next (to), adjoining, adjacent	
隣家	りんか	neighbouring house, neighboring house	
隣人	りんじん	neighbour, neighbor, (people in the) neighbourhood, neighborhood	
隣接	りんせつ	adjacency, contiguity, being adjoined	
鱗	うろこ	scale (of fish, snake, etc.)	
瑠璃	るり	lapis lazuli	
塁	るい	base, bag, sack	
塁審	るいしん	base umpire	
涙	なみだ	tear, tears, lachrymal secretion	
涙ぐましい	なみだぐましい	touching, moving, painful	
涙声	なみだごえ	tearful voice	
累計	るいけい	cumulative total, accumulated total, total up to now	
累進	るいしん	successive promotion, gradual progression, rising step by step	
累積	るいせき	accumulation	
類	るい	kind, sort, type, class, genus, order, family	
類似	るいじ	resemblance, similarity, likeness, analogy	
類人猿	るいじんえん	anthropoid ape, anthropoid, ape	
類推	るいすい	analogy	
令	れい	command, order, dictation	
令嬢	れいじょう	(your) daughter, young woman	
令状	れいじょう	warrant, summons, written order	
例えば	たとえば	for example, for instance, e.g.	
例会	れいかい	regular meeting	
例外	れいがい	exception	
例外的	れいがいてき	exceptional, unusual	
例題	れいだい	example, exercise (for the reader)	
例年	れいねん	average (normal, ordinary) year	
例文	れいぶん	example sentence, illustrative sentence, model sentence	
冷え	ひえ	chilliness, coldness	
冷える	ひえる	to grow cold, to get chilly, to cool down	
冷え込む	ひえこむ	to get (very) cold, to get (much) colder	
冷え性	ひえしょう	sensitivity to cold, poor circulation	
冷たい	つめたい	cold (to the touch), chilly, icy, freezing	
冷ます	さます	to cool (e.g. from a high temperature to room temperature), to let cool	
冷める	さめる	to cool down, to get cold	
冷やかす	ひやかす	to banter, to make fun of, to jeer at	
冷やす	ひやす	to cool, to chill, to refrigerate	
冷害	れいがい	cold-weather damage (to crops)	
冷却	れいきゃく	cooling, refrigeration	
冷遇	れいぐう	cold reception, inhospitality	
冷酷	れいこく	cruelty, coldheartedness, relentless, ruthless	
冷笑	れいしょう	sneer, derision, scornful laugh, cold smile	
冷水	れいすい	cold water	
冷静	れいせい	calmness, composure, coolness, serenity, presence of mind	
冷戦	れいせん	cold war, the Cold War	
冷蔵	れいぞう	cold storage, refrigeration	
冷蔵庫	れいぞうこ	refrigerator, fridge	
冷淡	れいたん	cool, indifferent, apathetic, half-hearted	
冷徹	れいてつ	cool-headed, level-headed, hard-headed	
冷凍	れいとう	freezing, cold storage, refrigeration	
冷凍庫	れいとうこ	freezer	
冷凍食品	れいとうしょくひん	frozen food	
冷房	れいぼう	air conditioning, air cooling	
励ます	はげます	to encourage, to cheer on, to cheer (someone) up	
励み	はげみ	encouragement, incentive, stimulus	
励む	はげむ	to work hard, to try hard, to strive, to endeavour, to endeavor, to devote oneself to, to make an effort, to be zealous	
礼	れい	thanks, gratitude	
礼儀	れいぎ	manners, courtesy, etiquette	
礼金	れいきん	money (given as thanks), reward money, fee, recompense, remuneration, honorarium	
礼状	れいじょう	acknowledgment, acknowledgement, letter of thanks	
礼拝	れいはい	worship (esp. Christian), (church) service	
礼服	れいふく	formal dress, ceremonial dress, morning dress, evening dress, dress suit	
鈴	すず	bell (often globular)	
零	れい	zero, nought	
零す	こぼす	to spill, to drop, to shed (tears)	
零れる	こぼれる	to spill, to fall out of, to overflow	
零下	れいか	below zero, sub-zero	
零細	れいさい	insignificant, trifling, paltry, cottage (industry), tiny (company)	
零時	れいじ	twelve o'clock, midnight, noon	
零点	れいてん	zero (points, marks), no marks	
霊	れい	soul, spirit, departed soul, ghost	
霊園	れいえん	(garden) cemetery, park-style cemetery, memorial park	
齢	よわい	(one's) age	
暦	こよみ	calendar, almanac	
歴史	れきし	history	
歴史的	れきしてき	historical, traditional	
歴代	れきだい	successive generations, successive emperors	
歴任	れきにん	successive jobs, consecutive jobs	
歴訪	れきほう	round of calls, tour of visitation	
列	れつ	row, line, file, column, queue, rank, procession	
列挙	れっきょ	enumeration, list	
列国	れっこく	nations, states	
列車	れっしゃ	train, railway train	
列島	れっとう	archipelago, chain of islands	
劣る	おとる	to be inferior to, to be less good at, to fall behind	
劣悪	れつあく	poor (quality, conditions, etc.), bad, inferior, poor-quality	
劣化	れっか	deterioration (in quality, performance, etc.), degradation, worsening	
劣勢	れっせい	inferiority (e.g. numerical), inferior position, disadvantage, unfavorable situation, unfavourable situation	
劣等感	れっとうかん	inferiority complex, sense of inferiority	
烈震	れっしん	disastrous earthquake	
裂ける	さける	to split, to tear, to burst, to be separated, to be divided	
裂け目	さけめ	tear, rip, rent, slit, crack, chasm, rift	
廉価	れんか	low price, moderate price	
廉売	れんばい	bargain sale	
恋	こい	(romantic) love	
恋しい	こいしい	yearned for, longed for, missed	
恋愛	れんあい	love, romance, tender passion, emotion, affections	
恋人	こいびと	lover, sweetheart, boyfriend, girlfriend	
恋文	こいぶみ	love letter	
煉瓦	れんが	brick	
練る	ねる	to knead, to thicken into a paste (stirring over a flame)	
練習	れんしゅう	practice, training, drill, (an) exercise, workout	
蓮	はす	sacred lotus (Nelumbo nucifera), Indian lotus, lotus	
連なる	つらなる	to extend, to stretch out, to stand in a row	
連ねる	つらねる	to line up, to put in a row	
連れ	つれ	companion, company	
連れる	つれる	to take (someone) with one, to bring along, to go with, to be accompanied by	
連れ去る	つれさる	to take (someone) away, to carry off, to abduct, to kidnap	
連休	れんきゅう	consecutive holidays	
連係	れんけい	connection, linking, linkage, link, liaison, contact, coordination	
連携	れんけい	cooperation, coordination, collaboration, alignment	
連結	れんけつ	connection, linking, joining, coupling, attaching, junction, concatenation, consolidation (e.g. of company accounts)	
連行	れんこう	taking (a suspect to the police), dragging (someone) away	
連合	れんごう	union, combination, alliance, confederation, coalition	
連合会	れんごうかい	association, federation	
連鎖	れんさ	chain, series, connection	
連座	れんざ	implication (in a crime), involvement	
連載	れんさい	serialization, serialisation, serial story	
連勝	れんしょう	consecutive victories, series of victories, winning streak	
連戦	れんせん	series of battles, successive battles	
連想	れんそう	association (of ideas), being reminded (of something), suggestion	
連続	れんぞく	continuation, succession, series, sequence	
連打	れんだ	repeated blows, striking repeatedly, barrage	
連帯	れんたい	solidarity	
連隊	れんたい	regiment	
連中	れんちゅう	company, lot, people, bunch, gang, pack, guys, group, folks	
連動	れんどう	operating together, working together, being linked (to), being tied (to), being connected (with), interlocking	
連日	れんじつ	day after day, every day	
連覇	れんぱ	successive championships	
連敗	れんぱい	consecutive defeats, series of defeats	
連発	れんぱつ	occurring in succession, doing in succession, series (of incidents), spate	
連峰	れんぽう	mountain range	
連邦	れんぽう	federation (of states), confederation, commonwealth, union	
連盟	れんめい	league, federation, union	
連用	れんよう	continuous use, chronic use	
連絡	れんらく	contacting, (making) contact, getting in touch, communication, correspondence, call, message	
連絡先	れんらくさき	contact information (address, phone number, etc.)	
連立	れんりつ	coalition, alliance, union	
錬金術	れんきんじゅつ	alchemy	
路線	ろせん	route (bus, train, air, etc.), line	
路地	ろじ	alley, alleyway, lane	
露	つゆ	dew	
露骨	ろこつ	open, unconcealed, undisguised, blatant, plain, frank	
露出	ろしゅつ	exposure, laying bare, baring (e.g. skin)	
露呈	ろてい	exposure, disclosure	
露天風呂	ろてんぶろ	open-air bath, rotenburo, rotemburo	
露店	ろてん	street stall, stand, booth	
労	ろう	labor, labour, toil, trouble, pains, work, effort, striving	
労る	いたわる	to pity, to sympathize with, to sympathise with, to treat with sympathy, to console, to be kind to	
労災	ろうさい	work-related injury, work-related illness, work-related death, on-the-job accident	
労作	ろうさく	toil, labor, labour, laborious task	
労使	ろうし	labour and management, labor and management	
労組	ろうそ	labor union, labour union, trade union	
労働運動	ろうどううんどう	labour movement, labor movement	
労働者	ろうどうしゃ	worker	
労働省	ろうどうしょう	Ministry of Labour (now Ministry of Health, Labour and Welfare)	
労働条件	ろうどうじょうけん	working conditions	
労働組合	ろうどうくみあい	labor union, labour union, trade union	
労働党	ろうどうとう	Labour Party, Labor Party	
労働力	ろうどうりょく	labor, labour, manpower, working force	
労務	ろうむ	labor, labour, work, service	
労力	ろうりょく	labour, labor, effort, toil, trouble	
労連	ろうれん	labour union, labor union	
廊下	ろうか	corridor, hallway, passageway	
弄る	いじる	to finger, to touch, to play with, to fiddle with, to toy with	
朗らか	ほがらか	cheerful, merry, sunny, melodious	
朗詠	ろうえい	recitation (of Japanese or Chinese poem)	
朗読	ろうどく	reading aloud, recitation	
朗報	ろうほう	good news, happy news, glad tidings	
楼閣	ろうかく	multistoried building, castle, palace, shrine	
浪人	ろうにん	ronin, masterless samurai	
浪費	ろうひ	waste, extravagance	
漏る	もる	to leak, to run out	
漏洩	ろうえい	leak (of secrets, information, etc.), disclosure, divulging	
狼	おおかみ	wolf (Canis lupus)	
老いる	おいる	to age, to grow old	
老ける	ふける	to age, to grow old (esp. in appearance), to show marks of age	
老朽	ろうきゅう	infirmity (due to old age), decrepitude, senility, senescence, superannuation	
老後	ろうご	old age	
老子	ろうし	Laozi, Lao Tzu, Lao Tse	
老若男女	ろうにゃくなんにょ	men and women of all ages	
老人	ろうじん	old person, senior citizen, the aged, the elderly	
老人ホーム	ろうじんホーム	retirement home, old people's home, senior citizens' home	
老人性	ろうじんせい	senile (dementia, cataract, etc.)	
老衰	ろうすい	senility, senile decay, infirmity (through age)	
老婆	ろうば	old woman	
老齢	ろうれい	old age, advanced age	
蝋燭	ろうそく	candle	
６月	ろくがつ	June	
六十四分音符	ろくじゅうしぶおんぷ	64th note, hemidemisemiquaver, semidemisemiquaver	
６日	むいか	6th day of the month	
録音	ろくおん	(audio) recording	
録音テープ	ろくおんテープ	audio tape, magnetic tape	
録画	ろくが	(video) recording	
論じる	ろんじる	to discuss, to talk about, to deal with (a topic)	
論じ尽くす	ろんじつくす	to discuss fully, to discuss from every angle, to deal exhaustively with (an issue)	
論ずる	ろんずる	to discuss, to talk about, to deal with (a topic)	
論外	ろんがい	out of the question, outrageous, impossible	
論議	ろんぎ	discussion, argument, debate	
論客	ろんきゃく	controversialist, polemic, disputant	
論拠	ろんきょ	grounds of an argument	
論旨	ろんし	point of an argument, drift of an argument	
論者	ろんしゃ	advocate, disputant, debater	
論説	ろんせつ	article, discourse, dissertation, (written) argument, commentary	
論戦	ろんせん	battle of words, debate, argument, dispute	
論争	ろんそう	dispute, controversy, debate, argument, taking issue	
論調	ろんちょう	tone (of argument), tenor, drift	
論点	ろんてん	point in question (at issue)	
論評	ろんぴょう	comment, criticism, critique, review	
論文	ろんぶん	thesis, essay, treatise, paper, article	
論理	ろんり	logic	
論理的	ろんりてき	logical	
和	わ	sum	
和む	なごむ	to be softened, to calm down	
和やか	なごやか	mild, calm, gentle, quiet, congenial, amicable, amiable, friendly, genial, harmonious, peaceful	
和らぐ	やわらぐ	to soften, to calm down, to be eased, to be mitigated, to subside, to abate	
和らげる	やわらげる	to soften, to moderate, to relieve	
和英	わえい	Japanese-English	
和歌	わか	waka, classic Japanese poem, esp. a tanka, often 31 morae	
和菓子	わがし	wagashi, traditional Japanese confectionery	
和解	わかい	reconciliation, amicable settlement, accommodation, compromise, mediation, rapprochement	
和牛	わぎゅう	Wagyu (any of four breeds of Japanese cattle), Wagyu beef	
和語	わご	Japanese language	
和紙	わし	washi, Japanese paper	
和室	わしつ	Japanese-style room	
和尚	おしょう	priestly teacher, preceptor	
和食	わしょく	Japanese food, Japanese dish, Japanese cuisine	
和風	わふう	Japanese style	
和服	わふく	Japanese clothes	
和文	わぶん	Japanese text, sentence in Japanese	
和平	わへい	peace	
和洋折衷	わようせっちゅう	blending of Japanese and Western styles	
話しかける	はなしかける	to address (someone), to accost a person, to talk (to someone)	
話し合う	はなしあう	to discuss, to talk together	
話し込む	はなしこむ	to be deep in talk	
話し方	はなしかた	way of talking, speaking style	
話す	はなす	to talk, to speak, to converse, to chat	
話題	わだい	topic, subject	
賄う	まかなう	to supply (goods, money, etc.), to cover (costs), to pay, to finance, to maintain (e.g. a family)	
賄賂	わいろ	bribe, sweetener, douceur	
脇	わき	armpit, under one's arm, side, flank	
脇役	わきやく	supporting role (actor), minor role	
惑わす	まどわす	to bewilder, to perplex, to puzzle, to delude, to mislead, to deceive	
惑星	わくせい	planet	
枠	わく	frame, framework	
枠内	わくない	within the limits (framework, boundaries, price, etc.)	
鷲	わし	eagle (Accipitridae family)	
詫び	わび	apology	
藁	わら	straw	
椀	わん	bowl (wooden)	
捥ぐ	もぐ	to pluck (esp. by twisting from a tree), to pick (e.g. apples)	
湾	わん	bay, gulf, inlet	
湾岸	わんがん	gulf coast, bay coast	
湾曲	わんきょく	curve, bend, crook	
腕	うで	arm	
腕時計	うでどけい	wristwatch, watch	
腕前	うでまえ	ability, skill, facility	
腕白	わんぱく	naughty, mischievous, unruly	
腕力	わんりょく	strength in one's arms, physical strength, muscular strength	
丼	どんぶり	porcelain bowl	
仄めかす	ほのめかす	to hint at, to intimate, to suggest, to allude to, to imply	
佇む	たたずむ	to stand (still) a while, to loiter, to stop	
俯く	うつむく	to hang one's head, to look down, to cast one's eyes downward	
傲慢	ごうまん	haughty, arrogant, insolent, proud, overbearing	
几帳面	きちょうめん	methodical, precise, meticulous, scrupulous, regular, punctual	
凭れる	もたれる	to lean against, to lean on, to recline on	
刹那	せつな	moment, instant	
咎める	とがめる	to blame, to reproach, to censure, to rebuke, to reprove, to find fault, to take to task, to criticize, to criticise	
呟く	つぶやく	to mutter, to murmur, to grumble	
咄嗟に	とっさに	at once, immediately, instantly, in an instant, quickly, suddenly, on the spur of the moment	
唸る	うなる	to groan, to moan	
喘息	ぜんそく	asthma	
嗚呼	ああ	ah!, oh!, alas!	
嗅ぐ	かぐ	to sniff, to smell	
嗜好	しこう	taste, liking, preference	
嘔吐	おうと	vomiting, emesis	
嘴	くちばし	beak, bill	
嘲る	あざける	to scoff, to laugh at, to make fun of, to ridicule, to jeer at	
嘸	さぞ	surely, certainly, no doubt, must	
囁く	ささやく	to whisper, to murmur	
埃	ほこり	dust	
毀損	きそん	damage, injury, defamation, harm	
夥しい	おびただしい	large number, innumerable, great many, immense, vast, abundant	
奢る	おごる	to treat (someone) to (something), to give (someone) a treat, to buy (someone a meal, drink, etc.)	
婉曲	えんきょく	euphemistic, circumlocutory, periphrastic, roundabout, indirect	
しなやか	しなやか	supple, flexible, elastic	
何れ	いずれ	which, where, who	
屏風	びょうぶ	folding screen	
嵌める	はめる	to fit (e.g. a pane into a frame), to insert (e.g. a cork), to fasten (a button)	
巫山戯る	ふざける	to joke, to jest, to kid, to josh	
箒	ほうき	broom	
彗星	すいせい	comet	
彷徨う	さまよう	to loiter, to putter, to prowl, to wander about, to roam about, to knock around	
彷徨く	うろつく	to loiter, to hang around, to wander around, to prowl, to roam	
忖度	そんたく	surmise (about someone's feelings), guess, conjecture	
戌	いぬ	the Dog (eleventh sign of the Chinese zodiac)	
拉致	らち	taking captive, carrying away, kidnapping, kidnaping, abduction	
拵える	こしらえる	to make, to manufacture	
捏造	ねつぞう	fabrication, forgery, falsehood, hoax	
掏摸	すり	pickpocket	
掟	おきて	law, regulation, rule, code, agreement, arrangement, compact, legislation	
揉む	もむ	to rub, to crumple	
揉める	もめる	to disagree, to dispute, to fight (over)	
揶揄う	からかう	to tease, to make fun of, to poke fun at, to make a crack about, to chaff, to kid, to joke, to banter, to pull someone's leg	
旁	つくり	right-hand radical of a character	
暈す	ぼかす	to blur, to shade off, to gradate	
曖昧	あいまい	vague, ambiguous, unclear	
曰く	いわく	pretext, history, past, story	
楷書	かいしょ	printed style (of writing Chinese characters), square style, block style, standard style	
檻	おり	cage, pen, (jail) cell	
鬱陶しい	うっとうしい	gloomy (e.g. mood), depressing	
うつ病	うつびょう	depression	
洒落	しゃれ	joke, pun, jest, witticism, wordplay	
洒落る	しゃれる	to dress stylishly	
滲む	にじむ	to run (of liquid), to spread, to bleed, to blot	
炒める	いためる	to fry, to saute, to stir-fry	
炒飯	チャーハン	Chinese-style fried rice	
炸裂	さくれつ	violent explosion, bursting	
焜炉	こんろ	cooking stove, burner (gas, electric, etc.), range, cooktop, hob	
爬虫類	はちゅうるい	reptiles	
狡い	ずるい	sly, cunning, sneaky, crafty, unfair, dishonest	
琥珀	こはく	amber	
痒い	かゆい	itchy	
痺れる	しびれる	to become numb, to go to sleep (e.g. a limb)	
瘤	こぶ	bump, lump, protuberance, swelling	
皺	しわ	wrinkle, crease	
眩しい	まぶしい	dazzling, radiant	
眩暈	めまい	dizziness, giddiness, vertigo	
睨む	にらむ	to glare at, to scowl at, to glower at	
瞑想	めいそう	meditation (with closed eyes), contemplation	
瞼	まぶた	eyelid	
碌に	ろくに	(not) well, (not) properly, (not) enough, (not) sufficiently, (not) satisfactorily, (not) decently	
稍	やや	a little, partially, somewhat, slightly, semi-, -ish, on the ... side, a short time, a while	
筐体	きょうたい	case (of a machine, computer, etc.), casing, cabinet (arcade games), housing, enclosure, chassis, frame	
籤	くじ	lottery, lot, raffle, draw	
くじ引き	くじびき	lottery, drawn lot	
絆	きずな	bond (between people), (emotional) ties, bonds, relationship, connection, link	
煌びやか	きらびやか	gorgeous, gaudy, dazzling, gay, resplendent	
緻密	ちみつ	fine (grain, workmanship, etc.), close (weave), delicate, intricate, elaborate	
罠	わな	trap (for catching animals), snare	
翔る	かける	to soar, to fly	
聳える	そびえる	to rise (of a building, mountain, etc.), to tower, to soar	
脛	すね	shin, shank, lower leg	
臍	へそ	navel, belly button	
舅	しゅうと	father-in-law	
舐める	なめる	to lick, to lap, to suck	
苺	いちご	strawberry (esp. the garden strawberry, Fragaria x ananassa)	
茹でる	ゆでる	to boil (something in hot water)	
茣蓙	ござ	rush mat, matting, mat	
薔薇	ばら	rose	
バラ色	バラいろ	rose-colour, rose-color	
蕾	つぼみ	(flower) bud	
褪せる	あせる	to fade, to discolor, to discolour	
訛り	なまり	accent (of one's speech)	
諄い	くどい	repetitious, long-winded, tedious, wordy, verbose, insistent, importunate	
貪る	むさぼる	to covet, to crave, to be greedy for, to hunger for, to lust insatiably for	
貶す	けなす	to speak ill of, to disparage	
贅沢	ぜいたく	luxury, extravagance	
齎す	もたらす	to bring (news, knowledge, etc.), to introduce	
贔屓	ひいき	favour, favor, patronage, favouritism, favoritism, partiality	
跪く	ひざまずく	to kneel (in respect), to genuflect	
踵	かかと	heel (of foot, shoe, stocking, etc.)	
蹲る	うずくまる	to crouch, to squat, to cower	
躊躇	ちゅうちょ	hesitation, indecision, vacillation	
躊躇う	ためらう	to hesitate, to waver	
躓く	つまずく	to trip (over), to stumble	
躾	しつけ	discipline, training, teaching manners	
逞しい	たくましい	burly, strong, sturdy	
鋏	はさみ	scissors, shears, clippers	
鍼灸	しんきゅう	acupuncture and moxibustion	
笑窪	えくぼ	dimple	
鞦韆	ぶらんこ	swing, trapeze	
頷く	うなずく	to nod, to bow one's head in assent, to agree	
餃子	ギョーザ	gyoza, pot sticker, crescent-shaped pan-fried dumplings stuffed with minced pork and vegetables	
饂飩	うどん	udon, thick Japanese wheat noodles	
騙す	だます	to trick, to cheat, to deceive, to swindle, to dupe	
麒麟	きりん	giraffe (Giraffa camelopardalis)	
靡く	なびく	to bend, to flutter, to wave	
黴	カビ	mold, mould, mildew	
ばい菌	ばいきん	germ, germs, bacteria, bug	
鼾	いびき	snoring, snore	
愛想	あいそ	amiability, friendliness, affability, sociability	
愛憎	あいぞう	love and hate	
愛着	あいちゃく	attachment (esp. to things), love, affection, fondness	
悪口	わるぐち	(verbal) abuse, speaking ill of people, bad-mouthing, name-calling, slander, abusive language, insulting remarks	
悪阻	つわり	morning sickness, nausea and vomiting of pregnancy	
依存	いぞん	dependence, reliance	
亥	い	the Boar (twelfth sign of the Chinese zodiac), the Pig	
一家	いっか	a family, a household, a home, one's family, whole family	
一筋	ひとすじ	one line, one stretch (e.g. of road), one strand (e.g. of hair), one beam (e.g. of light), one ray, one length (e.g. of rope)	
一隅	いちぐう	corner, nook	
一言	ひとこと	single word, a few words, brief comment	
一行	いちぎょう	(one) line, (one) row	
一昨日	おととい	day before yesterday	
一昨年	おととし	year before last	
一時	いちじ	one o'clock	
一色	いっしょく	one color	
一人	ひとり	one person	
一世	いっせい	generation, lifetime	
一生	いっしょう	whole life, a lifetime, all through life, one existence, a generation, an age, the whole world, the era	
一節	いっせつ	one passage, one paragraph, one stanza, one verse, one section (of a piece of music), one syllable	
一度	いちど	once, one time, on one occasion	
一日	いちにち	one day	
一年	いちねん	one year, some time ago	
一夜	いちや	one night, all night, overnight, one evening	
逸れる	それる	to turn away, to bear off, to veer away, to swerve from, to miss (e.g. a target)	
陰陽	いんよう	cosmic dual forces, yin and yang, sun and moon, etc.	
右側	みぎがわ	right side, right-hand side	
雨水	あまみず	rain water	
卯	う	the Rabbit (fourth sign of the Chinese zodiac), the Hare	
永久	えいきゅう	eternity, permanence, perpetuity	
疫病	えきびょう	epidemic, plague, pestilence	
益	えき	benefit, use, good, advantage, gain	
円滑	えんかつ	smooth, undisturbed, uninterrupted, harmonious	
円形	えんけい	round shape, circle, circular form	
塩	しお	salt, common salt, table salt, sodium chloride	
塩水	しおみず	salt water, brine	
奥地	おくち	interior, backwoods, hinterland, back regions	
翁	おきな	old man, venerable gentleman	
黄昏	たそがれ	dusk, twilight	
黄色	きいろ	yellow, amber	
俺	おれ	I, me	
音	おと	sound, noise	
音色	ねいろ	tone color, tone colour, tone quality, timbre	
下唇	したくちびる	lower lip	
下半期	しもはんき	second half of the year, second half of the fiscal year	
下半身	かはんしん	lower half of the body, nether parts	
化粧	けしょう	make-up, makeup, cosmetics	
仮名	かめい	alias, pseudonym, pen name, nom de plume	
何	なに	what	
何故	なぜ	why, how, for what reason	
何時でも	いつでも	always, all the time, at all times	
何処	どこ	where, what place	
加重	かじゅう	weighting (in averaging), aggravation	
可愛い	かわいい	cute, adorable, charming, lovely, pretty	
暇	ひま	spare time, free time, leisure	
河口	かこう	mouth of river, estuary	
火傷	やけど	burn, scald	
花園	はなぞの	flower garden	
外界	がいかい	outside world, physical world	
外側	そとがわ	exterior, outside, outer, external, lateral	
蛙	かえる	frog	
格好いい	かっこいい	attractive, good-looking, stylish, cool, smooth, neat, with-it, groovy	
角界	かくかい	the world of sumo	
乾物	かんぶつ	dry provisions, dried food, dried goods, groceries	
冠	かんむり	traditional cap worn by Shinto clergy and courtiers	
幹	みき	tree trunk, bole	
管	かん	pipe, tube	
嗽	うがい	gargling, rinsing one's mouth	
眼鏡	メガネ	glasses, eyeglasses, spectacles	
雁	がん	wild goose	
願望	がんぼう	desire, wish, aspiration	
寄贈	きぞう	donation, presentation, gift	
捨て子	すてご	abandoned child, foundling	
気難しい	きむずかしい	hard to please, difficult, particular, fussy, choosy, picky, fastidious	
鬼神	きしん	fierce god	
偽物	にせもの	spurious article, forgery, counterfeit, imitation, sham	
給油所	きゅうゆじょ	gas station, petrol station, filling station, service station, fuel depot	
居る	いる	to be (of animate objects), to exist	
居る	おる	to be (animate), to be, to exist	
魚	さかな	fish	
共	とも	together with	
共存	きょうぞん	coexistence	
脅かす	おどかす	to threaten, to menace, to intimidate	
脅かす	おびやかす	to intimidate, to frighten, to scare	
興	きょう	interest, entertainment, pleasure	
近々	ちかぢか	soon, before long, shortly, in the near future	
金色	きんいろ	gold (colour, color)	
九	きゅう	nine, 9	
９０	きゅうじゅう	ninety, 90	
軍兵	ぐんぴょう	armed forces, battle troops	
傾く	かたむく	to incline toward, to slant, to lurch, to heel over, to be disposed to, to trend toward, to be prone to	
傾げる	かしげる	to tilt (esp. head), to lean, to incline, to slant	
軽やか	かろやか	light, easy, non-serious, minor	
兼業	けんぎょう	perusing as a side business, doing in addition to one's main work, running (businesses) simultaneously	
嫌気	いやき	dislike, disgust, disinclination, tired of	
研究所	けんきゅうじょ	research institute, (research) laboratory	
見栄	みえ	show, display, pretensions, appearances, ostentation, vanity	
元凶	げんきょう	ringleader, main culprit	
元金	がんきん	principal	
弦	つる	bowstring	
古文	こぶん	ancient writing (Edo-period or older), classical literature	
古文書	こもんじょ	historical document, archives, old manuscript, paleograph	
古本	ふるほん	secondhand book	
固執	こしつ	sticking to (an opinion, theory, belief, etc.), clinging to, adherence, persistence, insistence	
顧客	こきゃく	customer, client, patron	
口数	くちかず	number of words a person speaks	
工場	こうじょう	factory, plant, mill, workshop	
溝	みぞ	ditch, drain, gutter, trench	
甲	こう	carapace, shell	
甲板	かんぱん	deck (of a ship)	
紅	くれない	deep red, crimson	
紅葉	こうよう	leaves turning red (in autumn), red leaves, autumn colours, fall colors	
行き	いき	the way there, outbound leg, outbound trip, departing leg	
行き違い	いきちがい	crossing without meeting (e.g. letters in the post, people on the road), going astray	
行き詰まり	いきづまり	deadlock, stalemate, impasse, dead end	
行き止まり	いきどまり	dead end, blind alley, no through road (i.e. on signage), cul-de-sac	
行き来	ゆきき	coming and going, keeping in touch, visiting each other	
行く	いく	to go, to move (towards), to head (towards), to leave (for)	
鋼板	こうはん	steel sheet, steel plate	
香ばしい	こうばしい	aromatic (roasted beans, roasted tea, etc.), fragrant (e.g. burning wood), pleasant-smelling, savory-smelling (e.g. barbecued meat), savoury, appetizing	
芳しい	かんばしい	sweet-smelling, fragrant, aromatic	
高名	こうめい	famous, well-known, renowned, distinguished, celebrated	
合点	がてん	consent, assent, understanding, agreement, comprehension, grasp	
合板	ごうはん	veneer board, plywood	
合併	がっぺい	merger (of companies, towns, etc.), combination, union, amalgamation, consolidation, coalition, fusion, annexation, affiliation, incorporation	
黒衣	こくい	black clothes	
黒煙	こくえん	black smoke	
黒白	くろしろ	black and white, right and wrong	
此奴	こいつ	he, she, this fellow, this guy, this person	
頃	ころ	(approximate) time, around, about, toward	
今昔	こんじゃく	past and present	
今朝	けさ	this morning	
今日	きょう	today, this day	
今年	ことし	this year	
昆布	こんぶ	kombu (usu. Saccharina japonica), konbu, kelp, any edible species from the family Laminariaceae	
紺屋	こうや	dyer	
魂	たましい	soul, spirit, mind	
左側	ひだりがわ	left side, left-hand side	
最上	さいじょう	highest (e.g. floor), top	
最中	さいちゅう	(in) the middle of, (in) the midst of, (in) the course of, (at) the height of	
裁定	さいてい	decision, ruling, award, arbitration	
昨日	きのう	yesterday	
桜花	おうか	cherry blossom	
鮭	さけ	salmon (Salmonidae spp.)	
三	さん	three, 3	
三角形	さんかくけい	triangle	
三方	さんぼう	three sides	
三味線	しゃみせん	shamisen, samisen, three-stringed Japanese lute	
惨敗	ざんぱい	ignominious defeat, crushing failure, utterly beaten, overwhelming defeat	
四	し	four, 4	
姉妹	しまい	sisters	
師走	しわす	twelfth month (esp. of the lunar calendar), December	
施行	しこう	putting in force (a law), putting into operation, putting into effect, enforcement	
枝葉	えだは	branches and leaves, foliage	
私事	しじ	personal affairs, private matter	
詩歌	しいか	Japanese and Chinese poetry	
磁場	じば	magnetic field	
７０	しちじゅう	seventy, 70	
７日	なのか	7th day of the month	
七夕	たなばた	Star Festival (held in July or August), Tanabata, Festival of the Weaver	
舎	しゃ	hut, house	
借家	しゃくや	rented house, house for rent	
寂しい	さびしい	lonely, lonesome, solitary, desolate	
寂然	せきぜん	lonely, desolate	
主人	しゅじん	head (of a household), proprietor (of a store), proprietress, landlord, landlady	
修業	しゅうぎょう	pursuit of knowledge, studying, learning, training, completing a course	
醜女	しゅうじょ	ugly woman, unattractive woman	
十	じゅう	ten, 10	
十四	じゅうし	fourteen, 14	
十七	じゅうなな	seventeen, 17	
十八番	じゅうはちばん	one's favourite party trick (favorite), one's specialty, one's forte	
渋面	じゅうめん	grimace, sullen face	
縦横	じゅうおう	length and width, length and breadth, lengthwise and crosswise, vertical and horizontal, the four cardinal points	
重荷	おもに	load, heavy burden, encumbrance, heavy freight, heavy responsibility	
重厚	じゅうこう	profound, deep, grave, solid, dignified, stately, solemn, composed, substantial, massive	
重傷	じゅうしょう	serious wound, serious injury	
重複	ちょうふく	duplication, repetition, overlapping, redundancy, restoration	
重宝	ちょうほう	convenient, useful, handy, helpful	
出国	しゅっこく	departure from a country, leaving a country	
出所	しゅっしょ	source, origin, provenance	
出生	しゅっしょう	birth	
助言	じょげん	advice, counsel, suggestion, tip, hint	
女形	おんながた	onnagata, male actor in female kabuki roles	
傷	きず	wound, injury, cut, gash, bruise, scratch, scrape, scar	
商人	しょうにん	merchant, trader, tradesman, dealer, shopkeeper	
小便	しょうべん	urine, piss, pee, urination	
少女	しょうじょ	girl (usu. between 7 and 17), young lady	
手のひら	てのひら	palm (of the hand)	
消耗	しょうもう	exhaustion, consumption, using up, dissipation, waste	
上着	うわぎ	coat, jacket, outerwear	
上院	じょういん	upper house, upper legislative chamber, senate	
上向き	うわむき	pointing up, pointing upward, upturn, uptrend, upward tendency	
上唇	うわくちびる	upper lip	
上方	じょうほう	upper part, upper region, region above	
丈夫	じょうぶ	healthy, robust, strong, solid, durable	
乗客	じょうきゃく	passenger	
情緒	じょうちょ	emotion, feeling	
信	しん	honesty, sincerity, fidelity	
誠	まこと	truth, reality, fact	
寝台	しんだい	bed, couch	
真っ直ぐ	まっすぐ	straight (ahead), direct, upright, erect	
真っ白	まっしろ	pure white	
人	ひと	person, someone, somebody	
人々	ひとびと	people, men and women	
人影	ひとかげ	figure of a person, figures of people	
人心	じんしん	human nature, human heart, human spirit, kindness, sympathy	
人数	にんずう	the number of people	
人文	じんぶん	humanity, civilization, civilisation, culture	
人目	ひとめ	(public) notice, attention, public eye, public gaze	
水鳥	みずとり	waterfowl, water bird, shorebird	
数	かず	number, amount	
数	すう	several, a few, a number of	
正道	せいどう	path of righteousness, path of duty, right track, correct path	
西方	せいほう	western direction	
赤色	あかいろ	red, red color	
先行き	さきゆき	the future, future prospects	
先頃	さきごろ	recently, the other day	
千代	ちよ	thousand years	
扇形	おうぎがた	fan shape	
選り分ける	よりわける	to classify, to sort out, to sift through	
前半	ぜんはん	first half	
良し悪し	よしあし	right or wrong, good or bad, quality, suitability	
全国	ぜんこく	the whole country	
全治	ぜんち	complete recovery, healing	
嘗て	かつて	once, before, formerly, ever, former, ex-	
早急	そうきゅう	immediate, prompt, quick, rapid, urgent, pressing	
草木	くさき	plants, vegetation	
側	がわ	side (of something, or taking someone's side), part	
束ねる	たばねる	to tie up in a bundle (e.g. straw, hair, bills, letters), to bundle, to sheathe	
足跡	あしあと	footprints	
他人	たにん	another person, other people, others	
他薦	たせん	recommendation (by others)	
打ち込む	うちこむ	to drive in (a nail, stake, etc.), to hammer in	
代替	だいたい	substitution	
大河	たいが	large river	
大将	たいしょう	general, admiral	
凧	たこ	kite	
脱衣所	だついじょ	bathroom antechamber, dressing room, sink area	
谷	たに	valley, ravine, gorge, canyon	
端	はし	end (e.g. of street), tip, point, edge, margin	
値	あたい	price, cost	
中指	なかゆび	middle finger, long finger, second finger, tall finger	
昼間	ひるま	daytime, during the day, time from sunrise until sunset, diurnal period	
注ぎ込む	そそぎこむ	to pour in (liquids)	
注ぎ込む	つぎこむ	to invest in, to sink money into, to put into, to lay out (funds), to inject, to impregnate, to infuse, to instill, to implant, to imbue, to focus (attention, efforts)	
注ぐ	そそぐ	to pour (into)	
弔う	とむらう	to mourn for, to grieve for, to condole with (the bereaved family, etc.)	
朝飯	あさめし	breakfast	
直	じき	soon, in a moment, before long, shortly	
直	ちょく	direct	
直球	ちょっきゅう	straight ball (pitch)	
佃	つくだ	cultivated rice field	
剃る	そる	to shave	
弟	おとうと	younger brother, little brother, kid brother	
弟子	でし	pupil, disciple, adherent, follower, apprentice, young person, teacher's student-helper	
敵	てき	opponent, rival, adversary	
天の川	あまのがわ	Milky Way, luminous band corresponding to the plane of the galaxy	
天皇	てんのう	Emperor of Japan	
天神	てんじん	heavenly god, heavenly gods	
天地	てんち	heaven and earth, the universe, the world, nature	
店	みせ	store, shop, establishment, restaurant	
店	てん	store, shop, restaurant	
転ぶ	ころぶ	to fall down, to fall over	
灯す	ともす	to light (a candle, lamp, etc.), to turn on (a light)	
伝言	でんごん	(verbal) message, word (from someone)	
途中	とちゅう	on the way, en route	
島国	しまぐに	island country	
東側	ひがしがわ	east side, east bank	
灯	ひ	light, lamp	
等	など	et cetera, etc., and the like, and so forth	
頭	あたま	head	
頭打ち	あたまうち	reaching a peak, reaching the limit, plateauing, maxing out	
働き手	はたらきて	worker, breadwinner, supporter	
同人	どうじん	same person	
同胞	どうほう	brethren, brothers, fellow countrymen, fellowman, compatriot	
銅	どう	copper (Cu)	
読本	とくほん	reading-book, reader, guidebook, manual	
凸凹	でこぼこ	unevenness, roughness, ruggedness, bumpiness	
鈍い	にぶい	dull (e.g. a knife), blunt	
鈍る	にぶる	to become blunt, to grow dull	
内々	うちうち	private, confidential, informal, secret, (within the) family circle, (on the) inside	
内海	ないかい	inland sea, inlet, gulf, bay	
内外	ないがい	inside and outside, interior and exterior	
内示	ないじ	unofficial announcement	
内分泌	ないぶんぴ	endocrine	
内幕	うちまく	lowdown, inside information, hidden circumstances, inside facts, inner workings, undisclosed circumstances	
南瓜	かぼちゃ	pumpkin (Cucurbita sp.), squash	
南西	なんせい	southwest	
南側	みなみがわ	south side	
南東	なんとう	southeast	
南氷洋	なんひょうよう	Antarctic Ocean	
難い	かたい	difficult, hard	
二七日	ふたなぬか	second week's memorial services	
二人	ふたり	two persons, two people, pair, couple	
二人前	ににんまえ	for two people, (work) of two, (meals) for two	
日数	にっすう	number of days	
日本	にほん	Japan	
乳首	ちくび	nipple, teat	
乳房	ちぶさ	breast, udder	
入り口	いりぐち	entrance, entry, gate, approach, mouth	
年々	ねんねん	year by year, annually, every year, from year to year	
年月	としつき	months and years	
年頭	ねんとう	beginning of the year	
年表	ねんぴょう	chronological table	
燃やす	もやす	to burn	
此の	この	this	
派出所	はしゅつじょ	branch office	
梅雨	つゆ	(East Asian) rainy season (in Japan, usu. from early June to mid-July)	
売春婦	ばいしゅんふ	prostitute	
剥ぐ	はぐ	to tear off, to peel off, to rip off, to strip off, to skin, to flay, to bark	
博	はく	doctor, PhD	
拍子	ひょうし	time, meter, metre, rhythm	
柏	かしわ	daimyo oak (Quercus dentata), Japanese emperor oak	
白髪	しらが	white hair, grey hair, gray hair	
八	はち	eight, 8	
八つ	やっつ	eight	
発足	ほっそく	starting, inauguration, launch, founding, establishment, start-up	
半月	はんつき	half-moon	
半日	はんにち	half day	
半年	はんとし	half a year, six months	
帆船	はんせん	sailing ship, sailing boat, sailing vessel	
いいえ	いいえ	no	
避ける	さける	to avoid (physical contact with)	
鼻血	はなぢ	nosebleed	
鼻紙	はながみ	tissue paper, facial tissue, paper handkerchief	
鼻息	はないき	nasal breathing, breathing through one's nose	
匹	ひき	counter for small animals	
俵	たわら	straw bag, sack, bale	
描く	えがく	to draw, to paint, to sketch	
品	しな	article, item, thing, goods, stock	
賓客	ひんきゃく	guest of honour, guest of honor, privileged guest, visitor	
不定	ふじょう	uncertainty, insecurity, inconstancy, indefinite, undecided	
付き	つき	furnished with, including	
夫婦	ふうふ	married couple, husband and wife, man and wife	
富者	ふしゃ	rich person, millionaire, the wealthy	
肌寒い	はださむい	chilly, unpleasantly cold	
侮る	あなどる	to disdain, to look down on, to make light of, to hold in contempt, to scorn, to despise	
武士	ぶし	samurai, warrior	
風穴	かざあな	air hole, windhole, air vent	
風邪	かぜ	(common) cold, influenza, flu, ague, inflammatory respiratory system illness (in general)	
分泌	ぶんぴつ	secretion	
文書	ぶんしょ	document, writing, letter, papers, notes, records, archives	
丙	へい	third rank, third class, third person (in a contract, etc.)	
平均	へいきん	average, mean	
平地	へいち	level ground, plain, flatland	
別人	べつじん	different person, another person, someone else, changed man	
別名	べつめい	another name, different name, synonym	
編者	へんしゃ	editor, compiler	
保育所	ほいくしょ	nursery school, day care center, day nursery	
保健所	ほけんじょ	health care center, health care centre	
保養所	ほようじょ	recreation facility (usu. corporate-owned and for the exclusive use of the corporation's employees), rest home, retreat center	
墓参り	はかまいり	visit to a grave	
墓石	ぼせき	tombstone, gravestone	
墓地	ぼち	cemetery, graveyard	
包む	つつむ	to wrap up, to pack, to bundle, to do up	
宝物	たからもの	treasure, treasured item, prized possession	
抱く	いだく	to hold in one's arms (e.g. a baby), to embrace, to hug	
方々	かたがた	people, (all) persons, everyone, ladies and gentlemen	
方々	ほうぼう	here and there, this way and that way, everywhere, all over	
乏しい	とぼしい	meagre, meager, scarce, limited, destitute, hard up, lacking, scanty, poor	
頬	ほお	cheek (of the face)	
北国	きたぐに	northern country	
北側	きたがわ	north side, north bank	
北東	ほくとう	northeast	
北風	きたかぜ	north wind, northerly wind	
牧場	ぼくじょう	farm (livestock), stock farm, ranch, station	
本文	ほんぶん	text (of a book, document, etc.), body (of a letter)	
凡	ぼん	ordinary, common, mediocre	
凡人	ぼんじん	ordinary person, average person, mediocre person	
埋まる	うまる	to be buried, to be covered, to be surrounded	
毎月	まいつき	every month, each month, monthly	
毎年	まいとし	every year, yearly, annually	
末っ子	すえっこ	youngest child	
万	まん	10,000, ten thousand	
万人	ばんにん	all people, everybody	
万全	ばんぜん	perfection, flawlessness	
万能	ばんのう	all-purpose, utility, universal	
味気ない	あじけない	wearisome, insipid, dull, irksome, wretched, vain	
密入国	みつにゅうこく	smuggling oneself into a country, illegal immigration	
明後日	あさって	day after tomorrow	
明日	あした	tomorrow	
免れる	まぬがれる	to escape (disaster, death, etc.), to be saved from, to be rescued from	
面	おもて	face	
面	つら	face, mug	
面	めん	face	
妄想	もうそう	delusion, wild idea, (wild) fancy, (ridiculous) fantasy	
盲	めくら	blindness, blind person	
問屋	とんや	wholesale store, wholesale dealer, wholesaler	
門	もん	gate	
夜行	やこう	night travel, walking around at night	
融通	ゆうずう	lending (money, commodities, etc.), finance, loan	
夕飯	ゆうはん	evening meal, dinner, supper	
予言	よげん	prediction, prophecy, prognostication, foretelling, forecast	
余り	あまり	remainder, remnant, rest, balance, surplus, remains (of a meal), leftovers	
よそ行き	よそゆき	going out	
余人	よじん	others, other people	
預かり所	あずかりじょ	cloakroom, parcel room	
揺る	ゆる	to shake, to jolt, to rock (cradle), to swing	
揺する	ゆする	to shake, to jolt, to rock (cradle), to swing	
浴衣	ゆかた	yukata, light cotton kimono worn in the summer or used as a bathrobe	
翌朝	よくあさ	next morning	
螺子	ネジ	screw	
螺旋	らせん	spiral, helix	
来客	らいきゃく	visitor, caller	
来春	らいしゅん	next spring	
雷	かみなり	lightning, thunder, thunderbolt	
落ち葉	おちば	fallen leaves, leaf litter, falling leaves	
卵形	らんけい	oval shape, egg shape	
流行	りゅうこう	fashion, trend, vogue, craze, fad, popularity	
両側	りょうがわ	both sides	
両足	りょうあし	both feet	
両端	りょうたん	both ends, either end, both edges	
涼風	りょうふう	cool breeze, refreshing breeze	
療養所	りょうようじょ	sanatorium	
隣国	りんごく	neighbouring country, neighboring country, adjacent country	
例	れい	example, instance, illustration, case	
恋心	こいごころ	(feelings of) love	
老若	ろうにゃく	young and old, all ages	
老舗	しにせ	long-established shop, shop of long standing, old shop	
六	ろく	six, 6	
六つ	むっつ	six	
大和	やまと	(ancient) Japan, Yamato kingdom, state of Yamato	
歪む	ゆがむ	to warp, to bend, to contort	
儘	まま	as (it is), remaining (in a state), keeping (the same), leaving (unchanged)	
偖	さて	well, now, then	
匙	さじ	spoon	
箱	はこ	box, case, chest, package, pack, crate	
瞑る	つぶる	to close (one's eyes), to shut	
蜻蛉	とんぼ	dragonfly	
合言葉	あいことば	password, watchword	
相性	あいしょう	affinity, compatibility, chemistry (between people)	
相乗り	あいのり	riding together, sharing a car (taxi, etc.), ridesharing	
明かり	あかり	light, glow, gleam	
空き巣	あきす	empty nest	
秋晴れ	あきばれ	clear autumnal weather	
飽きる	あきる	to get tired of, to tire of, to lose interest in, to grow weary of, to get fed up with, to get sick of, to become bored with	
空く	すく	to become less crowded, to thin out, to get empty	
開く	あく	to open (e.g. doors)	
挙句	あげく	after (a long process), at the end of	
朝ごはん	あさごはん	breakfast	
痣	あざ	birthmark, nevus	
足掛かり	あしがかり	foothold, footing, toehold, stepping stone	
足元	あしもと	at one's feet, underfoot, one's step (as in "watch your step")	
鯵	あじ	horse mackerel (Carangidae spp., esp. the Japanese horse mackerel, Trachurus japonicus), jack mackerel, pompano, scad	
暖かい	あたたかい	warm, mild, (pleasantly) hot	
温まる	あたたまる	to warm oneself, to sun oneself, to warm up, to get warm	
温める	あたためる	to warm (up), to heat (up)	
あだ名	あだな	nickname	
熱々	あつあつ	piping hot, scalding	
宛先	あてさき	address, destination	
宛名	あてな	name and address (on an envelope, etc.), (addressee's) name, addressee	
当てはめる	あてはめる	to apply, to adapt	
あなた方	あなたがた	you (plural)	
阿呆	アホ	fool, idiot, simpleton	
雨垂れ	あまだれ	raindrops (dripping from eaves, branches, etc.)	
編み物	あみもの	knitting, knitted material, crochet	
雨降り	あめふり	rainfall, rainy weather, rain	
怪しい	あやしい	suspicious, dubious, questionable, dodgy, shady, fishy	
鮎	あゆ	ayu (Plecoglossus altivelis), sweetfish	
荒々しい	あらあらしい	rough, wild, rude, harsh, gruff, violent	
荒野	こうや	wasteland, wilderness, deserted land, prairie, vast plain, wilds, desert, wild land	
凡ゆる	あらゆる	all, every	
有難う	ありがとう	thank you, thanks	
或	ある	a certain ..., some ...	
或いは	あるいは	or, either ... or	
暗記	あんき	memorization, memorisation, learning by heart	
暗黒	あんこく	darkness	
杏	あんず	apricot (Prunus armeniaca)	
塩梅	あんばい	seasoning, flavour, flavor, taste	
言い訳	いいわけ	excuse	
言う	いう	to say, to utter, to declare	
生かす	いかす	to make (the best) use of, to put to good use, to leverage (skills, attributes, experience, etc.), to capitalise on (experience, etc.)	
遺棄	いき	abandonment, desertion	
生き方	いきかた	way of life, how to live	
行き渡る	いきわたる	to diffuse, to spread throughout, to prevail, to become widespread, to reach everyone	
戦	いくさ	war, battle, campaign, fight	
育成	いくせい	rearing, training, nurture, cultivation, promotion	
生垣	いけがき	hedge	
生け花	いけばな	ikebana, Japanese art of flower arrangement	
生ける	いける	to arrange (flowers), to plant	
意向	いこう	intention, inclination, mind, idea, wish, view	
慰謝	いしゃ	consolation	
萎縮	いしゅく	withering, shrivelling, shrinking	
委嘱	いしょく	commissioning, entrusting (with), request, appointment (to a position)	
移譲	いじょう	handing over (of a right, property, etc.), transfer, assignment	
頂く	いただく	to receive, to get, to accept, to take, to buy	
痛み	いたみ	pain, ache, soreness, grief, distress	
位置	いち	place, position, location	
一々	いちいち	one-by-one, separately	
位置付ける	いちづける	to place (in relation to the whole), to rank, to position, to locate	
一ヶ月	いっかげつ	one month	
一騎打ち	いっきうち	single combat, duel, one-on-one fight	
異文	いぶん	variant (in a manuscript or book), part of a text that differs from other versions	
今まで	いままで	until now, till now, up to now, up to the present, so far	
嫌	いや	disliking, not wanting, unwilling (to do), reluctant	
愈	いよいよ	more and more, all the more, increasingly	
意欲	いよく	will, desire, eagerness, interest, drive, motivation, urge, ambition	
苛々	いらいら	to get irritated, to get annoyed, to be on the edge, to fret, to lose patience	
威力	いりょく	power, might, authority, influence	
鋳る	いる	to cast, to mint, to coin	
入れ墨	いれずみ	tattoo (esp. a traditional Japanese one), tattooing	
入れ歯	いれば	false tooth, denture	
入れ物	いれもの	container, case, receptacle	
色々	いろいろ	various, a variety of, all sorts of, many (different)	
鰯	いわし	pilchard (esp. Japanese pilchard, Sardinops melanostictus), sardine	
印象付ける	いんしょうづける	to impress (someone)	
植木	うえき	garden plant, garden tree	
餓死	がし	(death from) starvation, starving to death	
雨季	うき	rainy season	
浮き彫り	うきぼり	relief, embossed carving	
憂き目	うきめ	bitter experience, misery, distress, grief, sad thoughts, hardship	
受付	うけつけ	reception (desk), information desk, receptionist, information clerk	
受け持ち	うけもち	charge (of something), matter in one's charge, (one's) assignment, (one's) job	
受け渡し	うけわたし	delivery, transfer, hand-over	
歌合	うたあわせ	poetry contest	
歌う	うたう	to sing	
打ち明ける	うちあける	to confide, to reveal, to disclose, to lay bare, to speak frankly, to open (one's heart)	
打ち合わせ	うちあわせ	(preparatory) meeting, briefing session, (making) advance arrangements	
打ち合わせる	うちあわせる	to knock together, to strike against each other	
打ち消し	うちけし	negation, denial, negative	
内堀	うちぼり	inner moat, moat within the castle walls	
写す	うつす	to copy, to duplicate, to reproduce, to trace, to transcribe	
映す	うつす	to project, to reflect, to cast (shadow)	
生む	うむ	to give birth, to bear (child), to lay (eggs)	
埋め立て地	うめたてち	reclaimed land	
裏付け	うらづけ	support (e.g. for an argument), backing, proof, evidence, corroboration, substantiation, guarantee, security	
占い師	うらないし	diviner, fortune teller, soothsayer	
売り上げ	うりあげ	amount sold, sales, proceeds, takings, turnover	
売り出し	うりだし	(bargain) sale	
売り手	うりて	seller, vendor	
売り場	うりば	selling area, counter, section, department, sales floor	
閏年	うるうどし	leap year	
憂える	うれえる	to worry about, to be anxious about, to be concerned about	
売れ行き	うれゆき	sales, demand	
運送	うんそう	transport, freight, shipping, moving (goods)	
云々	うんぬん	and so on, and so forth, et cetera, and such, and the like	
英知	えいち	wisdom, intelligence, sagacity	
絵葉書	えはがき	picture postcard	
海老	えび	prawn, shrimp, lobster	
選ぶ	えらぶ	to choose, to select, to pick (out)	
襟	えり	collar, lapel, neckband, neck	
得る	える	to get, to earn, to acquire, to procure, to gain, to secure, to attain, to obtain, to win	
延々	えんえん	endlessly, continuously, (going) on and on	
援護	えんご	support, help, backing	
追い風	おいかぜ	tailwind, fair wind, favorable wind (favourable)	
追いつく	おいつく	to catch up (with), to draw level, to pull even, to reach	
王侯	おうこう	the king and his feudal lords	
覆う	おおう	to cover, to hide, to conceal, to wrap, to disguise	
大きい	おおきい	big, large, great	
大げさ	おおげさ	exaggerated, overdone, overblown, hyperbolic, bombastic, grandiose	
大さじ	おおさじ	tablespoon	
丘	おか	hill, height, knoll, rising ground	
お菜	おかず	small dish (usu. one of several accompanying rice), side dish	
沖合	おきあい	off the coast, offshore, out at sea	
置物	おきもの	ornament, decorative object	
憶測	おくそく	guess, speculation, supposition	
贈り物	おくりもの	present, gift	
遅れる	おくれる	to be late, to be delayed, to fall behind schedule, to be overdue	
行い	おこない	deed, act, action	
行う	おこなう	to perform, to do, to conduct oneself, to carry out	
押さえる	おさえる	to pin down, to hold down, to press down, to hold in place, to hold steady	
収める	おさめる	to put (into), to put away (in), to put back (in), to keep (in), to store (in), to restore (to its place)	
押入れ	おしいれ	closet (built into the wall, usu. with sliding doors), (built-in) wardrobe	
押し売り	おしうり	high-pressure selling, aggressive peddling, the hard sell, high-pressure salesman	
押し出し	おしだし	pushing something out, extrusion	
雄	おす	male (animal, plant)	
恐れる	おそれる	to fear, to be afraid of	
落ち着く	おちつく	to calm down, to compose oneself, to regain presence of mind, to relax	
落し物	おとしもの	lost property, something dropped and left behind	
落とす	おとす	to drop, to lose, to let fall, to shed (light), to cast (one's gaze), to pour in (liquid), to leave behind	
覚書	おぼえがき	memo, memorandum, note	
お神輿	おみこし	mikoshi, portable Shinto shrine carried through the streets during festivals	
思い	おもい	thought	
思い付く	おもいつく	to think of, to hit upon, to come into one's mind, to be struck with an idea	
思い出	おもいで	memories, recollections, reminiscence	
思う	おもう	to think, to consider, to believe, to reckon	
重み	おもみ	weight	
お八つ	おやつ	between-meal snack	
折々	おりおり	occasionally, now and then, from time to time	
折り紙	おりがみ	origami, art of paper folding	
降りる	おりる	to descend (e.g. a mountain), to go down, to come down	
卸	おろし	wholesale	
卸売	おろしうり	wholesale, wholesaling	
卸売物価	おろしうりぶっか	wholesale price	
卸値	おろしね	wholesale price	
下ろす	おろす	to take down, to bring down, to lower (a hand, flag, shutter, etc.), to drop (an anchor, curtain, etc.), to let down (hair), to launch (a boat)	
終わり	おわり	end, ending, close, conclusion	
終わる	おわる	to end, to come to an end, to finish, to close, to be over	
温和	おんわ	mild (climate), temperate, clement, pleasant, agreeable	
飼い犬	かいいぬ	pet dog	
会館	かいかん	meeting hall, assembly hall	
買い占め	かいしめ	buying up of goods, cornering (market)	
買い手	かいて	buyer	
飼い主	かいぬし	(pet) owner, keeper	
買い物	かいもの	shopping, purchased goods	
返り咲き	かえりざき	comeback (e.g. in business), reinstatement	
替える	かえる	to replace, to convert, to change	
顔合わせ	かおあわせ	meeting together, introduction	
顔なじみ	かおなじみ	acquaintance, friend, familiar face	
香り	かおり	aroma, fragrance, scent, smell	
香る	かおる	to smell sweet, to be fragrant	
係	かかり	charge, duty, person in charge, official, clerk	
係員	かかりいん	person in charge, official, attendant	
関わらず	かかわらず	in spite of, despite, although	
関わる	かかわる	to be involved (in), to get involved (in), to concern oneself (with), to take part (in), to interfere (in)	
夏季	かき	summer season, summer, summertime	
書き換える	かきかえる	to rewrite, to overwrite, to renew, to transfer	
書き込み	かきこみ	writing	
書き初め	かきぞめ	first calligraphy of the year	
書留	かきとめ	registered mail, registered post, registration (of mail)	
書き取り	かきとり	writing down from other written material, writing kanji text from hiragana	
画一	かくいつ	uniformity, standardization, standardisation	
賭け	かけ	bet, wager, stake, gamble	
掛け金	かけきん	installment, instalment, premium, bill	
掛け声	かけごえ	shout (of encouragement, etc.), yell (used to time or encourage activity, e.g. "Heave ho!")	
掛け算	かけざん	multiplication	
掛け軸	かけじく	hanging scroll	
駆けつける	かけつける	to run to, to come running, to rush (someplace), to hasten	
かけ離れる	かけはなれる	to be far apart (from), to be a long way off (from), to be remote, to be distant	
駆け引き	かけひき	bargaining, haggling	
影	かげ	shadow, silhouette, figure, shape	
陰	かげ	shade, shadow	
過酷	かこく	severe, harsh, hard, cruel, rigorous	
籠	かご	basket (shopping, etc.), hamper, cage	
火砕流	かさいりゅう	pyroclastic flow	
飾り付け	かざりつけ	decoration, arrangement	
貸し切り	かしきり	reserving (for exclusive use), (full) booking, chartering, block reservation	
貸出	かしだし	lending, loaning	
箇所	かしょ	place, point, part, spot, area, passage, portion	
微か	かすか	faint, dim, weak, slight, vague, indistinct, hazy	
数々	かずかず	many, numerous, various, large number of	
仮説	かせつ	hypothesis, supposition, assumption, tentative theory	
仮設	かせつ	temporary construction, temporary establishment, provisional construction	
風当たり	かぜあたり	exposure to wind	
片思い	かたおもい	unrequited love, one-sided love	
肩書き	かたがき	title (e.g. Doctor, Professor, Lord), job title, position (in a company), degree, status, rank	
肩代わり	かたがわり	taking over (another's debt, work), shouldering someone else's burden, subrogation	
塊	かたまり	lump, mass, bundle, clump, clod, cluster	
偏る	かたよる	to lean (to one side), to incline	
傍ら	かたわら	side, edge, beside, besides, nearby	
加担	かたん	support, participation, assistance, complicity, conspiracy	
花壇	かだん	flower bed	
画期的	かっきてき	ground-breaking, revolutionary, unprecedented, epoch-making	
格好	かっこう	shape, form, figure, posture, pose	
華道	かどう	flower arrangement, floral art, ikebana	
稼働	かどう	operation (of a machine), running	
仮名	かな	kana, Japanese syllabaries (i.e. hiragana and katakana)	
悲しみ	かなしみ	sadness, sorrow, grief	
可也	かなり	considerably, fairly, quite, rather, pretty	
科目	かもく	(school) subject, curriculum, course	
蚊帳	かや	mosquito net	
軽々	かるがる	lightly, easily, carelessly	
歌留多	カルタ	karuta, traditional Japanese playing cards, esp. hyakunin isshu karuta or iroha karuta	
枯れ木	かれき	dead tree, withered tree	
枯葉	かれは	dead leaf, dry leaves	
可哀想	かわいそう	poor, pitiable, pathetic, pitiful	
交わす	かわす	to exchange (messages, greetings, arguments, etc.)	
河原	かわら	dry riverbed, river beach	
代わり	かわり	substitute, replacement, substituting, replacing	
替わる	かわる	to succeed, to relieve, to replace	
代わる代わる	かわるがわる	alternately, by turns	
乾季	かんき	dry season	
監査	かんさ	inspection, audit, judgement, judgment	
肝心	かんじん	essential, important, crucial, vital, main	
乾杯	かんぱい	cheers, bottoms-up, prosit	
完璧	かんぺき	perfect, complete, flawless	
気合	きあい	(fighting) spirit, motivation, effort	
気がつく	きがつく	to notice, to realize, to realise, to become aware (of), to perceive, to sense, to suspect	
効き目	ききめ	effect, virtue, efficacy, impression	
飢饉	ききん	famine, crop failure	
木々	きぎ	(many) trees, every tree, all kinds of trees	
効く	きく	to be effective, to take effect, to be good (for)	
聞く	きく	to hear	
危惧	きぐ	apprehension, misgivings, uneasiness, fear, anxiety	
起源	きげん	origin, beginning, source	
聞こえる	きこえる	to be heard, to be audible, to reach one's ears	
兆し	きざし	sign, indication, omen, symptom	
基準	きじゅん	standard, criterion, norm, benchmark, measure, gauge, basis	
傷跡	きずあと	scar	
傷つく	きずつく	to be wounded, to get injured	
奇跡	きせき	miracle, wonder, marvel	
切っ掛け	きっかけ	chance, start, cue, excuse, motive, impetus, occasion	
気づく	きづく	to notice, to realize, to realise, to become aware (of), to perceive, to sense, to suspect	
祈祷	きとう	prayer, grace (at meals)	
希薄	きはく	thin (air), weak (liquid), dilute, sparse (population), rarefied	
規範	きはん	model, standard, pattern, norm, criterion, example	
寄付	きふ	contribution, donation	
気まぐれ	きまぐれ	whim, caprice, fancy	
決まる	きまる	to be decided, to be settled, to be fixed, to be arranged	
気持ち	きもち	feeling, sensation, mood, state of mind	
胡瓜	きゅうり	cucumber (Cucumis sativus)	
凶悪	きょうあく	atrocious, heinous, fiendish, brutal, vicious	
凶器	きょうき	dangerous weapon, lethal weapon, deadly weapon, murder weapon	
強固	きょうこ	firm, strong, solid, stable	
共同	きょうどう	cooperation, collaboration, association, partnership, (acting in) unison	
興味津々	きょうみしんしん	very interesting, of absorbing interest, having a keen interest (in), being immensely curious (about)	
恐竜	きょうりゅう	dinosaur	
協力	きょうりょく	cooperation, collaboration, help, support	
切り上げ	きりあげ	end, conclusion	
切り替え	きりかえ	exchange, conversion, replacement, switching (to), switchover	
切り替える	きりかえる	to change, to exchange, to convert, to renew, to throw a switch, to replace, to switch over	
切り捨てる	きりすてる	to cut off and throw away	
切り抜き	きりぬき	clipping (of newspaper article, etc.), cutting, scrap (for a scrapbook)	
切り札	きりふだ	trump, trump card	
切れ味	きれあじ	sharpness, cutting ability	
綺麗	きれい	pretty, lovely, beautiful, fair	
布地	ぬのじ	fabric, cloth, material	
切れ目	きれめ	gap, break, rift	
極まる	きわまる	to reach an extreme, to reach a limit, to terminate, to come to an end	
極める	きわめる	to carry to extremes, to go to the end of something, to reach the limits of something	
気をつける	きをつける	to be careful, to pay attention, to take care	
疑似	ぎじ	pseudo, quasi, false, para-, mock, sham	
偽装	ぎそう	camouflage, disguise	
食う	くう	to eat	
区画	くかく	division, section, compartment, block, plot, lot, partition, boundary	
区切る	くぎる	to divide, to separate, to partition, to demarcate, to delimit, to mark off	
口々	くちぐち	every person, every mouth	
口々に	くちぐちに	each and every person (saying), one and all, unanimously, in unison, separately, individually	
国	くに	country, state	
国々	くにぐに	countries	
首	くび	neck	
隅々	すみずみ	every corner, every nook and cranny, all the ins and outs	
組み合わせ	くみあわせ	combination, assortment, set	
組み立て	くみたて	construction, framework, erection, assembly, organization, organisation	
曇り	くもり	cloudiness, cloudy weather	
悔しい	くやしい	frustrated (over a failure, humiliation or injustice), annoyed, chagrined, (bitterly) disappointed, bitter, vexed, frustrating, annoying, regrettable	
蔵	くら	warehouse, storehouse, cellar, magazine, granary, godown, depository, treasury, elevator	
食らう	くらう	to eat, to drink, to wolf, to knock back	
水母	クラゲ	jellyfish	
具合	ぐあい	condition, state	
群衆	ぐんしゅう	group (of people), crowd, horde, throng, mob, multitude	
群集	ぐんしゅう	crowd, community, group, herd, gathering, assembly	
蛍光灯	けいこうとう	fluorescent lamp, fluorescent light	
消印	けしいん	postmark, (postal) cancellation mark	
決起	けっき	rising to action, standing up against, jumping to one's feet	
決着	けっちゃく	conclusion, decision, end, settlement	
絹糸	きぬいと	silk thread, silk yarn	
堅実	けんじつ	steady, sound, stable, safe (e.g. business), reliable, trustworthy, solid	
研磨	けんま	grinding, polishing	
激甚	げきじん	intense, violent, severe, vehement	
激論	げきろん	heated argument, heated discussion, heated debate	
原価	げんか	cost price	
元素	げんそ	element, chemical element	
子犬	こいぬ	puppy	
乞う	こう	to beg, to ask, to request, to invite	
幸運	こううん	good luck, fortune	
交差点	こうさてん	crossing, intersection	
子牛	こうし	calf	
交代	こうたい	change, alternation, rotation, replacement, substitution, shift, relief, taking turns	
広報	こうほう	public relations, PR, publicity, public information	
小売	こうり	retail	
越える	こえる	to cross over, to cross, to pass through, to pass over (out of), to go beyond, to go past	
凍る	こおる	to freeze, to become frozen, to freeze over	
枯渇	こかつ	drying up, running dry	
木枯らし	こがらし	cold wintry wind	
個々	ここ	individual, one by one, separate, each	
小包	こづつみ	parcel, package	
子猫	こねこ	kitten	
子羊	こひつじ	lamb	
込む	こむ	to be crowded, to be packed, to be congested, to be thronged (with)	
籠もる	こもる	to shut oneself in (e.g. one's room), to be confined in, to seclude oneself, to hide away, to stay inside (one's shell)	
肥やす	こやす	to fertilize, to fertilise, to manure, to enrich	
衣替え	ころもがえ	seasonal change of clothing, changing one's dress for the season	
怖い	こわい	scary, frightening, eerie, dreadful	
強情	ごうじょう	obstinate, stubborn, headstrong	
ご存知	ごぞんじ	knowing, being aware (of)	
ご馳走	ごちそう	treat (esp. food and drink), entertainment, treating someone (to a meal), taking someone to dinner	
五輪	ごりん	Olympic Games, Olympics	
採録	さいろく	recording, transcription	
探し回る	さがしまわる	to search about for, to hunt around for, to look high and low for, to look everywhere for	
探す	さがす	to search for, to look for, to hunt for, to seek	
先駆け	さきがけ	pioneer, leader, taking the initiative, forerunner, harbinger, herald	
作付け	さくづけ	planting	
桜	さくら	cherry tree, cherry blossom, sakura	
挿絵	さしえ	illustration (in a book, newspaper, etc.), picture	
差出人	さしだしにん	sender (e.g. of mail)	
差し支え	さしつかえ	hindrance, impediment	
砂漠	さばく	desert	
錆	さび	rust	
様々	さまざま	various, varied, diverse, all sorts of	
浚う	さらう	to sweep away, to wash away, to dredge	
晒す	さらす	to expose (to the sun, public, danger, etc.)	
散々	さんざん	thoroughly, completely, utterly	
雑踏	ざっとう	hustle and bustle, throng, crowd, congestion, traffic jam	
仕上げ	しあげ	finish, finishing, finishing touches	
明々後日	しあさって	in three days' time, two days after tomorrow	
幸せ	しあわせ	happiness, good fortune, luck, blessing	
仕掛け	しかけ	device, contrivance, mechanism, gadget	
仕方	しかた	way, method, means, resource, course	
閾値	いきち	threshold (amount, dose, etc.)	
敷き布団	しきぶとん	futon (laid on the floor), (Japanese) mattress, underquilt, sleeping mat	
仕組み	しくみ	structure, construction, arrangement, contrivance, mechanism, workings	
刺激	しげき	stimulus, stimulation, irritation (esp. of the body, e.g. skin, eyes)	
静まる	しずまる	to become quiet, to quiet down, to quieten down	
静める	しずめる	to quiet (a child, crowd, etc.), to quieten, to make quiet	
史跡	しせき	historic landmark, historic site, historic remains	
下請け	したうけ	subcontract	
七七日	しちしちにち	49th day after death	
確り	しっかり	tightly (holding on), firmly, securely	
失策	しっさく	blunder, slip, error	
失神	しっしん	fainting, losing consciousness, passing out	
失態	しったい	blunder, fault, error, mistake, failure, disgrace	
支払い	しはらい	payment	
絞る	しぼる	to wring (towel, rag), to squeeze	
島々	しまじま	islands	
締め切り	しめきり	deadline, closing, cut-off	
締め切る	しめきる	to close up, to shut up (e.g. behind doors)	
締め出す	しめだす	to shut out, to bar, to lock out, to exclude	
締め付け	しめつけ	pressure, clamping, tightening, fastening	
遮断機	しゃだんき	(railway) crossing gate, barrier (at a toll booth, parking lot, etc.)	
遮断器	しゃだんき	circuit breaker	
首位	しゅい	first place, head position, leading position	
収集	しゅうしゅう	collecting, accumulating, gathering	
執着	しゅうちゃく	attachment, adhesion, insistence, tenacity, fixation, obsession, clinging (e.g. to old customs)	
習得	しゅうとく	learning, acquisition (of a skill, knowledge, etc.)	
修練	しゅうれん	training, drill, practice, practising, discipline	
主唱	しゅしょう	advocacy, promotion	
種々	しゅじゅ	various, a variety of, all kinds of, many, diverse	
出版社	しゅっぱんしゃ	publisher, publishing house, publishing company	
首領	しゅりょう	head, chief, boss, leader	
賞賛	しょうさん	praise, admiration, commendation, approbation, applause	
少々	しょうしょう	a little, a bit, a small amount, a few, a pinch, some	
招請	しょうせい	invitation	
消灯	しょうとう	putting out the lights, turning off the lights	
娼婦	しょうふ	prostitute	
承服	しょうふく	accepting, consenting, agreeing, submission, compliance, agreement, consent	
醤油	しょうゆ	soy sauce, soya sauce, shoyu	
少量	しょうりょう	small quantity, small amount	
暑中見舞	しょちゅうみまい	summer greeting card, inquiry after someone's health in the hot season	
知り合い	しりあい	acquaintance	
退く	どく	to step aside, to move (i.e. out of the way), to make way	
退く	しりぞく	to step back, to move back, to retreat	
銀	ぎん	silver (Ag)	
芯	しん	wick, marrow, staple (for stapler), (pencil) lead, stuffing, pith	
心	しん	heart, mind, spirit, vitality, inner strength	
侵攻	しんこう	invasion	
浸食	しんしょく	erosion, corrosion	
侵略	しんりゃく	invasion (e.g. of a country), raid, aggression	
事態	じたい	situation, (present) state of affairs, circumstances	
実情	じつじょう	real condition, actual circumstances, actual state of affairs	
辞典	じてん	dictionary, lexicon	
若年	じゃくねん	youth	
重体	じゅうたい	serious condition, critical condition	
絨毯	じゅうたん	carpet, rug, runner	
１０代	じゅうだい	the teens (10-19), teenage	
儒艮	ジュゴン	dugong (Dugong dugon), sea pig	
潤色	じゅんしょく	rhetorical flourishes	
順々に	じゅんじゅんに	in order, in turn	
上々	じょうじょう	the very best, excellent, superb	
叙情	じょじょう	lyricism, description of one's feelings	
徐々に	じょじょに	gradually, steadily, slowly, little by little, step by step, by degrees	
吸い殻	すいがら	cigarette end, cigarette butt, tobacco ashes	
数ヶ月	すうかげつ	several months	
清々しい	すがすがしい	refreshing (e.g. feeling, scene, wind, morning air), brisk, bracing, fresh, refreshed	
好き好き	すきずき	matter of taste	
少なからず	すくなからず	considerably, not a little, in no small numbers	
少なくとも	すくなくとも	at least	
凄まじい	すさまじい	terrible, dreadful, awful, horrible, ghastly	
寿司	すし	sushi, range of dishes made with vinegared rice combined with fish, vegetables, egg, etc.	
勧める	すすめる	to recommend (someone to do), to advise, to encourage, to urge	
全て	すべて	everything, all, the whole	
滑り台	すべりだい	(playground) slide	
住まい	すまい	dwelling, house, residence, address	
擦り傷	すりきず	scratch, graze, scrape, abrasion	
擦る	する	to rub, to chafe, to strike (match), to file, to frost (glass)	
図々しい	ずうずうしい	impudent, shameless, brazen, forward, audacious, cheeky	
制御	せいぎょ	control (of a machine, device, etc.)	
正座	せいざ	seiza, kneeling with the tops of the feet flat on the floor, and sitting on the soles	
精々	せいぜい	at the most, at best	
折角	せっかく	with trouble, at great pains	
席巻	せっけん	sweeping (over, across), conquering, overwhelming	
浅見	せんけん	shallow view, superficial idea	
先頭	せんとう	head (of a line, group, etc.), front, lead, forefront, vanguard	
専用	せんよう	(one's) exclusive use, private use, personal use	
税込み	ぜいこみ	including tax (of a price), pretax (income or profits), before tax	
全線	ぜんせん	the whole (railway) line, the entire (bus) route	
前兆	ぜんちょう	omen, portent, sign, presage, harbinger, premonition, precursor, foreboding, presentiment	
相互	そうご	mutual, reciprocal	
総合	そうごう	synthesis, combination, integration, putting together	
掃除機	そうじき	vacuum cleaner, vacuum, hoover	
早々	そうそう	as soon as ..., just after ..., immediately after ...	
騒々しい	そうぞうしい	noisy, loud, boisterous, clamorous, raucous	
装丁	そうてい	binding (of a book)	
添える	そえる	to garnish, to accompany (as a card does a gift)	
損なう	そこなう	to harm, to hurt, to injure, to damage, to spoil, to mar, to ruin	
率先	そっせん	taking the initiative	
率直	そっちょく	frank, candid, straightforward, openhearted, direct, outspoken	
備わる	そなわる	to be furnished with, to be provided with, to be equipped with	
其れ其れ	それぞれ	each, respectively	
算盤	そろばん	abacus, soroban	
続々	ぞくぞく	successively, one after another	
退屈	たいくつ	tedious, boring, dull, uninteresting, tiresome, monotonous	
対日	たいにち	toward Japan, with Japan	
退廃	たいはい	(moral) decay, (social) decline, decadence, corruption, degeneration, deterioration	
台風	たいふう	typhoon, hurricane	
炊き出し	たきだし	food distribution (esp. cooked rice)	
炊く	たく	to cook (grains, e.g. rice)	
焚く	たく	to burn, to kindle, to light (a fire), to make (a fire)	
蓄える	たくわえる	to store, to save up, to stock up on, to lay in stock, to set aside	
筍	たけのこ	bamboo shoot	
蛸	たこ	octopus	
たこ焼き	たこやき	takoyaki, octopus dumplings	
確か	たしか	sure, certain, positive, definite	
戦い	たたかい	battle, war, fight, conflict	
戦う	たたかう	to make war (on), to wage war (against), to go to war (with), to fight (with), to do battle (against)	
立ち入り禁止	たちいりきんし	No Entry, No Trespassing, No Admittance, Off Limits, Keep Out, Keep Off	
断つ	たつ	to sever, to cut off	
立つ	たつ	to stand (up), to rise, to get to one's feet, to stand on end (e.g. of hairs), to stick up	
建つ	たつ	to be erected, to be built	
竜巻	たつまき	tornado, whirlwind, waterspout, twister	
立て込む	たてこむ	to be crowded, to be packed, to be busy	
建前	たてまえ	face, official stance, public position or attitude (as opposed to private thoughts)	
例え	たとえ	example	
仮令	たとえ	even if, no matter (what), if, though, although, supposing, supposing that, -ever	
例える	たとえる	to compare (something) to, to liken, to speak figuratively, to use a simile, to use a metaphor	
煙草	タバコ	tobacco, cigarette, cigar	
度々	たびたび	often, again and again, over and over again, repeatedly, frequently	
偶々	たまたま	by chance, by accident, accidentally, happen to (be, do), unexpectedly, casually	
ため息	ためいき	sigh	
頼る	たよる	to rely on, to depend on, to count on, to turn to (for help)	
垂れ幕	たれまく	hanging banner, hanging screen, curtain	
探検	たんけん	exploration, expedition	
炭鉱	たんこう	coal mine, (coal) pit, colliery	
淡々	たんたん	uninterested, unconcerned, indifferent, dispassionate, matter-of-fact, detached	
淡白	たんぱく	light (flavor, color, etc.), simple, plain	
短編	たんぺん	short (e.g. story, film)	
段々	だんだん	gradually, by degrees, little by little, more and more, increasingly	
近づき	ちかづき	acquaintance, making someone's acquaintance	
近道	ちかみち	shorter way, shortcut	
遅々	ちち	slow, lagging, tardy	
着	ちゃく	arrival, arriving at ...	
着々	ちゃくちゃく	steadily	
茶碗	ちゃわん	rice bowl, tea cup, teacup	
中核	ちゅうかく	kernel, core, nucleus, center, centre	
弔意	ちょうい	condolence, sympathy, mourning	
兆候	ちょうこう	sign, indication, omen, symptom	
蝶々	ちょうちょう	butterfly	
貯蓄	ちょちく	savings	
直径	ちょっけい	diameter	
使い捨て	つかいすて	throwaway, disposable, single-use	
捕まえる	つかまえる	to catch, to capture, to arrest, to seize, to restrain	
付き合う	つきあう	to associate with, to keep company with, to go out with, to go steady with, to get on with	
付き添い	つきそい	attendance (on), chaperonage	
月々	つきづき	every month, monthly, month by month	
次々	つぎつぎ	in succession, one by one	
次々に	つぎつぎに	one by one, one after another, successively	
作る	つくる	to make, to produce, to manufacture, to build, to construct	
突っ張り	つっぱり	prop, strut, support, brace, bar	
慎む	つつしむ	to be careful, to be discreet	
包み紙	つつみがみ	wrapping paper	
綴り	つづり	spelling, orthography	
摘む	つまむ	to pinch, to hold (between one's fingers), to pick up (with chopsticks, tweezers, etc.)	
艶々	つやつや	glossy, bright, slick	
釣り合い	つりあい	balance, equilibrium	
釣り銭	つりせん	change (for a purchase)	
釣り針	つりばり	fish hook	
釣り堀	つりぼり	fish pond (artificially stocked), fishing pond	
連れて行く	つれていく	to take (someone to a place), to take (someone) with one, to take along, to lead away	
手当	てあて	salary, pay, compensation, allowance (e.g. housing allowance), benefit, bonus	
定形	ていけい	fixed form, regular shape	
帝政	ていせい	imperial government, imperialism, monarchical rule	
手落ち	ておち	oversight, omission	
手がかり	てがかり	clue, lead, key, trail, scent, track	
手すり	てすり	handrail, railing, banister	
手帳	てちょう	notebook, memo pad, (pocket) diary	
徹する	てっする	to penetrate, to sink in	
手続き	てつづき	procedure, process, proceedings, formalities	
手作り	てづくり	handmade, handcrafted, homemade, homegrown	
手ぬぐい	てぬぐい	(hand) towel	
手引き	てびき	guidance, lead, acting as guide, giving assistance	
出会う	であう	to meet (by chance), to come across, to run across, to encounter, to happen upon	
出入り口	でいりぐち	exit and entrance	
出かける	でかける	to go out (e.g. on an excursion or outing), to leave, to depart, to start, to set out	
出稼ぎ	でかせぎ	working away from home (esp. abroad)	
問い合わせ	といあわせ	inquiry, query, enquiry	
東亜	とうあ	East Asia, the Orient	
尊い	とうとい	precious, valuable, priceless	
尊ぶ	とうとぶ	to value, to prize, to esteem	
登用	とうよう	appointment, assignment, promotion	
梳かす	とかす	to comb out, to brush, to untangle, to unravel	
時折	ときおり	sometimes, at intervals, occasionally, on occasion, from time to time	
時々	ときどき	sometimes, occasionally, at times, from time to time, now and then, once in a while, at intervals	
途切れる	とぎれる	to break off, to come to an end, to be interrupted, to be cut short, to pause	
研ぐ	とぐ	to sharpen, to hone, to whet, to grind	
刺	とげ	thorn, spine, prickle	
所々	ところどころ	here and there, in places	
年寄り	としより	old person, elderly person, senior citizen	
取っ手	とって	handle, grip, knob	
整う	ととのう	to be ready, to be prepared, to be arranged	
届	とどけ	report, notification, registration	
留める	とどめる	to stop, to stay (e.g. the night), to cease, to put an end to	
隣り合う	となりあう	to adjoin each other, to sit side by side	
飛び降りる	とびおりる	to jump down, to leap down, to jump off, to leap off	
飛び切り	とびきり	best, extra-fine, superfine, unequalled	
飛び込み	とびこみ	jump, plunge, dive	
飛び込む	とびこむ	to jump in, to leap in, to plunge into, to dive	
飛び火	とびひ	leaping flames, flying sparks	
留め金	とめがね	clasp, latch, catch, fastener	
共々	ともども	together, in company	
捉える	とらえる	to catch, to capture, to seize, to arrest, to grab, to catch hold of	
捕らわれる	とらわれる	to be caught, to be captured, to be taken prisoner, to be arrested, to be apprehended	
取りあえず	とりあえず	first of all, at once, right away	
取り扱い	とりあつかい	treatment, service, handling, management	
取扱注意	とりあつかいちゅうい	handling warning	
取り決め	とりきめ	decision, agreement	
取り組み	とりくみ	effort, initiative, dealing with, grappling with, wrestling with	
取り消し	とりけし	cancellation, withdrawal, abolition, revocation, cancel, CAN	
取り込み	とりこみ	taking in, bringing in	
取り締まり	とりしまり	control, management, supervision	
取り調べ	とりしらべ	investigation (e.g. by police or prosecutors), examination, inquiry, enquiry	
取次ぎ	とりつぎ	agency, agent, intermediation, distributor	
取引	とりひき	transactions, dealings, business	
取引先	とりひきさき	customer, client, client company, business connection, trade partner	
取り分け	とりわけ	especially, particularly, above all	
採る	とる	to adopt (a method, proposal, etc.), to take (a measure, course of action, etc.), to decide on	
執る	とる	to take (trouble), to attend (to business), to command (army)	
独逸	ドイツ	Germany	
動静	どうせい	state (of affairs), condition, developments, movements	
堂々	どうどう	magnificent, grand, impressive, dignified, majestic, imposing, stately	
同盟	どうめい	alliance, union, league	
同名	どうめい	same name	
泥棒	どろぼう	thief, burglar, robber	
貪欲	どんよく	greedy, avaricious, covetous	
内情	ないじょう	internal conditions, true state of affairs	
直す	なおす	to repair, to mend, to fix, to correct (a mistake, bad habit, etc.), to put right, to restore, to straighten (e.g. a tie), to tidy up (one's hair, make-up, etc.), to revive (one's spirits)	
治る	なおる	to get better, to get well, to recover (from an illness), to be cured, to be restored, to heal	
中々	なかなか	very, considerably, easily, readily, fairly, quite, highly, rather	
中身	なかみ	contents, interior, filling	
長らく	ながらく	long, (for a) long time	
情けない	なさけない	miserable, pitiable, shameful, deplorable, pathetic	
情け深い	なさけぶかい	tender-hearted, compassionate, charitable, good-hearted	
謎々	なぞなぞ	riddle, puzzle, enigma	
何気ない	なにげない	casual, unconcerned, nonchalant, indifferent, offhand	
生々しい	なまなましい	vivid (memory, description, etc.), fresh, graphic, raw, true-to-life, first-hand (experience)	
並	なみ	average, medium, common, ordinary	
並木	なみき	roadside trees, row of trees	
倣う	ならう	to imitate, to follow, to copy, to emulate	
成り行き	なりゆき	course (of events), development, progress, outcome, result	
縄張り	なわばり	stretching a rope around, roping off, cordoning off, demarcation	
何となく	なんとなく	somehow or other, for some reason or another, without knowing why	
匂い	におい	smell, scent, odour, odor, stench	
仁王	におう	two Deva kings, guardian gods of Buddhism who stand at the entrance of a Buddhist temple	
匂う	におう	to be fragrant, to smell (good)	
二階建て	にかいだて	two-storied building	
握り飯	にぎりめし	onigiri, rice ball	
担う	になう	to carry on one's shoulder, to shoulder, to bear	
俄	にわか	sudden, abrupt, unexpected, immediate, hasty, improvised, impromptu, offhand	
大蒜	にんにく	garlic (Allium sativum)	
縫い目	ぬいめ	seam, stitch, suture	
値上がり	ねあがり	price increase, rise in price	
値上げ	ねあげ	price increase, rise in price, wage increase	
寝転ぶ	ねころぶ	to lie down, to throw oneself down	
値下げ	ねさげ	price reduction, price cut, reduction in price, markdown	
値段	ねだん	price, cost	
粘々	ねばねば	sticky, gluey, gummy, glutinous, viscous, gooey, greasy	
値引き	ねびき	price reduction, discount	
年齢	ねんれい	age, years	
残す	のこす	to leave (behind)	
乗せる	のせる	to place on (something)	
喉	のど	throat	
伸ばす	のばす	to grow long (e.g. hair, nails)	
伸び	のび	growth, development	
飲み込む	のみこむ	to swallow, to gulp down	
飲み水	のみみず	drinking water, potable water	
飲み物	のみもの	drink, beverage	
乗り換え	のりかえ	transfer (trains, buses, etc.), change, connection	
乗り換える	のりかえる	to transfer (trains), to change (bus, train)	
乗り越し	のりこし	riding past (one's station)	
乗り場	のりば	place for boarding vehicles, bus stop, bus terminal, railway platform, taxi stand, jetty, wharf	
乗り物	のりもの	vehicle, conveyance, (means of) transport	
呑気	のんき	easy, easygoing, carefree, happy-go-lucky, optimistic, leisurely, careless, thoughtless	
栄え	はえ	glory, splendour, honour	
映える	はえる	to shine, to glow	
儚い	はかない	fleeting, transient, short-lived, momentary, ephemeral, fickle, vain	
計る	はかる	to measure, to weigh, to survey, to time (sound, gauge, estimate)	
図る	はかる	to plan, to attempt, to devise	
剥がす	はがす	to tear off, to peel off, to rip off, to strip off, to skin, to flay, to disrobe, to deprive of, to detach, to disconnect	
履物	はきもの	footwear, footgear, shoes	
育む	はぐくむ	to raise, to bring up, to rear	
激しい	はげしい	violent, furious, tempestuous	
挟む	はさむ	to hold between (e.g. one's fingers, chopsticks), to grip (from both sides)	
果たして	はたして	as was expected, just as one thought, sure enough	
二十歳	はたち	20 years old	
肌触り	はだざわり	feel, touch, texture	
鉢巻	はちまき	headband	
八丁	はっちょう	skillfulness	
２０日	はつか	20th day of the month	
話	はなし	talk, speech, chat, conversation	
話し合い	はなしあい	discussion, talk, tête-à-tête, conference	
華々しい	はなばなしい	brilliant, splendid, glorious, magnificent, spectacular	
華やか	はなやか	bright and beautiful, gorgeous, showy, brilliant, splendid, gay, colorful, flowery	
跳ね上がる	はねあがる	to jump up, to spring up	
嵌まる	ハマる	to fit, to get into, to go into, to be fitted with (e.g. door with a window)	
歯磨き	はみがき	dental brushing, brushing one's teeth	
はみ出す	はみだす	to protrude, to stick out, to jut out, to hang out, to bulge out	
歯向かう	はむかう	to strike back at, to bite back, to turn on, to rise against, to oppose, to defy	
早める	はやめる	to bring forward (e.g. by 3 hours), to advance, to hasten (e.g. one's death), to expedite, to precipitate	
波乱	はらん	disturbance, trouble, commotion, uproar, turmoil	
貼り付ける	はりつける	to paste, to stick, to affix	
反映	はんえい	reflection (of light)	
反旗	はんき	standard of revolt, banner of rebellion	
反逆	はんぎゃく	treason, treachery, mutiny, rebellion, insurrection	
半々	はんはん	half and half, fifty-fifty	
反復	はんぷく	repetition, iteration	
売春	ばいしゅん	prostitution	
馬鹿	ばか	idiot, moron, fool	
暴露	ばくろ	disclosure, exposure, revelation	
化け物	ばけもの	goblin, apparition, monster, ghost, phantom, spectre, specter	
抜粋	ばっすい	extract, excerpt, selection	
ばら撒く	ばらまく	to scatter, to disseminate (e.g. a rumor), to spread (e.g. germs), to broadcast	
晩御飯	ばんごはん	dinner, evening meal	
万歳	ばんざい	banzai, hurray, hurrah, hooray	
日当たり	ひあたり	exposure to the sun, sunny place	
控え室	ひかえしつ	waiting room, anteroom, antechamber, green room	
僻み	ひがみ	prejudice, bias, warped view, jealousy, inferiority complex	
引き合い	ひきあい	reference, example, instance	
引き上げる	ひきあげる	to pull up, to drag up, to lift up	
引き受ける	ひきうける	to take on, to undertake, to accept, to take charge of, to assume responsibility for	
引き換え	ひきかえ	exchange, conversion	
引き金	ひきがね	trigger (of a gun, etc.)	
引き下げる	ひきさげる	to lower (a price, tax, standard, etc.), to bring down, to reduce, to cut	
引き算	ひきざん	subtraction	
引き締める	ひきしめる	to tighten, to stiffen, to brace, to strain	
引き出し	ひきだし	drawer	
引き出す	ひきだす	to pull out, to take out, to draw out	
引き継ぎ	ひきつぎ	taking over, handing over, transfer of control, inheriting, passing on the baton	
引きつける	ひきつける	to attract, to draw near	
引き続き	ひきつづき	continuously, continually, without a break	
引きつる	ひきつる	to have a cramp, to twitch, to spasm	
引き止める	ひきとめる	to detain, to check, to restrain, to stop	
引き伸ばす	ひきのばす	to stretch larger	
引き渡す	ひきわたす	to deliver, to extradite, to stretch across, to hand over	
髭	ひげ	moustache, mustache, beard, whiskers, sideburns, facial hair	
久々	ひさびさ	(in a) long time, long time (ago), while (ago), long ago, long while (ago), (in a) long while	
日差し	ひざし	sunlight, rays of the Sun	
左利き	ひだりきき	left-handedness, left-handed person, left-hander	
引っ越し	ひっこし	moving (dwelling, office, etc.), changing residence	
必死	ひっし	frantic, frenetic, desperate	
必至	ひっし	inevitable, necessary, foregone	
引っ張る	ひっぱる	to pull, to draw, to pull tight	
一重	ひとえ	one layer, single layer	
人差し指	ひとさしゆび	index finger, forefinger, first (occ. second) finger	
人並み	ひとなみ	ordinary, average, common, normal, like the average person, like most people	
一先ず	ひとまず	for now, for the time being, for the present	
一周	いっしゅう	one round, one circuit, one revolution, one lap, one turn	
独り占め	ひとりじめ	hogging, having all to oneself, monopolising, monopolizing	
一人旅	ひとりたび	travelling alone, solitary journey	
酷い	ひどい	cruel, heartless, hard, harsh, severe	
泌尿器	ひにょうき	urinary organs	
雲雀	ひばり	skylark (Alauda arvensis)	
日々	ひび	daily, everyday	
響き	ひびき	echo, reverberation	
姫	ひめ	young lady of noble birth, princess (esp. in Western contexts, tales, etc.)	
１１９番	ひゃくじゅうきゅうばん	119 (ambulance and fire brigade emergency telephone number in Japan)	
１１０番	ひゃくとおばん	110 (police emergency telephone number in Japan)	
百科事典	ひゃっかじてん	encyclopedia, encyclopaedia	
冷や	ひや	cold water	
冷や汗	ひやあせ	cold sweat	
日焼け	ひやけ	sunburn, suntan, tan	
冷ややか	ひややか	cold, chilly, cool	
比喩	ひゆ	simile, metaphor, allegory, parable	
表札	ひょうさつ	nameplate, doorplate	
兵糧	ひょうろう	(army) provisions, food	
昼食	ちゅうしょく	lunch, midday meal	
昼ご飯	ひるごはん	lunch, midday meal	
広がる	ひろがる	to spread (out), to extend, to stretch, to reach to, to get around, to fill (e.g. a space)	
広げる	ひろげる	to spread, to extend, to expand, to enlarge, to widen, to broaden	
広々	ひろびろ	extensive, spacious	
増える	ふえる	to increase, to multiply	
吹き出す	ふきだす	to spout out, to spurt out, to gush out, to jet out	
吹き出物	ふきでもの	(skin) eruption, rash, pimple, spot, acne, boil	
膨れる	ふくれる	to swell (out), to expand, to be inflated, to distend, to bulge	
塞がる	ふさがる	to be closed, to be blocked, to be healed (e.g. wound), to be shut up	
塞ぐ	ふさぐ	to stop up, to close up, to block (up), to plug up, to shut up, to cover (ears, eyes, etc.), to close (eyes, mouth)	
不幸せ	ふしあわせ	unhappiness, misfortune, ill luck	
不始末	ふしまつ	omission, failure, incompleteness	
付属	ふぞく	being attached (to), being affiliated (to), belonging (to), going with	
両親	りょうしん	parents, both parents	
双葉	ふたば	seed leaves (of a dicot), cotyledons, bud, sprout	
普段着	ふだんぎ	everyday clothes, ordinary clothes, casual wear, informal dress	
不釣合い	ふつりあい	imbalance, disproportion, disparity, mismatch, asymmetry	
不妊	ふにん	infertility, sterility, barrenness	
船	ふね	ship, boat, watercraft, vessel, seaplane	
普遍	ふへん	universal, general, ubiquitous, omnipresent	
踏切	ふみきり	railway crossing, railroad crossing, train crossing, level crossing	
増やす	ふやす	to increase, to add to, to augment	
不要	ふよう	unnecessary, unneeded	
振替	ふりかえ	transfer, switching over, change	
振り子	ふりこ	pendulum	
振込	ふりこみ	payment made via bank deposit transfer	
振り出し	ふりだし	shaking (something) out	
故郷	ふるさと	hometown, birthplace, native place, one's old home	
振る舞う	ふるまう	to behave, to conduct oneself, to act	
付録	ふろく	appendix, supplement, annex, extra (of a newspaper or magazine)	
部署	ぶしょ	one's post, one's station, department, bureau, section	
無精	ぶしょう	indolence, laziness, sloth	
編集	へんしゅう	editing, compilation	
別々	べつべつ	separate, respective, different	
萌芽	ほうが	germination, germ, sprout	
包帯	ほうたい	bandage, dressing	
抱擁	ほうよう	embrace, hug, holding in one's arms	
ほうれん草	ほうれんそう	spinach (Spinacia oleracea)	
吠える	ほえる	to bark, to howl, to bay, to roar, to yelp, to yap	
矛	ほこ	long-handled Chinese spear, lance, pike	
補佐	ほさ	aid, help, assistance, assistant, counselor, counsellor, adviser, advisor	
保守的	ほしゅてき	conservative	
保証	ほしょう	guarantee, security, assurance, pledge	
干す	ほす	to air, to dry, to desiccate	
仄か	ほのか	faint, indistinct, dim, vague, subtle, delicate	
保母	ほぼ	(female) childcare worker, nursery school teacher	
褒める	ほめる	to praise, to commend, to compliment, to speak well of, to speak highly of	
滅びる	ほろびる	to go to ruin, to go under, to fall, to be destroyed, to die out, to become extinct, to perish	
滅ぼす	ほろぼす	to destroy, to overthrow, to wreck, to ruin	
膨大	ぼうだい	huge, vast, enormous, colossal, extensive, large	
坊ちゃん	ぼっちゃん	(another's) son, boy, young master	
没後	ぼつご	after death, posthumously	
前売り	まえうり	advance sale, booking	
前売り券	まえうりけん	ticket sold in advance, advance ticket	
前払い	まえばらい	payment in advance, advance payment, prepayment	
前々	まえまえ	a long time ago, long before now	
前もって	まえもって	in advance, beforehand, previously, ahead of time	
巻尺	まきじゃく	tape measure	
勝る	まさる	to excel, to surpass, to exceed, to have an edge, to be superior, to outrival	
混ざる	まざる	to be mixed, to be blended with, to associate with, to mingle with, to join	
混じる	まじる	to be mixed, to be blended with, to be combined	
麻酔	ますい	anaesthesia, anesthesia	
益々	ますます	increasingly, more and more, decreasingly (when declining), less and less	
跨る	またがる	to straddle, to sit astride, to mount	
町	まち	town, block, neighbourhood, neighborhood	
町並み	まちなみ	townscape, street (of stores and houses), (look of) stores and houses on street	
区々	まちまち	various, diverse, different, divergent, divided, conflicting	
末期	まっき	last years, closing years, last days, closing days, end, last stage, final stages, terminal stage (of a disease)	
真っ黒	まっくろ	pitch black	
真っ青	まっさお	deep blue, bright blue	
祭り	まつり	festival, feast, matsuri	
まな板	まないた	chopping board, cutting board	
麻痺	まひ	paralysis, palsy, stupor	
丸い	まるい	round, circular, spherical	
丸々	まるまる	plump, rotund, chubby	
稀	まれ	rare, seldom	
周り	まわり	circumference, girth	
回る	まわる	to turn, to rotate, to revolve, to spin	
漫才	まんざい	manzai, comic dialogue, two-person comedy act, usu. presented as a fast-paced dialogue, occ. presented as a skit	
満点	まんてん	perfect score, full marks	
真ん中	まんなか	middle, centre, center, midpoint, heart	
真ん丸	まんまる	perfect circle	
満々	まんまん	full of, brimming with	
見覚え	みおぼえ	memory (of having seen something or someone before), remembrance, recollection, recognition	
見かけ	みかけ	outward appearance	
見かける	みかける	to (happen to) see, to notice, to catch sight of	
見比べる	みくらべる	to compare with the eye, to judge by comparison	
巫女	みこ	miko, shrine maiden, young girl or woman (trad. an unmarried virgin) who assists priests at shrines	
詔	みことのり	imperial decree, imperial edict	
見込み	みこみ	hope, promise, possibility, chance, probability, likelihood	
未成年	みせいねん	minority (i.e. being under age), minor, underage person	
三十日	みそか	last day of the month	
満ちる	みちる	to fill, to become full (of), to be filled (with), to brim (with)	
見つかる	みつかる	to be found, to be discovered	
見つける	みつける	to find, to discover, to come across, to spot, to catch (someone doing)	
見つめる	みつめる	to stare (at), to gaze (at), to look hard (at), to watch intently, to fix one's eyes (on)	
見積もり	みつもり	estimate, estimation, valuation, quotation	
見通し	みとおし	unobstructed view, perspective, visibility, vista	
見届ける	みとどける	to make sure of, to ascertain, to see with one's own eyes, to watch to the end, to watch to make sure (that)	
見なす	みなす	to regard (as), to consider (to be), to deem, to look upon (as), to think of (as)	
見習い	みならい	apprenticeship, probation, learning by observation	
見慣れる	みなれる	to get used to seeing, to become accustomed to seeing, to be familiar with	
見逃す	みのがす	to miss, to overlook, to fail to notice	
見舞い	みまい	visit (to someone affected by illness or misfortune), call, inquiry (about someone's health), expression of sympathy	
脈拍	みゃくはく	pulse, pulse rate, pulsation, stroke of pulse	
見破る	みやぶる	to see through (a plot, lie, etc.), to penetrate into, to discover, to find out	
苗字	みょうじ	surname, family name, last name	
民族	みんぞく	people, race, nation, ethnic group, ethnos	
民俗	みんぞく	folk customs, folkways, ethnic customs	
向い	むかい	facing, opposite, across the street, other side	
向かう	むかう	to face	
向こう側	むこうがわ	other side, opposite side, other party	
虫歯	むしば	tooth decay, decayed tooth, dental cavity, dental caries	
寧ろ	むしろ	rather, better, instead, if anything	
目	め	eye, eyeball	
目覚ましい	めざましい	remarkable, striking, brilliant, splendid, spectacular, wonderful, conspicuous, outstanding, amazing	
目覚まし時計	めざましどけい	alarm clock	
目白押し	めじろおし	jostling, milling about, crush, being jammed together	
目茶目茶	めちゃめちゃ	disorderly, messy, ruined	
目盛り	めもり	gradations (on a ruler, thermometer, etc.), division, scale	
面々	めんめん	every person, each one, everybody	
儲け	もうけ	profit, earnings	
申し合わせ	もうしあわせ	mutual agreement, understanding, common consent	
申し入れ	もうしいれ	proposal, offer, report, proposition, notice, request	
申し込み	もうしこみ	application, entry, request, subscription, offer, proposal, overture, challenge	
申込書	もうしこみしょ	(written) application, application form	
申し立て	もうしたて	statement, account (of something), declaration, allegation	
持ち込み	もちこみ	bring-your-own (e.g. food and drink), carry-on (e.g. luggage)	
持ち主	もちぬし	owner, proprietor, possessor (e.g. of talent, beauty, etc.)	
持ち物	もちもの	one's property, personal effects, one's belongings	
勿体ない	もったいない	wasteful, a waste	
基づく	もとづく	to be based (on), to be founded (on), to be grounded (on), to be in accordance (with)	
元々	もともと	originally, from the start, from the beginning, from the outset, by nature	
物干し	ものほし	frame for drying clothes, clotheshorse	
腿	もも	thigh	
漏らす	もらす	to let leak, to let out (e.g. light)	
漏れる	もれる	to leak out, to escape, to come through, to shine through, to filter out	
薬缶	やかん	kettle	
焼き鳥	やきとり	yakitori, chicken pieces (or sometimes beef or pork offal) grilled on a skewer	
焼肉	やきにく	yakiniku, Japanese dish of grilled meat similar to Korean barbecue	
焼きもち	やきもち	jealousy	
屋敷	やしき	residence, estate, grounds, premises, mansion	
痩せる	やせる	to become thin, to lose weight, to slim	
雇い主	やといぬし	employer	
雇う	やとう	to employ, to hire, to take on	
山々	やまやま	(many) mountains	
寡婦	かふ	widow, divorced woman not remarried, unmarried woman	
やり直し	やりなおし	redoing	
やり直す	やりなおす	to do over again, to redo, to start over, to remake, to resume, to recommence	
柔らかい	やわらかい	soft, tender, supple, flexible, limber, limp	
憂鬱	ゆううつ	depression, melancholy, dejection, gloom, despondency	
勇退	ゆうたい	retiring voluntarily, resigning one's post (to make way for others), stepping down, bowing out	
郵便	ゆうびん	mail service, postal service, mail, post	
悠々	ゆうゆう	quiet, calm, leisurely, composed	
有利	ゆうり	advantageous, favourable, better, stronger	
柚子	ゆず	yuzu (Citrus ichangensis x C. reticulata)	
揺りかご	ゆりかご	cradle	
世	よ	world, society, public	
良い	よい	good, excellent, fine, nice, pleasant, agreeable	
様	よう	appearing ..., looking ...	
陽	よう	(the) positive	
養護	ようご	nursing, (protective) care	
擁護	ようご	protection, defence, support, safeguarding, championship, vindication	
要約	ようやく	summary, digest	
良く	よく	nicely, properly, well, skillfully, skilfully	
余所	よそ	another place, somewhere else, strange parts	
余程	よほど	very, greatly, much, to a large extent, quite	
呼び出し	よびだし	call, summons, paging, curtain call	
夜更かし	よふかし	staying up late, sitting up late at night, keeping late hours	
夜更け	よふけ	late at night, small hours of the morning	
蘇る	よみがえる	to be resurrected, to be resuscitated, to be rehabilitated, to be revived, to be refreshed, to be restored	
読み取り	よみとり	reading (e.g. by a scanner)	
読み物	よみもの	reading matter, reading material	
代々	だいだい	for generations, from generation to generation, generation after generation, through the ages	
喜び	よろこび	joy, delight, rapture, pleasure, gratification, rejoicing, congratulations, felicitations	
世論	よろん	public opinion, popular voice, public sentiment, consensus	
弱み	よわみ	(a) weakness, shortcoming, failing, sore point	
乱獲	らんかく	overfishing, overhunting, indiscriminate fishing, indiscriminate hunting	
理屈	りくつ	theory, reason, logic	
略奪	りゃくだつ	pillage, plunder, looting, robbery	
了承	りょうしょう	acknowledgement, acknowledgment, understanding, approval, consent	
労働	ろうどう	labor, labour, work	
露見	ろけん	discovery (of a plot, misdeed, etc.), detection, exposure, disclosure	
分かち	わかち	distinction, differentiation, discrimination	
分かりにくい	わかりにくい	hard to understand, incomprehensible, unintelligible	
分かる	わかる	to understand, to comprehend, to grasp, to see, to get, to follow	
別れる	わかれる	to part (usu. of people), to part from, to part with, to be apart from	
分かれる	わかれる	to branch, to fork, to diverge	
若々しい	わかわかしい	youthful, young, young-looking	
我が	わが	my, our, one's own	
我が国	わがくに	our country, our land, one's own country	
我が家	わがや	one's house, one's home, one's family	
沸く	わく	to grow hot (e.g. water), to boil	
湧く	わく	to well (up), to gush out (of water), to spring out, to surge	
枠組み	わくぐみ	frame	
分け前	わけまえ	share, portion, quota, cut	
態々	わざわざ	expressly, especially, specially, taking the trouble (to do), going to the trouble of (doing), going out of one's way (to do)	
詫びる	わびる	to apologize, to apologise, to make an apology	
割り	わり	rate, ratio, proportion	
割合	わりあい	rate, ratio, percentage, proportion	
割り当て	わりあて	allotment, assignment, allocation, quota, rationing	
割り勘	わりかん	splitting the cost, splitting the bill, Dutch treat	
割り込み	わりこみ	queue jumping, breaking into a line, muscling in on, wedging oneself in, interruption, sharing a theater box (theatre)	
割り込む	わりこむ	to cut into (a line, conversation, etc.), to force oneself into (e.g. a crowd), to wedge oneself into, to squeeze oneself into, to intrude on, to interrupt	
割り算	わりざん	division	
割高	わりだか	comparatively high, fairly expensive	
割に	わりに	comparatively, relatively, fairly, rather, pretty, unexpectedly	
割り箸	わりばし	dispensable chopsticks, throwaway chopsticks	
割引	わりびき	discount, reduction, rebate	
割安	わりやす	economical, comparatively cheap	
割れ目	われめ	crack, crevice, split, fissure, cleft, rift, chasm, chink, gap	
我ら	われら	we, us	
我々	われわれ	we	
叔父	おじ	uncle	
叔母	おば	aunt	
隔週	かくしゅう	every other week, every two weeks	
閊える	つかえる	to stick, to get stuck, to get caught, to get jammed, to clog	
低温	ていおん	low temperature	
低音	ていおん	low tone, bass, low voice	
履く	はく	to put on (lower-body clothing, e.g. pants, skirt, footwear), to wear	
亡父	ぼうふ	deceased father, late father	
亡夫	ぼうふ	deceased husband, late husband	
羽	わ	counter for birds or rabbits	
把	わ	counter for bundles	
長唄	ながうた	long epic song with shamisen accompaniment (developed in Edo in the early 17th century)	
歌声	うたごえ	singing voice, (sound of) singing	
戦後	せんご	postwar period, period after Second World War	
幕末	ばくまつ	Bakumatsu period, closing days of the Tokugawa shogunate, end of the Edo period	
演奏	えんそう	musical performance	
音痴	おんち	tone deafness, amusia, having no ear for music	
映し出す	うつしだす	to project, to show (on a screen), to reflect (of a mirror, lake, etc.)	
見放す	みはなす	to abandon, to give up on, to desert	
自民党	じみんとう	Liberal Democratic Party, LDP	
稲荷	いなり	Inari (god of harvests, Uka-no-Mitama)	
源氏	げんじ	Genji (the character in the Genji Monogatari)	
室町	むろまち	Muromachi period (1336-1573)	
新橋	しんばし	Shinbashi (Tokyo)	
平成	へいせい	Heisei era (1989.1.8-2019.4.30)	
難波	なにわ	Naniwa (former name for Osaka region)	
激変	げきへん	sudden change, upheaval	
強豪	きょうごう	overwhelming strength, extremely strong person, powerhouse, very strong player, very strong team	
目出度い	めでたい	happy, auspicious, propitious, joyous	
追いかける	おいかける	to chase, to run after, to pursue	
追っかける	おっかける	to chase, to run after, to pursue	
扇ぐ	あおぐ	to fan	
空き	あき	space, room, gap, emptiness	
飽き	あき	weariness, boredom, tedium, tiresomeness	
浅はか	あさはか	shallow, superficial, thoughtless, short-sighted, foolish, silly	
値する	あたいする	to be worth, to be worthy of, to deserve, to merit	
集まり	あつまり	gathering, meeting, assembly, collection, attendance	
呼びかけ	よびかけ	call, appeal	
甘味	あまみ	sweetness, sugary taste	
洗い物	あらいもの	things to be washed, (dirty) dishes, laundry, washing	
錨	いかり	anchor	
生き生き	いきいき	in a lively way, vividly, freshly, animatedly, actively, energetically	
行き過ぎ	いきすぎ	going too far, going to extremes	
行き過ぎる	いきすぎる	to go too far, to go past	
幾度	いくど	(how) many times, (how) often	
虐め	いじめ	bullying, teasing	
痛ましい	いたましい	pitiful, heartbreaking, heartrending, touching, tragic, sad, hurtful	
一度に	いちどに	all at once	
一挙に	いっきょに	at a stroke, with a single swoop	
一向に	いっこうに	completely, absolutely, totally	
一遍に	いっぺんに	(all) at once, at the same time, in one go, in one sitting	
戒め	いましめ	caution, admonition, warning, lesson	
嫌がる	いやがる	to appear uncomfortable (with), to seem to hate, to express dislike	
色んな	いろんな	various, a variety of, all sorts of, many (different)	
薄まる	うすまる	to become weak	
謳う	うたう	to extol, to sing the praises of, to celebrate	
打ち消す	うちけす	to deny, to contradict	
生まれ	うまれ	birth, birthplace	
衛生的	えいせいてき	hygienic, sanitary	
応ずる	おうずる	to answer, to respond, to meet	
欧米	おうべい	Europe and the United States, Europe and America, the West	
白粉	おしろい	white makeup powder, (face) powder	
恐る恐る	おそるおそる	fearfully, timidly, nervously, cautiously, gingerly	
恐るべき	おそるべき	terrible, terrifying, dreadful, horrible, horrifying, appalling	
落ちこぼれ	おちこぼれ	fallen scraps, scatterings	
思い切って	おもいきって	resolutely, boldly, decisively, daringly	
思う存分	おもうぞんぶん	to one's heart's content, to one's complete satisfaction, as much as one likes, heartily, thoroughly, without restraint, to the full	
母さん	かあさん	mother	
買い占める	かいしめる	to buy up	
害する	がいする	to injure, to damage, to harm, to hurt	
罹る	かかる	to contract (a disease), to suffer from	
覚醒剤	かくせいざい	stimulant (e.g. psychoactive drugs like methamphetamine, ritalin, etc.)	
風上	かざかみ	windward, upwind	
貸間	かしま	room to let, room for rent	
風邪薬	かぜぐすり	remedy for a cold, cold medicine	
勝ち	かち	win, victory	
月日	がっぴ	month and day (of the year), (the) date	
鬘	かつら	wig, hairpiece, toupee	
要	かなめ	pivot	
紙屑	かみくず	wastepaper, scrap of paper, paper scraps	
辛口	からくち	dry taste (e.g. sake, wine)	
軽はずみ	かるはずみ	thoughtless, rash, hasty, imprudent	
感ずる	かんずる	to feel, to sense, to experience	
決まり	きまり	rule, regulation	
虚栄心	きょえいしん	vanity	
禁欲的	きんよくてき	abstemious, austere	
食い下がる	くいさがる	to hang on to, to hang from, to cling to	
潜る	くぐる	to go under, to pass under, to go through, to pass through	
経済的	けいざいてき	economic, financial	
恋する	こいする	to fall in love (with), to love	
工学部	こうがくぶ	faculty of engineering, school of engineering, college of engineering, department of engineering	
刻一刻と	こくいっこくと	moment by moment, hour by hour	
国力	こくりょく	national power	
最大限	さいだいげん	maximum	
下がり	さがり	fall, decline, lowering, hanging down, drooping, slanting (downward)	
注す	さす	to pour, to add (liquid), to serve (drinks)	
山積	さんせき	piling up, accumulating, forming a (huge) pile, lying in piles	
自営業	じえいぎょう	independent business, self-employment	
塩辛い	しおからい	salty (taste), briny	
時機	じき	opportunity, chance, time, occasion	
親しみ	したしみ	intimacy, affection, familiarity	
資本家	しほんか	capitalist, financier	
湿っぽい	しめっぽい	damp, humid, wet	
自問	じもん	asking oneself	
週休	しゅうきゅう	weekly holiday	
順路	じゅんろ	(regular) route, fixed route, specified route, suggested route	
食中毒	しょくちゅうどく	food poisoning	
女性的	じょせいてき	feminine, effeminate	
知らず知らず	しらずしらず	unconsciously, without knowing it, unwittingly, unawares	
心中	しんちゅう	one's heart, the mind, inner feelings, inmost thoughts, true motives	
水産	すいさん	aquatic products, fisheries	
水爆	すいばく	hydrogen bomb	
縋る	すがる	to cling to, to hang onto	
済まない	すまない	inexcusable, unjustifiable, unpardonable	
所為	せい	consequence, outcome, result, blame, fault	
成算	せいさん	hope of success, prospects of success	
節句	せっく	seasonal festival	
絶対に	ぜったいに	absolutely, definitely, unconditionally	
沿い	ぞい	along (a river, coast, railway, etc.), on (e.g. a street)	
早春	そうしゅん	early spring	
草食	そうしょく	herbivorous, plant-eating, graminivorous	
総論	そうろん	general remarks	
速達便	そくたつびん	special delivery mail, express delivery post	
蕎麦屋	そばや	soba restaurant	
損する	そんする	to lose (money, etc.)	
対する	たいする	to face (each other), to be facing	
橙色	だいだいいろ	orange (color, colour)	
退廃的	たいはいてき	degenerate, decadent, corrupt	
楕円形	だえんけい	elliptical shape, oval shape	
多角	たかく	many-sided, versatile, polygonal, diversified	
託す	たくす	to entrust (someone) with, to leave (a matter) with someone, to place under someone's care	
糺す	ただす	to ascertain, to confirm, to verify, to make sure of	
脱衣	だつい	undressing, taking off one's clothes, stripping	
脱走	だっそう	escape, flight, breakout, fleeing, desertion	
達筆	たっぴつ	good handwriting, skillful penmanship	
立て続け	たてつづけ	succession, continuation, series, sequence	
頼み	たのみ	request, favor, favour	
男性的	だんせいてき	manly	
近寄せる	ちかよせる	to bring close, to bring near	
千切れる	ちぎれる	to be torn off, to come off	
縮み	ちぢみ	shrinkage	
注意深い	ちゅういぶかい	attentive, cautious, careful, watchful	
長大	ちょうだい	long and large, tall and large, grand, huge	
張本人	ちょうほんにん	originator, ringleader, perpetrator, main culprit, person responsible	
珍紛漢紛	ちんぷんかんぷん	unintelligible language, incoherent language, talking nonsense, babble, gibberish, jargon, gobbledygook	
通産省	つうさんしょう	(former) Ministry of International Trade and Industry (now Ministry of Economy, Trade and Industry), MITI	
通俗的	つうぞくてき	popular, common, commonplace	
点ける	つける	to turn on, to switch on, to light up	
突っ張る	つっぱる	to cramp up, to tighten, to stiffen	
詰まり	つまり	that is to say, that is, in other words, I mean, that (this, it) means	
梅雨明け	つゆあけ	end of the rainy season	
連れてくる	つれてくる	to bring someone along	
手際良く	てぎわよく	efficiently, skillfully, adeptly, adroitly, deftly	
冬期	とうき	winter, wintertime, winter term	
父さん	とうさん	father, dad, papa, pa, pop, daddy, dada	
投射	とうしゃ	projection (of an image)	
得する	とくする	to make a profit	
都市ガス	としガス	city gas, mains gas, gas supplied to buildings via pipes	
現れ	あらわれ	embodiment, manifestation, materialization, materialisation, expression, indication	
あり合わせ	ありあわせ	on hand, readily available	
餡子	あんこ	red bean paste, red bean jam, anko	
餡	あん	red bean paste, red bean jam, anko	
言い換える	いいかえる	to say in other words, to put another way, to express in different words, to reword, to rephrase	
言いなり	いいなり	doing as one is told, yes-man	
些か	いささか	a little, a bit, somewhat, slightly, rather	
埋め立て	うめたて	land reclamation	
お気に入り	おきにいり	favorite, favourite, pet (e.g. teacher's pet)	
思いがけない	おもいがけない	unexpected, contrary to expectations, by chance, casual	
硬さ	かたさ	firmness, hardness, stiffness, honesty	
口喧嘩	くちげんか	quarrel, dispute, argument	
小売り店	こうりてん	retail store, retail shop	
診療所	しんりょうじょ	clinic, medical office, infirmary	
据え置き	すえおき	deferment (e.g. of savings), leaving (a thing) as it stands	
是非とも	ぜひとも	by all means, at all costs, absolutely	
楯突く	たてつく	to defy, to disobey, to rebel against, to oppose, to resist	
立て直す	たてなおす	to put back up, to stand back up	
立て札	たてふだ	sign on a post (usu. wooden and with a small roof, containing information about a sight, warning, congratulations, etc.), public notice, bulletin board, notice board	
違いない	ちがいない	sure, no mistaking it, for certain, without doubt	
爪切り	つめきり	nail clippers	
アイスコーヒー	アイスコーヒー	iced coffee	
イスラム教	イスラムきょう	Islam	
ガラス戸	ガラスど	glass door	
カレーライス	カレーライス	curry and rice, rice and curry, curry rice	
シャンソン	シャンソン	chanson	
セ氏	セし	Celsius, centigrade	
セロテープ	セロテープ	cellophane tape, adhesive tape, Sellotape	
大前提	だいぜんてい	important condition, basic premise, basic assumption	
年取った	としとった	old (person), aged	
途端	とたん	just (now, at the moment, etc.), just as, in the act of, as soon as, at the moment that	
どの辺	どのへん	whereabouts, what part	
惚ける	とぼける	to play dumb, to feign ignorance, to play innocent, to have a blank facial expression	
取締役	とりしまりやく	company director, board member	
内向的	ないこうてき	introverted, withdrawn	
長生き	ながいき	longevity, long life	
長引く	ながびく	to be prolonged, to drag on, to take a long time, to persist, to linger	
眺め	ながめ	scene, view, prospect, outlook	
泣き顔	なきがお	crying face, face of a person who is crying	
何故か	なぜか	somehow, for some reason, without knowing why	
夏バテ	なつばて	suffering from summer heat, summer heat fatigue	
生る	なる	to bear fruit	
何十	なんじゅう	(several) tens, dozens, scores (of)	
何で	なんで	why?, what for?	
何でも	なんでも	any, anything, whatever, whatever one likes, everything, all	
逃げ足	にげあし	running away, escaping on foot	
日韓	にっかん	Japan and South Korea, Japanese-Korean	
日給	にっきゅう	daily wages	
寝返り	ねがえり	turning over in bed, rolling over, tossing and turning	
寝過ごす	ねすごす	to oversleep	
寝相	ねぞう	sleeping posture	
寝冷え	ねびえ	indisposition (e.g. a cold) caused by getting chilled while sleeping	
残らず	のこらず	all, entirely, completely, without exception	
婆さん	ばあさん	grandmother	
排他主義	はいたしゅぎ	exclusivism, exclusionism	
恥さらし	はじさらし	disgrace, shame	
恥知らず	はじしらず	shameless, shameless person	
端たない	はしたない	improper, immodest, disgraceful, shameful, vulgar, low	
始まり	はじまり	origin, beginning, start	
叩き	はたき	(feather) duster	
罰点	ばってん	cross mark, demerit mark, an X	
葉っぱ	はっぱ	leaf, blade (of grass), (pine) needle	
話し声	はなしごえ	speaking voice, talking voice	
話し言葉	はなしことば	spoken language, colloquial expression	
撥ねる	はねる	to hit (e.g. with a car), to knock down	
早寝	はやね	go to bed early	
払い	はらい	payment, bill, account	
腹いっぱい	はらいっぱい	having a full stomach, being full	
孕む	はらむ	to conceive, to become pregnant	
日替わり	ひがわり	changing every day	
挽肉	ひきにく	minced meat, ground meat	
筆記用具	ひっきようぐ	writing implement, writing tool	
引っ付く	ひっつく	to stick to, to cling to, to adhere to	
一晩中	ひとばんじゅう	all night long, all through the night	
日にち	ひにち	date (of a planned event, act, etc.), day	
日に日に	ひにひに	day by day, by the day	
日増しに	ひましに	day by day	
不意に	ふいに	suddenly, abruptly, unexpectedly	
吹き溜まり	ふきだまり	drift (of snow, leaves, etc.)	
不燃物	ふねんぶつ	non-inflammables, incombustible (usu. waste)	
麓	ふもと	foot (of a mountain or hill), bottom, base	
ブラシ	ブラシ	brush	
府立	ふりつ	prefectural, managed by an urban prefecture (Osaka or Kyoto)	
プロ野球	プロやきゅう	professional baseball	
偏差値	へんさち	deviation value (usu. scaled to mean of 50, standard deviation of 10, and often used for academic grades), deviation, T-score, standard score	
法学部	ほうがくぶ	faculty of law, school of law, college of law	
封建主義	ほうけんしゅぎ	feudalism	
封建的	ほうけんてき	feudal, feudalistic	
防戦	ぼうせん	defensive fight (battle)	
歩行者天国	ほこうしゃてんごく	pedestrian mall, car-free mall, pedestrian paradise	
欲しがる	ほしがる	to appear to want to have (something), to obviously want, to seem to want, to indicate a wish for	
発起人	ほっきにん	originator, promoter	
小火	ぼや	small fire	
本当に	ほんとうに	really, truly	
紛れ	まぐれ	fluke, chance, pure luck	
増し	まし	better, preferable, less objectionable, least-worst	
間違う	まちがう	to be mistaken, to be incorrect, to be wrong	
町中	まちなか	downtown	
末期的	まっきてき	terminal, final	
纏まる	まとまる	to find resolution, to be settled, to be agreed on, to be completed	
間に合わせる	まにあわせる	to make do with, to manage with, to make shift	
満更	まんざら	(not) altogether, (not) wholly	
満面	まんめん	the whole face	
見限る	みかぎる	to give up on, to turn one's back on, to abandon, to forsake, to desert, to leave	
身軽	みがる	agile, nimble, light (of foot)	
岬	みさき	cape (on coast)	
水入らず	みずいらず	(being) by oneself, with no outsiders present	
水臭い	みずくさい	stand-offish, distant, not frank, reserved	
見ず知らず	みずしらず	strange, unfamiliar, unknown, new	
店開き	みせびらき	starting a business	
見た目	みため	appearance, look	
道草	みちくさ	loitering on the way	
道順	みちじゅん	route, way, course, directions	
見どころ	みどころ	point worthy of note, good point, part worth seeing, highlight, good scene	
認め	みとめ	approval, acceptance, recognition, acknowledgement	
認め印	みとめいん	private seal, personal seal, unregistered seal, informal seal, signet	
耳元	みみもと	close to the ear	
耳より	みみより	welcome (news), inviting, encouraging, tempting, hopeful	
明年	みょうねん	next year	
見る見る	みるみる	very fast, in a twinkle, before one's eyes	
見分け	みわけ	distinction	
無害	むがい	harmless	
無期限	むきげん	indefinite	
無機物	むきぶつ	inorganic substance	
無性に	むしょうに	very much, intensely, overwhelmingly, excessively, irresistibly, without any obvious reason	
無心	むしん	innocence	
無神経	むしんけい	insensitive, inconsiderate, callous, thick-skinned	
無生物	むせいぶつ	inanimate object	
無恥	むち	shameless	
無風	むふう	windless, calm, no-wind	
名月	めいげつ	harvest moon (trad. 15th day of the 8th lunar month)	
明治	めいじ	Meiji era (1868.9.8-1912.7.30)	
恵まれる	めぐまれる	to be blessed with, to be rich in, to abound in	
目玉商品	めだましょうひん	bargain goods, loss leader	
滅多に	めったに	rarely, seldom	
申し分ない	もうしぶんない	perfect, ideal, completely satisfactory, leaving nothing to be desired, faultless, impeccable	
申し訳ありません	もうしわけありません	I'm sorry, (it's) inexcusable	
申し訳ない	もうしわけない	I'm sorry, (it's) inexcusable, I feel regretful, I feel guilty	
若しも	もしも	if, in case, supposing	
持ち	もち	having, holding, possessing, owning, using, holder, owner, user	
縺れる	もつれる	to tangle, to get tangled, to get entangled	
物覚え	ものおぼえ	memory, ability to learn	
やむを得ない	やむをえない	cannot be helped, unavoidable	
有機物	ゆうきぶつ	organic matter	
湯のみ	ゆのみ	teacup	
揺るがす	ゆるがす	to shake, to swing, to sway, to shock	
要所	ようしょ	important position, strategic point	
要注意	ようちゅうい	need for caution, need for care, requiring special attention	
善くも	よくも	how dare ..., how could ...	
汚れ	よごれ	dirt, filth, stain, blot, spot	
選る	よる	to choose, to select, to pick out	
喜ばす	よろこばす	to delight, to please, to make (someone) happy, to give pleasure (to)	
利己主義	りこしゅぎ	egoism, egotism, selfishness	
陸橋	りっきょう	bridge (over a road or railway), overpass, flyover, viaduct	
留年	りゅうねん	repeating a year (at school), staying in the same class for another year	
領海	りょうかい	territorial waters	
領空	りょうくう	territorial airspace	
歴然	れきぜん	evident, plain, distinct, clear	
老化	ろうか	ageing, aging, senile deterioration	
老眼	ろうがん	presbyopia, age-related longsightedness, farsightedness	
碌な	ろくな	satisfactory, decent, good, proper, respectable	
路上	ろじょう	on the road, on the street, in the street	
和式	わしき	Japanese-style (esp. in reference to squat toilets)	
割合に	わりあいに	comparatively	
隣り合わせ	となりあわせ	adjoining each other	
止めどなく	とめどなく	endlessly, ceaselessly	
難なく	なんなく	easily	
逃げ道	にげみち	way out, means to escape, escape route	
根っこ	ねっこ	root (of a plant)	
寝ぼける	ねぼける	to be still half asleep, to be half awake, to be not yet quite awake	
引き締め	ひきしめ	tightening	
密か	ひそか	secret, private, surreptitious	
一人一人	ひとりひとり	each (person), individually, one by one, one at a time, in turn	
触れ合い	ふれあい	contact, connectedness, rapport, mutual touching	
間に合わせ	まにあわせ	makeshift	
見過ごす	みすごす	to let go by, to let pass, to overlook, to miss	
澱む	よどむ	to stagnate	
呼び名	よびな	popular name, common name, given name	
彼方此方	あちこち	here and there, various places, all around, all over, everywhere, throughout	
強ち	あながち	(not) necessarily, (not) entirely, (not) altogether	
あのね	あのね	look here, I say, well, I know what, I'll tell you what, just a minute, hold on	
彼是	あれこれ	this and that, this or that, one thing or another, this way and that	
有耶無耶	うやむや	indefinite, hazy, vague, unsettled, undecided	
お歳暮	おせいぼ	year-end gift	
お休み	おやすみ	holiday, day off, absence	
御座います	ございます	to be, to exist	
その物	そのもの	the very thing, itself	
ちり紙	ちりがみ	tissue paper, toilet paper	
どうも有難う	どうもありがとう	thank you very much	
やり過ごす	やりすごす	to let (something or someone) go past	
あの世	あのよ	the other world, the next world, the world beyond, world after death	
行けません	いけません	wrong, not good, of no use	
お医者さん	おいしゃさん	doctor	
お祝い	おいわい	congratulation, congratulations, celebration, festival	
お帰り	おかえり	return	
可笑しな	おかしな	funny, amusing, comical, laughable, ridiculous	
お代わり	おかわり	another helping, second helping, seconds, refill	
お手伝い	おてつだい	maid, helper	
お早う	おはよう	good morning	
お坊さん	おぼうさん	Buddhist priest, monk	
がらん	がらん	clanging	
熟す	こなす	to digest	
然うして	そうして	and, like that	
響めく	どよめく	to resound, to reverberate	
にも関わらず	にもかかわらず	in spite of, despite, although	
馬鹿らしい	ばからしい	absurd, foolish, stupid, silly, nonsense, ludicrous, preposterous, laughable, ridiculous	
轢く	ひく	to run over (with a vehicle), to knock down	
びしょ濡れ	びしょぬれ	sopping wet, dripping wet, sodden, drenched, soaked	
面談	めんだん	interview	
やり切れない	やりきれない	unable to finish (on time, etc.)	
指切り	ゆびきり	pinky swear (i.e. linking little fingers to confirm a promise), pinky promise	
アカデミー賞	アカデミーしょう	Academy Award	
ウォール街	ウォールがい	Wall Street	
オープン戦	オープンせん	exhibition game, preseason game	
カトリック教会	カトリックきょうかい	Catholic Church	
カリブ海	カリブかい	Caribbean Sea	
カルガリー	カルガリー	Calgary	
チェコスロバキア	チェコスロバキア	Czechoslovakia	
デモ隊	デモたい	demonstrators	
ドラム缶	ドラムかん	drum (e.g. oil, gasoline), metal barrel	
ドル買い	ドルかい	dollar purchase	
バンタム級	バンタムきゅう	bantam-weight (boxer)	
ビー玉	ビーだま	marble, glass marble	
フライ級	フライきゅう	flyweight	
マルクス主義	マルクスしゅぎ	Marxism	
ユダヤ教	ユダヤきょう	Judaism	
リーグ戦	リーグせん	league match, league game, league series, round robin	
ロケット弾	ロケットだん	rocket	
安らぐ	やすらぐ	to feel at ease	
安心感	あんしんかん	sense of security	
意気込み	いきごみ	ardor, enthusiasm	
慰霊	いれい	consoling the spirits of the dead	
衣類	いるい	clothes, clothing, garments	
医科学	いかがく	medical science	
一校	いっこう	one school	
一時期	いちじき	a period (of time)	
一女	いちじょ	one daughter	
一人暮らし	ひとりぐらし	living by oneself, living alone	
一問	いちもん	one question	
稲田	いなだ	paddy field, rice field	
引き取り	ひきとり	taking, accepting, receipt, collection	
引き受け	ひきうけ	undertaking, underwriting, acceptance	
引き渡し	ひきわたし	delivery, handing over, turning over, extradition	
院内	いんない	inside the House, inside the Diet	
右中間	うちゅうかん	between right and center fielders (centre)	
宇宙開発	うちゅうかいはつ	space development, space exploration	
宇宙開発事業団	うちゅうかいはつじぎょうだん	National Space Development Agency, NASDA	
営業所	えいぎょうしょ	business office, place of business	
営農	えいのう	farming, agriculture	
影の内閣	かげのないかく	shadow cabinet	
栄養学	えいようがく	dietetics, nutritional science	
泳ぎ	およぎ	swimming	
英明	えいめい	intelligent, wise, bright, brilliant, clear-sighted	
越後	えちご	Echigo (former province located in present-day Niigata Prefecture)	
円相場	えんそうば	yen exchange rate	
園内	えんない	inside the kindergarten	
演出家	えんしゅつか	director (of a film, play, etc.)	
演舞	えんぶ	dance performance	
抑え	おさえ	weight (e.g. paperweight), pressing down	
横手	よこて	side, beside	
横断幕	おうだんまく	horizontal banner	
卸売市場	おろしうりしじょう	wholesale market	
何にも	なんにも	(not) anything, (nothing) at all, (not) any	
加点	かてん	adding points	
家裁	かさい	family court	
家庭内	かていない	within the family, in the home, domestic	
河川敷	かせんじき	flood plain, river terrace, riverside area, area between river and river bank	
火付け役	ひつけやく	instigator, originator, initiator, torch bearer, incendiary, agitator, troublemaker	
稼働率	かどうりつ	operating rate, utilization rate, occupancy rate, availability factor	
花柳	かりゅう	red-light district	
介助	かいじょ	help, assistance, aid	
会計検査院	かいけいけんさいん	Board of Audit	
会社更生法	かいしゃこうせいほう	Corporate Reorganization Act	
回戦	かいせん	event with ... rounds, innings, legs, etc.	
快勝	かいしょう	sweeping victory, easy victory	
海上自衛隊	かいじょうじえいたい	Maritime Self Defense Forces (Defence)	
海戦	かいせん	naval battle	
海道	かいどう	sea route	
開国	かいこく	founding a country	
開発部	かいはつぶ	development department	
外苑	がいえん	outer garden	
外洋	がいよう	open sea, ocean	
閣内	かくない	(inside the) Cabinet	
学校法人	がっこうほうじん	(legally) incorporated educational institution	
学際	がくさい	interdisciplinary	
学習指導要領	がくしゅうしどうようりょう	government course (curriculum) guidelines	
割引債	わりびきさい	discount bond	
巻き添え	まきぞえ	getting mixed up in, getting embroiled in, involvement, entanglement, by-blow	
巻き返し	まきかえし	rally, recovery, comeback, rollback	
完工	かんこう	completion of construction work, completion of a building	
完治	かんち	complete recovery	
完全試合	かんぜんじあい	perfect game	
完投	かんとう	going the whole distance, pitching a whole game	
完売	かんばい	selling out, being sold out	
官民	かんみん	government and people, government and private sector, public and private sector	
感情的	かんじょうてき	emotional, sentimental	
感染症	かんせんしょう	infectious disease, infection	
漢方	かんぽう	traditional Chinese medicine	
管区気象台	かんくきしょうだい	district meteorological observatory	
管財	かんざい	administration of property, custodianship, receivership	
管制官	かんせいかん	(air traffic) controller	
管長	かんちょう	superintendent priest, chief abbot	
簡易保険	かんいほけん	postal life insurance	
簡裁	かんさい	summary court, court of summary offences	
観音	かんのん	Avalokiteshvara (Bodhisattva), Avalokitesvara, Kannon, Kwannon, Guanyin, Buddhist deity of compassion	
還付	かんぷ	return, restoration, refund, (duty) drawback	
間伐	かんばつ	periodic thinning (e.g. forest)	
関取	せきとり	ranking wrestler in the makuuchi (senior-grade) or juryo (junior-grade) divisions	
館内	かんない	inside a library, museum, cinema, etc., on the premises	
頑張り	がんばり	tenacity, endurance	
顔見知り	かおみしり	acquaintance	
顔負け	かおまけ	being put to shame, being outshone, being eclipsed, feeling embarrassed	
企画室	きかくしつ	planning office	
喜ばしい	よろこばしい	joyful (news, event, etc.), joyous, delightful (e.g. result), pleasing (e.g. sight), gratifying, welcome, good, happy, glad, pleased	
基軸	きじく	basis, foundation, core, criterion, standard	
基準法	きじゅんほう	basic law	
旗印	はたじるし	design (on a banner), emblem (on a flag), insignia	
期待感	きたいかん	sense of anticipation, feeling of expectation, feeling of hope	
棋院	きいん	go institution, go club, go hall	
棋聖	きせい	great master of go, great master of shogi	
機関紙	きかんし	bulletin, (party) organ	
気に入り	きにいり	favorite, favourite, pet (e.g. teacher's pet)	
気鋭	きえい	spirited, energetic	
気配り	きくばり	care, attentiveness, attention, consideration (for others), solicitude	
起訴猶予	きそゆうよ	suspension of indictment, leaving charge on the file	
犠飛	ぎひ	sacrifice fly	
義太夫	ぎだゆう	gidayū (type of reciting used in the puppet theater)	
義務付け	ぎむづけ	obligation	
義勇	ぎゆう	heroism, loyalty and courage	
議院運営委員会	ぎいんうんえいいいんかい	Committee on Rules and Administration (Diet), House Steering Committee, Standing Committee for House Management	
議定書	ぎていしょ	protocol	
客足	きゃくあし	customer traffic, customers, custom	
脚光	きゃっこう	footlight, limelight	
逆転勝ち	ぎゃくてんがち	winning after defeat seems certain, coming from behind to win	
急ピッチ	きゅうピッチ	quick pace	
急伸	きゅうしん	sudden rise (esp. of stock prices), jump	
急成長	きゅうせいちょう	rapid growth	
救国	きゅうこく	salvation of one's country	
旧派	きゅうは	old school, old style	
牛歩	ぎゅうほ	snail's pace, slow progress	
引き上げ	ひきあげ	pulling up, drawing up, salvage, re-flotation	
陰り	かげり	shadow (e.g. on someone's happiness), cloud, shade, gloom	
横ばい	よこばい	sidewise crawl (e.g. of a crab), crawling sideways	
左腕	さわん	left arm	
掘削	くっさく	digging out, excavation	
普遍的	ふへんてき	universal, omnipresent, ubiquitous	
愚	ぐ	foolishness, silliness, stupidity, folly	
純	じゅん	innocent, chaste, naive	
順当	じゅんとう	proper, right, reasonable	
酷	こく	severe, harsh, stringent, rigorous, strict, unfair	
生鮮	せいせん	fresh	
多角的	たかくてき	multilateral, many-sided, diversified	
高らか	たからか	loud, sonorous, ringing	
手薄	てうす	shorthanded, short of hands, undermanned	
布教	ふきょう	propagation (e.g. a religion), proselytizing, missionary work	
放流	ほうりゅう	discharge (e.g. of water from a dam)	
覚醒	かくせい	waking up, awakening, arousal, revival	
勘案	かんあん	taking into consideration, giving consideration (to)	
留任	りゅうにん	remaining in office, staying in office, remaining at one's post	
際会	さいかい	meeting, facing, confronting	
生還	せいかん	returning alive, surviving	
施工	せこう	construction, constructing, carrying out, work, formation, workmanship, execution	
退役	たいえき	retiring from military service	
退場	たいじょう	leaving (a hall, meeting, stadium, etc.), exit, walkout	
転倒	てんとう	fall, falling down, tumbling, toppling (over)	
登板	とうばん	taking the mound, pitching a game	
当直	とうちょく	being on duty, being on watch	
登頂	とうちょう	climbing to the summit, summiting	
投下	とうか	throwing down, dropping, airdrop	
投棄	とうき	abandonment, giving up, throwing away, disposal, dumping	
特設	とくせつ	setting up specially, special installation	
登載	とうさい	running (an article), carrying, printing, publication	
投与	とうよ	administration (of medicine), giving medication	
預託	よたく	depositing (of money, valuables, etc.), deposition	
続伸	ぞくしん	continuous rise (in market price)	
造成	ぞうせい	development (of land), preparation (e.g. of ground for housing), reclamation, creation	
地球上	ちきゅうじょう	on Earth, on the earth	
中	ちゅう	medium (size), average (grade, level, etc.), middle	
現有	げんゆう	present, existing	
生え抜き	はえぬき	native-born, trueborn	
術後	じゅつご	postoperative, after surgery	
小型	こがた	small-sized, small-scale, miniature	
区立	くりつ	established by a ward, ward, municipal	
無配	むはい	without dividend	
お待ちかね	おまちかね	long-awaited, long-waited-for	
清新	せいしん	fresh, new	
所要	しょよう	required, needed, necessary	
適時	てきじ	timely, opportune	
在野	ざいや	out of office, out of power, in opposition	
赤旗	あかはた	red flag	
琵琶湖	びわこ	Lake Biwa, Biwako	
部会	ぶかい	section meeting	
部活	ぶかつ	club activities, extracurricular activities	
部局	ぶきょく	department, bureau, section, part	
文教	ぶんきょう	education, culture	
着地	ちゃくち	landing	
地表	ちひょう	surface of the earth, ground surface	
地下水	ちかすい	groundwater, underground water	
誓って	ちかって	surely, upon my word, by Jove	
長打	ちょうだ	long hit, slugging, extra-base hit	
調教	ちょうきょう	training (animals), breaking (animals)	
長身	ちょうしん	tall figure, high stature	
忠臣	ちゅうしん	loyal retainer, loyal subject	
第一声	だいいっせい	first words said (e.g. when meeting someone), first thing out of one's mouth	
大卒	だいそつ	university graduate, having graduated from university	
男児	だんじ	boy, son	
打席	だせき	batter's box, one's turn at bat	
脱硫	だつりゅう	desulfurization, desulphurisation, desulphurization	
デボン紀	デボンき	Devonian period	
毒ガス	どくガス	poison gas	
土砂	どしゃ	sediment, earth and sand	
エッフェル塔	エッフェルとう	Eiffel Tower	
浮沈	ふちん	floating and sinking, rise and fall, ebb and flow, ups and downs	
布陣	ふじん	battle formation	
不協和音	ふきょうわおん	discord, dissonance, cacophony	
風味	ふうみ	taste, flavor, flavour	
二つ目	ふたつめ	second (in a series)	
浮遊	ふゆう	floating, drifting, suspension	
岐阜	ぎふ	Gifu (city, prefecture)	
八幡	はちまん	Hachiman (god of war)	
派兵	はへい	dispatch of troops	
廃案	はいあん	rejected bill (project)	
配本	はいほん	distribution of books	
配管	はいかん	plumbing, piping	
配役	はいやく	casting (of a play, film, etc.), cast	
初めまして	はじめまして	nice to meet you, I'm glad to make your acquaintance, how do you do?	
白骨	はっこつ	white (bleached) bone, skeleton	
運び	はこび	progress, pace, carriage, step, stage	
迫撃	はくげき	close attack	
白色	しろいろ	white	
初舞台	はつぶたい	debut, initial stage appearance	
刃渡り	はわたり	length of a blade	
被保険者	ひほけんしゃ	insured person	
飛球	ひきゅう	fly (ball)	
非鉄金属	ひてつきんぞく	non-ferrous metal	
報道陣	ほうどうじん	press corps	
法医学	ほういがく	forensic medicine, forensic pathology	
保革	ほかく	conservatism and progressivism, conservatives and reformists	
本土	ほんど	mainland, the country proper	
崩落	ほうらく	collapse, break, cave-in, crash	
法制局	ほうせいきょく	Cabinet Legislation Bureau	
法要	ほうよう	Buddhist memorial service	
票田	ひょうでん	(reliable) source of votes, area of strong electoral support, stronghold, (voter) base	
沼田	ぬまた	deep-mud paddy	
青葉	あおば	fresh leaves	
大洋	たいよう	ocean	
堀江	ほりえ	canal	
老婦	ろうふ	old woman	
老夫婦	ろうふうふ	old couple, elderly couple	
頂ける	いただける	to be able to receive, to be able to take, to be able to accept	
架橋	かきょう	bridge-building, bridge construction	
援助交際	えんじょこうさい	paid dating (esp. with an underage girl; oft. involving selling of sex), compensated dating	
です	です	be, is	
此れ	これ	this, this one	
投げ	なげ	throw, throwing	
公明党	こうめいとう	Komeito (Japanese political party)	
ソフトドリンク	ソフトドリンク	soft drink	
ヒンジ	ヒンジ	hinge	
竜	りゅう	dragon (esp. a Chinese dragon)	
王	おう	king, ruler, sovereign, monarch	
安芸	あき	Aki (former province located in the west of present-day Hiroshima Prefecture)	
チョッキ	チョッキ	waistcoat, vest	
受取人	うけとりにん	recipient (e.g. of mail), addressee, payee, beneficiary	
１４日	じゅうよっか	14th day of the month	
２４日	にじゅうよっか	24th day of the month	
錻力	ブリキ	tin plate	
物流	ぶつりゅう	physical distribution, distribution of goods, logistics	
オレンジ色	オレンジいろ	orange (colour, color)	
ソーラー	ソーラー	solar	
青柳	あおやぎ	green willow (i.e. one that has budded)	
居室	きょしつ	living room	
居場所	いばしょ	whereabouts, place, location	
居心地	いごこち	feeling of a house or a room	
拠出	きょしゅつ	donation, contribution	
漁民	ぎょみん	fishermen	
競り合い	せりあい	competition	
競り合う	せりあう	to struggle for, to compete with, to vie with	
競走馬	きょうそうば	racehorse	
競馬場	けいばじょう	racecourse, race track	
共和	きょうわ	republicanism	
強権	きょうけん	strong power of the state, iron fist, heavy hand	
強行採決	きょうこうさいけつ	forced passage (of a bill, measure, resolution, etc.), railroading, steamrolling, steamrollering	
教育委員会	きょういくいいんかい	Board of Education	
教育者	きょういくしゃ	educator, teacher, educationalist	
教頭	きょうとう	deputy head teacher, vice principal	
狭間	はざま	interval, space, interstice, threshold	
脅し	おどし	threat	
曲がり	まがり	curvature, warp, bend	
禁止法	きんしほう	negative statute, law against something	
近衛	このえ	Imperial Guards	
近作	きんさく	recent work	
近著	きんちょ	recent work	
金権	きんけん	power of money, financial influence	
金石	きんせき	minerals and rocks, metal and stone utensils	
金品	きんぴん	money and goods	
金融市場	きんゆうしじょう	financial market, money market	
金屏風	きんびょうぶ	folding screen covered with gold leaf	
空振り	からぶり	swing and a miss	
空爆	くうばく	aerial bombing	
繰り上げ	くりあげ	upward move, advance	
繰入	くりいれ	inward transfer (of money), carry over (money from previous period)	
君が代	きみがよ	Imperial reign	
刑事責任	けいじせきにん	criminal liability	
型式	かたしき	model (e.g. of a vehicle), type	
経済研究所	けいざいけんきゅうじょ	economic research institute	
経済成長率	けいざいせいちょうりつ	rate of economic growth	
経済封鎖	けいざいふうさ	economic blockade, embargo	
経常	けいじょう	ordinary	
経常利益	けいじょうりえき	current profits, ordinary profit, income before income taxes, ordinary income, operating income	
計画的	けいかくてき	planned, scheduled, systematic	
軽自動車	けいじどうしゃ	light motor vehicle (up to 660cc and 64bhp), k-car, kei car	
芸術院	げいじゅついん	academy of arts, arts academy	
芸術祭	げいじゅつさい	art festival	
劇画	げきが	comic strip with dramatic story	
欠場	けつじょう	absence, not taking part	
決め	きめ	agreement, rule	
決め球	きめだま	winning pitch	
決勝点	けっしょうてん	winning point, winning goal, game point (tennis, etc.), finishing line	
決選投票	けっせんとうひょう	final vote, run-off ballot	
月産	げっさん	monthly output (production)	
月内	げつない	by the end of this month	
健康食品	けんこうしょくひん	health foods	
健保	けんぽ	health insurance	
建設省	けんせつしょう	Ministry of Construction	
建築学	けんちくがく	architecture	
検察官	けんさつかん	public prosecutor	
検察庁	けんさつちょう	Public Prosecutors Office	
検事正	けんじせい	chief public prosecutor	
献花	けんか	flower offering, floral tribute, laying flowers	
研究官	けんきゅうかん	research officer	
県外	けんがい	outside the prefecture	
見え隠れ	みえかくれ	appearing and disappearing, slipping in and out of view	
見せ場	みせば	highlight (scene), high point, climax, showtime	
見切り発車	みきりはっしゃ	starting a train (or bus, etc.) before all the passengers are on board	
見張り	みはり	watch, guard, lookout, surveillance, watchman, sentinel	
原資	げんし	capital, principal	
厳しさ	きびしさ	severity, strictness, intensity	
減員	げんいん	reduction of staff	
減益	げんえき	decrease in profits	
減給	げんきゅう	pay cut, salary cut	
現行犯	げんこうはん	flagrante delicto, caught red-handed	
現段階	げんだんかい	present stage, current phase	
言い渡し	いいわたし	sentence, judgment, judgement, pronouncement, order, command	
個々人	ここじん	each individual, each person	
固定費	こていひ	fixed cost, fixed expense	
戸別訪問	こべつほうもん	door-to-door visit, door-to-door canvassing (canvasing)	
後進	こうしん	one's junior, younger generation, next generation	
後半戦	こうはんせん	second half	
御用邸	ごようてい	imperial villa	
護国	ごこく	defense of one's country, defence of one's country	
交じり	まじり	mixed with, mingled with, interspersed with, dashed with, sprinkled with	
公共放送	こうきょうほうそう	public broadcasting (e.g. NHK, BBC)	
公式戦	こうしきせん	official match, regular game, regular-season game, formal match	
公舎	こうしゃ	official residence	
公定歩合	こうていぶあい	official discount (bank) rate	
口頭弁論	こうとうべんろん	oral proceedings, oral pleadings	
好景気	こうけいき	good times, boom, (wave of) prosperity	
好守	こうしゅ	good fielding	
好成績	こうせいせき	good results	
好天	こうてん	fine weather	
工作員	こうさくいん	spy, agent provocateur, covert operative	
広葉樹	こうようじゅ	broadleaf tree, broad-leaved tree	
抗告	こうこく	appeal, protest, complaint	
抗戦	こうせん	resistance	
皇民党	こうみんとう	Imperialist Party	
紅潮	こうちょう	flush, blush	
航空自衛隊	こうくうじえいたい	Japan Air Self-Defense Force, JASDF	
荒らげる	あららげる	to roughen (e.g. one's attitude), to raise (one's voice)	
行楽地	こうらくち	tourist resort, holiday resort	
行政機関	ぎょうせいきかん	administrative organ, administrative body, governmental body	
行政処分	ぎょうせいしょぶん	administrative measures (disposition)	
行政訴訟	ぎょうせいそしょう	administrative litigation (action)	
講ずる	こうずる	to lecture, to read aloud, to give a lecture (on)	
鉱区	こうく	mining area, mine lot	
降格	こうかく	demotion, relegation, downgrading	
降板	こうばん	leaving the mound, being knocked out	
高まり	たかまり	rise, swell, elevation, upsurge	
受章	じゅしょう	reception of a decoration, reception of an order	
おいおい	おいおい	hey!, wait a minute!, whoa!	
がる	がる	to show signs of being, to feel, to think	
癖に	くせに	and yet, though, when, in spite of	
此処等	ここら	around here, hereabouts	
だの	だの	and, or, and the like, and so forth, and what not	
となると	となると	when it comes to ..., where ... is concerned	
とも	とも	certainly, of course, to be sure, surely	
如何か	どうか	please, if you would, would you mind	
にっこり	にっこり	sweetly (smiling), broadly (grinning)	
にゃー	にゃー	meow, miaow	
なければならない	なければならない	have to do, must, should, ought to	
ふん	ふん	hmm, well ..., humph, huh, pshaw, pish	
擤む	かむ	to blow (one's nose)	
越し	ごし	across, over, beyond, through, crossing	
鎌	かま	sickle	
高	たか	quantity, amount, volume, number, amount of money	
錠	じょう	lock, padlock	
戦地	せんち	front (in battle)	
打ち切り	うちきり	end, close, finish, truncation, discontinuance, closure, cancellation, breaking off, aborting	
樽	たる	cask, barrel	
段	だん	step, stair, rung, (flight of) steps	
怒らせる	おこらせる	to make (someone) angry, to anger, to offend, to rile up, to provoke (to anger)	
逃げ	にげ	escape, getaway, evasion	
魔	ま	demon, devil, evil spirit, evil influence	
目抜き	めぬき	principal, main, important, fashionable	
問	もん	counter for questions	
矢先	やさき	arrowhead	
良さ	よさ	merit, virtue, good quality	
オリーブ色	オリーブいろ	olive (colour), olive brown	
断り	ことわり	notice, notification, warning	
偶に	たまに	occasionally, once in a while, now and then	
焼け跡	やけあと	ruins of a fire, fire-devastated area	
赤信号	あかしんごう	red light (traffic)	
時事	じじ	events of the day, current affairs	
実権	じっけん	real power	
自任	じにん	regarding oneself (as), fancying oneself (as), seeing oneself (as), considering oneself (to be), pretension	
陣頭	じんとう	head of an army	
地力	じりき	one's own potential, real ability, one's own strength	
持論	じろん	one's cherished opinion, pet theory	
時流	じりゅう	fashion (current) of the times, general drift of affairs	
実相	じっそう	reality, real state of affairs, true state of affairs	
実技	じつぎ	practical skill	
実像	じつぞう	real image	
浄化槽	じょうかそう	water-purification tank	
銃撃	じゅうげき	shooting, gunning (down)	
受精	じゅせい	fertilization, fertilisation, impregnation, pollination, insemination	
買い	かい	buying, shopping	
囲み	かこみ	enclosure, box	
絡み	からみ	linkage, entanglement, involvement, relationship, interaction	
貸金	かしきん	loan, advance	
カスピ海	カスピかい	Caspian Sea	
通い	かよい	coming and going, commuting	
飛ばし	とばし	selling or divesting in unwanted stocks, hiding bad loans	
リストラ	リストラ	(corporate) restructuring	
ミレニアム	ミレニアム	millennium	
新春	しんしゅん	New Year	
総務部	そうむぶ	general affairs department (bureau), executive section	
リニューアル	リニューアル	renewal, renovation, overhaul, update, repair, improvement	
実刑	じっけい	prison sentence (without a stay of execution)	
創出	そうしゅつ	creation, generation	
定番	ていばん	standard item, usual thing, (a) classic, go-to choice, staple, regular fixture, standard procedure, convention	
担い手	にないて	bearer, carrier	
滑り	ぬめり	slime, sliminess, mucus, viscous liquid	
カチューシャ	カチューシャ	Alice band, (horseshoe-shaped) headband (worn over the forehead), hairband	
人間ドック	にんげんドック	comprehensive medical check-up, thorough physical examination	
婚約者	こんやくしゃ	fiance, fiancee	
登場人物	とうじょうじんぶつ	character (in a play, novel, film, etc.), dramatis personae	
飛び地	とびち	detached territory, enclave, exclave	
国体	こくたい	national polity	
予定表	よていひょう	schedule, program, programme, itinerary	
配信	はいしん	distribution (of information, news, etc.), broadcast, delivery, transmission, streaming (over the Internet)	
ワンボックスカー	ワンボックスカー	minivan, people-mover, 6-8 seat automobile with sliding door or doors	
プルークボーゲン	プルークボーゲン	snowplow turn, snowplough turn, double-stem turn	
小声	こごえ	low voice, whisper	
小口	こぐち	cut end, edge (of a page, etc.)	
小幅	こはば	small, narrow	
高炉	こうろ	blast furnace	
草分け	くさわけ	pathfinder, trailblazer, early settler	
崩れ	くずれ	crumbling, collapse, ruin	
待ち	まち	waiting, waiting time	
満期	まんき	expiration (of a term), maturity (e.g. investment), serving one's (full) time	
待たせる	またせる	to keep (a person) waiting	
全うする	まっとうする	to accomplish, to fulfill, to carry out	
迷い	まよい	hesitation, bewilderment, perplexity, doubt, indecision	
目減り	めべり	loss (of weight or volume, e.g. in transit), ullage, outage	
目頭	めがしら	inner canthus, inner corner of the eye	
名優	めいゆう	great actor, famous actor, star	
メキシコ湾	メキシコわん	Gulf of Mexico	
面識	めんしき	acquaintance	
乱れ	みだれ	disorder, disturbance, unrest	
磨き	みがき	polish, burnishing	
密林	みつりん	close thicket, dense forest, jungle	
深山	みやま	mountain recesses, heart of the mountains, (place) deep in the mountains	
戻し	もどし	returning, giving back	
木工	もっこう	woodworking, woodwork, woodworker	
物言い	ものいい	manner of speaking	
問責	もんせき	blame, censure, reproof, reprimand, rebuke	
名指し	なざし	calling by name, designation, nomination	
寝	ね	sleep	
練り	ねり	kneading, gloss, tempering	
熱戦	ねっせん	fierce fight, close contest	
肉声	にくせい	natural voice (without a microphone)	
農政	のうせい	agricultural administration	
大台	おおだい	(major) mark, level, barrier	
躍り	おどり	leaping, jumping, spring, exciting	
大口	おおぐち	big mouth, mouth opened wide	
老い	おい	old age, old person, the old, the aged	
負い目	おいめ	(feeling of) indebtedness, feeling obliged	
思い描く	おもいえがく	to imagine, to picture, to figure, to see	
面持ち	おももち	expression, look, countenance, face	
親会社	おやがいしゃ	parent company	
大関	おおぜき	ōzeki (second highest rank in sumo)	
落選	らくせん	failing to be elected, election defeat, losing an election	
連作	れんさく	planting a field with the same crop each year, repeated cultivation, monocropping	
陸上自衛隊	りくじょうじえいたい	Japan Ground Self-Defense Force, JGSDF	
離島	りとう	isolated island, outlying island	
離党	りとう	secession from a political party	
路面	ろめん	road surface	
老年	ろうねん	old age	
炉心	ろしん	nuclear reactor core	
量刑	りょうけい	judge's sentence, assessment of a case	
緑化	りょっか	greening (i.e. planting to increase greenery), tree planting, afforestation	
緑茶	りょくちゃ	green tea, Japanese tea	
領内	りょうない	(within a) territory, domains	
料理人	りょうりにん	cook, chef	
領袖	りょうしゅう	leader, chief, boss	
西独	せいどく	West Germany (1949-1990)	
成否	せいひ	success or failure, outcome, result	
聖火	せいか	sacred fire, sacred flame	
政経	せいけい	politics and economics	
生理学	せいりがく	physiology	
製紙	せいし	papermaking, paper manufacture	
世界観	せかいかん	worldview, outlook on the world, Weltanschauung	
責任感	せきにんかん	sense of responsibility	
選者	せんじゃ	judge, selector	
戦況	せんきょう	war situation, progress of a battle	
戦績	せんせき	war or military record, score, military achievements, results	
選奨	せんしょう	recommendation	
遷都	せんと	relocation of the capital, transfer of the capital	
背筋	せすじ	spine, line of the backbone	
社屋	しゃおく	company office building	
私学	しがく	private (non-governmental) school (college, university)	
私語	しご	whispering, private talk, talking (during a class, lecture, etc.)	
支配人	しはいにん	manager, executive	
新株	しんかぶ	new stock, new share, newly issued shares	
心筋	しんきん	cardiac muscle, heart muscle, myocardium	
新世界	しんせかい	New World (esp. the Americas, but also Australasia)	
新装	しんそう	redecoration, remodelling, remodeling, refurbishment	
自然界	しぜんかい	nature, the natural world, realm of nature	
氏族	しぞく	clan, family	
立方メートル	りっぽうメートル	cubic meter	
ノスタルジック	ノスタルジック	nostalgic	
遊覧	ゆうらん	sightseeing	
蜜	みつ	nectar	
引きこもり	ひきこもり	shut-in, stay-at-home, hikikomori, person who has withdrawn from society	
ホームページ	ホームページ	home page (of a website or browser), homepage	
ストーカー	ストーカー	stalker	
スピア	スピア	spear	
焼死	しょうし	death by fire	
非常勤	ひじょうきん	part-time work	
奏功	そうこう	success, achievement, fruition	
存亡	そんぼう	life or death, existence, destiny	
党議	とうぎ	party conference, party council	
梁	はり	beam, joist	
販促	はんそく	sales promotion	
アロー	アロー	arrow	
オーガ	オーガ	ogre	
ガーディアン	ガーディアン	guardian	
グール	グール	ghoul	
スタン	スタン	stun	
スティンガー	スティンガー	stinger	
デミ	デミ	demi-	
トゥルー	トゥルー	true	
トルーパー	トルーパー	trooper	
ビースト	ビースト	beast	
ランス	ランス	lance	
ヴァンパイア	ヴァンパイア	vampire	
馬主	うまぬし	owner of a horse (esp. racehorse)	
８０	はちじゅう	eighty, 80	
音楽家	おんがくか	musician	
石神	しゃくじん	stone which is worshipped, image of a god in stone	
船橋	ふなばし	pontoon bridge, floating bridge	
水辺	みずべ	water's edge, waterside, shore	
遠山	えんざん	distant mountain	
４０	よんじゅう	forty, 40	
水位	すいい	water level	
戸籍謄本	こせきとうほん	official copy of the family register	
幕下	まくした	third highest division, wrestlers of the third highest division	
京都	きょうと	Kyoto (city, prefecture)	
仏蘭西	フランス	France	
闘士	とうし	fighter (for), militant, champion (of), boxer	
闘志	とうし	fighting spirit, (will to) fight	
中卒	ちゅうそつ	having graduated from junior high school (as one's highest completed level of education), having completed no schooling beyond junior high school, middle school graduate	
透析	とうせき	dialysis	
州都	しゅうと	state capital, provincial capital, county town	
存立	そんりつ	existence, subsistence	
署長	しょちょう	chief (of police), head (of office)	
署員	しょいん	staff member, station employee, official	
書き上げる	かきあげる	to finish writing, to complete	
書家	しょか	calligrapher, individual with good penmanship	
社会科	しゃかいか	social studies (school subject)	
党略	とうりゃく	party politics (tactics)	
党勢	とうせい	strength of a party	
党籍	とうせき	party membership, party register	
随員	ずいいん	member of an entourage or retinue or party, attendant	
勝ち越す	かちこす	to have more wins than losses, to lead an opponent (e.g. by two games), to be ahead (in wins), to take the lead	
登竜門	とうりゅうもん	gateway to success	
取り揃える	とりそろえる	to assemble (e.g. goods into a set), to gather, to put together	
総本山	そうほんざん	head temple of a Buddhist sect	
速攻	そっこう	swift attack, quick attack, fast break, breakaway	
速球	そっきゅう	fastball	
予告編	よこくへん	trailer (for a film, TV show, etc.), preview	
預貯金	よちょきん	deposits and savings, bank account	
春季	しゅんき	spring season	
対米	たいべい	relating to the USA, toward America, with America	
対局	たいきょく	(playing a) game (of go, shogi, etc.)	
対価	たいか	compensation, equivalent value, consideration	
塾長	じゅくちょう	principal of a private school	
融和	ゆうわ	harmony, reconciliation	
処方箋	しょほうせん	prescription	
文相	ぶんしょう	Minister of Education, Science and Culture	
２００	にひゃく	200, two hundred	
試験場	しけんじょう	examination hall, examination room	
宿駅	しゅくえき	relay station, post station, stage	
嫡出	ちゃくしゅつ	legitimate birth	
水深	すいしん	depth of water	
高学年	こうがくねん	upper grades of primary school (sixth, fifth, and sometimes fourth grades)	
高裁	こうさい	High Court	
高所	こうしょ	high place, high ground, height, (high) altitude, elevation	
高速度	こうそくど	high speed	
高率	こうりつ	high rate	
高齢者	こうれいしゃ	old person, elderly person, senior citizen	
合成洗剤	ごうせいせんざい	synthetic detergent	
合繊	ごうせん	synthetic fiber, synthetic fibre	
国家公務員	こっかこうむいん	(national) government official, national public servant, national government employee	
国家試験	こっかしけん	state examination, national examination	
国学	こくがく	study of classical Japanese literature and culture	
国軍	こくぐん	national armed forces	
国権	こっけん	power of the state, national sovereignty, sovereign rights	
国語辞典	こくごじてん	Japanese-language dictionary	
国際協力事業団	こくさいきょうりょくじぎょうだん	Japan International Cooperation Agency (1974), JICA	
国際人	こくさいじん	internationally minded person, cosmopolitan, cosmopolite, citizen of the world	
国際連合	こくさいれんごう	United Nations, UN	
国情	こくじょう	conditions of a country	
国人	こくじん	indigenous person, inhabitant of a country	
国勢調査	こくせいちょうさ	(national) census	
国対	こくたい	Committee of the National Diet	
国土庁	こくどちょう	(Japanese) National Land Agency	
国分寺	こくぶんじ	state-supported provincial temple (Nara period)	
国文学	こくぶんがく	Japanese literature	
国柄	くにがら	national character, regional character	
国民健康保険	こくみんけんこうほけん	national health insurance	
国民性	こくみんせい	national traits, national characteristic, character of the inhabitants of a nation	
国民年金	こくみんねんきん	national pension, government pension system	
国立劇場	こくりつげきじょう	national theater	
国立博物館	こくりつはくぶつかん	national museum	
国論	こくろん	public opinion	
今季	こんき	this season	
今年度	こんねんど	this year, this fiscal year, this school year	
混ぜ合わす	まぜあわす	to mix together, to blend, to compound	
座り	すわり	sitting	
催涙	さいるい	tear-inducing	
再開発	さいかいはつ	redevelopment	
最下	さいか	the lowest, the worst	
最恵国	さいけいこく	most favored nation, most favoured nation, MFN	
最高級	さいこうきゅう	highest grade, top class	
最高検	さいこうけん	Public Prosecutor's Office	
最重点	さいじゅうてん	very important point	
最前列	さいぜんれつ	front row	
最多	さいた	most (numerous), largest (number of)	
最長	さいちょう	longest	
最優遇	さいゆうぐう	most favourable treatment, most favorable treatment, very warm reception	
在外公館	ざいがいこうかん	diplomatic mission, overseas diplomatic establishment	
在京	ざいきょう	being in the capital (i.e. Tokyo, or formerly Kyoto)	
在米	ざいべい	staying in the United States, residing in the United States, being situated in the United States (of a foreign embassy, company, etc.)	
財政投融資	ざいせいとうゆうし	Fiscal Investment and Loan Program, FILP	
作況指数	さっきょうしすう	rice-crop index	
作付面積	さくづけめんせき	planted area	
昨秋	さくしゅう	autumn of last year, fall of last year	
昨年度	さくねんど	previous year (fiscal, academic, etc.)	
昨年来	さくねんらい	since last year	
三次	さんじ	third	
三者	さんしゃ	three persons, three parties	
三種	さんしゅ	three kinds, three varieties	
三代	さんだい	three generations, three periods	
三度	さんど	three times, thrice	
三部	さんぶ	three parts, three copies	
三部作	さんぶさく	trilogy	
山系	さんけい	mountain range, mountain system	
山手	やまて	place near the mountains	
山野	さんや	hills and fields, countryside	
山陽	さんよう	south side of a mountain, Sanyo district	
産業界	さんぎょうかい	the industrial world	
産品	さんぴん	products	
産量	さんりょう	output	
賛意	さんい	approval, assent	
残塁	ざんるい	left on base	
司法裁判	しほうさいばん	judicial trial	
四死球	ししきゅう	bases on balls and pitches striking the batsmen	
子役	こやく	child actor, child actress	
市道	しどう	city road, municipal road	
市民社会	しみんしゃかい	civil society	
思い起こす	おもいおこす	to recall, to remember	
思い思い	おもいおもい	just as (each) one likes, as (each) one pleases, as (each) one prefers, (each) in one's own way	
支所	ししょ	branch (office)	
支店長	してんちょう	branch manager, manager of a branch office	
死に体	しにたい	losing posture, falling position from which it is impossible to recover	
私案	しあん	private plan, one's own plan	
私企業	しきぎょう	private enterprise	
私大	しだい	private university	
私服	しふく	ordinary clothes (i.e. non-uniform), plain clothes, civilian clothes, casual wear, mufti	
私文書	しぶんしょ	private document	
紙上	しじょう	on paper, in the newspapers, in a letter	
資する	しする	to contribute, to play a part in, to have a hand in, to be conducive to, to be instrumental in	
資源エネルギー庁	しげんエネルギーちょう	Agency of Natural Resources and Energy	
賜杯	しはい	Emperor's cup, trophy given by the Emperor	
字数	じすう	number of characters, number of letters	
持ち家	もちいえ	one's (own) house	
持ち回り	もちまわり	rotation (of a post, role, etc.), taking turns	
持ち株	もちかぶ	stock holdings, one's shares	
持ち帰る	もちかえる	to take home, to carry home, to bring back home, to take out (e.g. food)	
持ち出し	もちだし	taking something out, carrying out	
持ち味	もちあじ	inherent flavor, inherent flavour, natural taste	
時として	ときとして	in some cases, sometimes, on occasions	
時半	じはん	half past (the hour)	
治験	ちけん	clinical trial	
自衛官	じえいかん	Japanese Self-Defense Force official, Self-Defense Force official	
自家用	じかよう	for private or home use	
自決	じけつ	self-determination	
自己資本	じこしほん	net worth, owned capital	
自治権	じちけん	autonomy, right of self-government	
自室	じしつ	one's own room	
自助	じじょ	self-help, self-reliance	
自浄	じじょう	self-purification, self-cleansing	
自販	じはん	automatic selling	
自民	じみん	Liberal Democratic Party, LDP	
自由形	じゆうがた	freestyle (e.g. swimming event)	
自由経済	じゆうけいざい	free economy	
自由主義	じゆうしゅぎ	liberalism	
式部	しきぶ	(Meiji era) official responsible for court ceremonies	
執行委員	しっこういいん	executive committee	
実子	じっし	biological child, one's own child	
実勢	じっせい	actual, real, true	
実戦	じっせん	combat, battle, action, active service, actual fighting	
実態調査	じったいちょうさ	fact-finding investigation, investigation into actual conditions, fact-finding survey	
実弟	じってい	biological younger brother	
写真集	しゃしんしゅう	photo book (esp. one featuring photos of female celebrities, models), photobook	
社会運動	しゃかいうんどう	social movement	
社会教育	しゃかいきょういく	social education	
社会資本	しゃかいしほん	social capital, SOC	
社会事業	しゃかいじぎょう	social work, social project, social enterprise, social welfare service	
社会性	しゃかいせい	sociality	
社会復帰	しゃかいふっき	rehabilitation (in society)	
社会保険	しゃかいほけん	social insurance	
社会保険庁	しゃかいほけんちょう	Social Insurance Agency	
社会保障	しゃかいほしょう	social security	
社会問題	しゃかいもんだい	social problem	
社告	しゃこく	(company) announcement	
社葬	しゃそう	company funeral	
車中	しゃちゅう	in a train (car, bus, etc.), on a train	
若返り	わかがえり	rejuvenation, restoration of youth	
主税局	しゅぜいきょく	(Japanese) Tax Bureau	
取り下げ	とりさげ	withdrawal, discontinuance, abandoning, dropping	
取り壊し	とりこわし	demolition, pulling down, destruction, dismantling	
取り口	とりくち	technique, techniques	
取水	しゅすい	drawing water from river or lake, water intake	
取締法	とりしまりほう	control law	
守勢	しゅせい	(being on the) defensive	
手中	しゅちゅう	in one's hands, in one's control	
手放し	てばなし	not holding on, not using the hands, letting go one's hold	
酒税	しゅぜい	liquor tax, tax on alcohol	
首脳部	しゅのうぶ	executives, top management, governing body	
受け	うけ	popularity, favour, favor, reception	
受給	じゅきゅう	receiving payments (pension, ration)	
受診	じゅしん	having a medical examination, seeing a doctor	
授賞式	じゅしょうしき	award ceremony	
州政府	しゅうせいふ	state government	
修士課程	しゅうしかてい	master's course	
秀作	しゅうさく	excellent (piece of) work	
秋季	しゅうき	fall season, autumn season	
終了後	しゅうりょうご	after the end (of something), post-	
週内	しゅうない	by the end of this week, within the week	
週明け	しゅうあけ	beginning of next week (usu. Monday), early next week	
集散	しゅうさん	collection (gathering) and distribution	
集大成	しゅうたいせい	(large) compilation	
集中豪雨	しゅうちゅうごうう	local downpour, severe rain fall	
集票	しゅうひょう	gathering votes, garnering votes, pulling in votes	
重き	おもき	importance, emphasis, stress	
重加算税	じゅうかさんぜい	heavy additional tax(ation)	
重層	じゅうそう	multistoried, multilayered	
重度	じゅうど	severe (illness, disability, etc.), serious	
出走	しゅっそう	entry in a race	
取りまとめる	とりまとめる	to collect, to gather, to compile, to assemble	
手引書	てびきしょ	handbook, manual, guide, primer	
酒店	さかだな	liquor store, off-licence, bottle shop	
アルツハイマー	アルツハイマー	Alzheimer (disease)	
ダンピング	ダンピング	dumping	
ノンバンク	ノンバンク	nonbank banking	
利比亜	リビア	Libya	
古紙	こし	used paper, paper for recycling	
お昼	おひる	lunch	
将兵	しょうへい	officers and men	
消化器	しょうかき	digestive organ	
職種	しょくしゅ	type of occupation, occupational category	
省力	しょうりょく	labor saving, reduction of labor	
小冊子	しょうさっし	booklet, pamphlet	
所蔵	しょぞう	(in one's) possession	
粗鋼	そこう	crude steel	
大病	たいびょう	serious illness, dangerous disease	
大綱	たいこう	fundamental principles, main lines	
太子	たいし	crown prince	
太陽系	たいようけい	solar system	
炭田	たんでん	coalfield, coal field	
底辺	ていへん	base (of a polygon)	
底流	ていりゅう	undercurrent	
当地	とうち	this place, here	
初陣	ういじん	one's first campaign, one's first battle	
生みの親	うみのおや	biological parent	
売上高	うりあげだか	sales, amount sold, proceeds	
洋上	ようじょう	on the sea, on the ocean, offshore	
要衝	ようしょう	important point, strategic position, key point	
有力者	ゆうりょくしゃ	influential person, man of importance	
郵政	ゆうせい	postal system	
増益	ぞうえき	increased (profit)	
待合	まちあい	rendezvous, meeting, assignation	
環境保護	かんきょうほご	environmental protection	
和議	わぎ	peace conference, peace negotiations	
帰休	ききゅう	leave, furlough	
血液検査	けつえきけんさ	blood test, hemanalysis	
無投票	むとうひょう	without a vote	
無形文化財	むけいぶんかざい	intangible cultural asset	
無利子	むりし	(earning or paying) no interest	
無免許	むめんきょ	unlicensed, without a license (licence)	
無所属	むしょぞく	independent (esp. in politics), non-partisan	
無重量	むじゅうりょう	weightlessness, zero gravity	
無記名	むきめい	unsigned, unregistered	
無得点	むとくてん	scoreless (game or competition)	
無期	むき	indefinite, unlimited	
無量	むりょう	immeasurable, infinite, inestimable	
無策	むさく	lack of policy, having no measures, lacking means	
無資格	むしかく	unqualified, unlicensed, uncertified	
馬券	ばけん	betting ticket, betting slip	
馬場	ばば	riding ground, racecourse, racetrack	
明文化	めいぶんか	stipulation, stating clearly, documenting in writing, stating explicitly	
明け暮れ	あけくれ	morning and evening, daily routine	
空き家	あきや	vacant house, unoccupied house	
空域	くういき	airspace	
公序良俗	こうじょりょうぞく	public order and morals, social standards, public policy	
後の祭り	あとのまつり	a day after the fair, (at a) stage when it's too late	
発言権	はつげんけん	right to speak	
発案	はつあん	suggestion, proposition, proposal, idea	
発給	はっきゅう	issuance (e.g. of a passport), issuing	
八重	やえ	multilayered, doubled	
金星	きんぼし	dazzling victory	
通信社	つうしんしゃ	news agency	
同率	どうりつ	the same ratio or percentage	
筒井	つつい	round well	
読みにくい	よみにくい	hard to read, illegible	
噴煙	ふんえん	(eruption of) smoke	
配り物	くばりもの	present, gift	
配球	はいきゅう	combination of (varied) pitches, serves, etc.	
補正予算	ほせいよさん	revised budget, supplementary budget	
歩み寄り	あゆみより	compromise, concession	
独立国	どくりつこく	independent state, independent nation	
株式市場	かぶしきしじょう	stock market	
闘病	とうびょう	fighting against an illness	
投票所	とうひょうしょ	polling place, polling station	
投票箱	とうひょうばこ	ballot box	
投資信託	とうししんたく	investment trust, mutual fund	
投融資	とうゆうし	investment and lending	
５０	ごじゅう	fifty, 50	
逆手	ぎゃくて	underhand grip (e.g. in gymnastics, etc.)	
お負け	おまけ	something thrown in (with a purchase), something extra, free gift, freebie, giveaway, premium, prize	
油彩	ゆさい	oil painting	
狩場	かりば	hunting ground, hunting preserve	
受益	じゅえき	benefitting by, benefiting by	
冬場	ふゆば	wintertime, winter season	
手取り	てとり	talented wrestler	
存廃	そんぱい	maintenance or abolition (of a system, institution, etc.), existence	
都市計画	としけいかく	city planning, urban planning, town planning	
都政	とせい	metropolitan government (of Tokyo)	
都営	とえい	(under) metropolitan government management	
書記局	しょききょく	secretariat	
書記官	しょきかん	secretary	
土俵際	どひょうぎわ	edge of the ring	
社会的	しゃかいてき	social, societal, societary	
碑	いしぶみ	stone monument bearing an inscription (esp. memorial for future generations), stele, stela	
石材	せきざい	(building) stone	
石器	せっき	stone implement (e.g. stone age arrowheads), stone tool	
党務	とうむ	party business	
専守防衛	せんしゅぼうえい	nonaggressive defense (policy) (defence)	
専門医	せんもんい	(medical) specialist	
専門学校	せんもんがっこう	vocational school, technical school	
専従	せんじゅう	working exclusively for, working full-time (for)	
団塊	だんかい	mass, lump, clod, clump	
転移	てんい	moving (location, with the times, etc.), change, transition	
転々	てんてん	moving from place to place, being passed around repeatedly	
転戦	てんせん	moving from one battlefield to another, fighting on successive fronts, fighting in various battles	
端末機	たんまつき	terminal (unit)	
断熱	だんねつ	insulation	
身動き	みうごき	movement (of one's body), moving about, stirring	
勝因	しょういん	cause of victory, reason for (one's) success	
勝ち負け	かちまけ	victory or defeat, victory and defeat	
勝ち星	かちぼし	(mark indicating) a win	
勝率	しょうりつ	winning percentage	
症例	しょうれい	case	
取り立て	とりたて	collection (of a debt, rent, taxes, etc.), dunning, exaction	
取り計らい	とりはからい	arrangement	
取り決める	とりきめる	to agree, to decide upon, to enter into (a contract)	
総当たり	そうあたり	round robin	
総動員	そうどういん	general mobilization, full mobilization	
数十	すうじゅう	dozens, scores of, decades	
数万	すうまん	tens of thousands	
数次	すうじ	several times	
走塁	そうるい	base running	
送球	そうきゅう	throw	
方法論	ほうほうろん	methodology	
防弾	ぼうだん	bulletproof, bombproof	
防衛庁	ぼうえいちょう	Japan Defense Agency (became Ministry of Defense in January 2007)	
防衛施設庁	ぼうえいしせつちょう	(Japanese) Defense Facilities Administration Agency (Defence)	
防護	ぼうご	protection	
訪欧	ほうおう	visit to Europe, visiting Europe	
訪問者	ほうもんしゃ	visitor	
病理	びょうり	pathology	
１８０度	ひゃくはちじゅうど	180 degrees	
野中	のなか	in the middle of a field	
野手	やしゅ	fielder	
野末	のずえ	corners of a field	
野合	やごう	illicit union, collusion	
預かり証	あずかりしょう	claim check, baggage check, luggage check, deposit receipt	
推理小説	すいりしょうせつ	mystery novel, detective novel, whodunit	
春場所	はるばしょ	Spring Tournament (held in Osaka in March)	
対症療法	たいしょうりょうほう	symptomatic therapy	
対照的	たいしょうてき	contrastive	
対論	たいろん	arguing face to face	
建築士	けんちくし	authorized architect and builder, licensed architect, registered architect	
建築物	けんちくぶつ	building, structure	
見たところ	みたところ	judging from appearances, to all appearances, from the looks of it, on the face of it, apparently, seemingly	
現代的	げんだいてき	modernistic	
研究家	けんきゅうか	researcher, student (of)	
遣り甲斐	やりがい	value in doing something, feeling that something is worth doing, rewarding feeling, sense of satisfaction	
築地	ついじ	mud wall with a roof, roofed mud wall	
居住者	きょじゅうしゃ	resident, inhabitant	
仮題	かだい	tentative title	
拡大均衡	かくだいきんこう	an expanded or expanding equilibrium	
新生児	しんせいじ	newborn baby	
新田	しんでん	new rice field, newly developed rice field	
新法	しんぽう	new law	
新派	しんぱ	new school (of thought, etc.)	
新品	しんぴん	brand-new article, new item	
新政	しんせい	new government, new administration	
新書	しんしょ	new book	
新進	しんしん	rising, up-and-coming	
新劇	しんげき	shingeki, new drama (movement), form of Japanese theater developed towards the end of the Meiji period inspired by modern Western theater	
新薬	しんやく	new medicine, new drug	
親交	しんこう	intimacy, friendship, friendly relations	
親書	しんしょ	official letter (from the Emperor, Prime Minister, etc.), personal message	
最終的	さいしゅうてき	final, eventual, ultimate	
切り下げ	きりさげ	devaluation (e.g. of currency), markdown, write-down, undercutting	
切り捨て	きりすて	cutting a person down (without a second thought), sacrificing, throwing to the wolves, treating as sword fodder	
絶対的	ぜったいてき	absolute	
絶賛	ぜっさん	high praise, great admiration, acclaim	
節目	ふしめ	turning point, critical juncture	
物別れ	ものわかれ	failure to reach agreement	
物価指数	ぶっかしすう	price index	
物質的	ぶっしつてき	material, physical	
文化人	ぶんかじん	person of culture, cultured person	
文化庁	ぶんかちょう	Agency for Cultural Affairs	
文化勲章	ぶんかくんしょう	Order of Culture (Japan), Order of Cultural Merit (South Korea)	
文様	もんよう	pattern, design	
米倉	こめぐら	rice granary	
微動	びどう	slight movement, slight tremor, quiver	
火口	ひぐち	burner, nozzle, origin of a fire	
門下	もんか	one's pupil, one's student, one's follower	
門前	もんぜん	before the gate, in front of the gate	
門前払い	もんぜんばらい	turning someone away (at the front door), refusing a visitor, shutting the door in someone's face, refusal of admission	
美意識	びいしき	sense of beauty, aesthetic sense	
一二	いちに	the first and second, a few	
一人っ子	ひとりっこ	(an) only child	
一途	いちず	single-minded, intent, determined, wholehearted, earnest, devoted (to)	
豊胸	ほうきょう	full breasts, ample breasts	
縫製	ほうせい	sewing (by machine)	
封じ手	ふうじて	sealed move, next move written down and kept sealed in an envelope until the game is resumed the following day	
二期	にき	two periods, two terms	
日本一	にほんいち	Japan's best, number one in Japan	
日本料理	にほんりょうり	Japanese cooking, Japanese cuisine	
日の目	ひのめ	sunlight	
日焼け止め	ひやけどめ	sunscreen, sunblock, sun cream, suntan lotion	
人間国宝	にんげんこくほう	living national treasure	
人間像	にんげんぞう	image of (an ideal) person	
人権擁護	じんけんようご	protection of human rights	
年中無休	ねんじゅうむきゅう	open every day of the year, open year-round, operating 365 days a year	
年率	ねんりつ	annual rate (of interest)	
必須条件	ひっすじょうけん	essential condition	
密約	みつやく	secret agreement	
編著	へんちょ	compilation	
番手	ばんて	(yarn) count	
板門店	パンムンジョム	Panmunjom (Korea), Panmunjeom, Joint Security Area (Korean Demilitarized Zone)	
治療法	ちりょうほう	method of treatment, cure, remedy	
試験的	しけんてき	experimental, provisional	
題字	だいじ	title lettering	
適齢	てきれい	suitable age	
敵失	てきしつ	error made by the enemy or opposing team	
敵国	てきこく	enemy nation	
正念場	しょうねんば	critical moment, do-or-die situation, critical juncture	
政庁	せいちょう	government office	
政争	せいそう	political strife	
政治犯	せいじはん	political offense, political offence, political crime	
政党政治	せいとうせいじ	party politics	
政教	せいきょう	religion and politics, church and state	
政務	せいむ	government affairs	
政務次官	せいむじかん	deputy minister, assistant minister	
役回り	やくまわり	role, part, job, assignment	
循環器	じゅんかんき	circulatory organ	
沿海州	えんかいしゅう	Primorskaya Oblast (Russia)	
船出	ふなで	setting sail, putting out to sea	
船体	せんたい	hull	
船籍	せんせき	ship's nationality, ship's country of registration	
水口	みずぐち	spout	
水利	すいり	utilization of water, water supply, irrigation	
水系	すいけい	water system, river system, drainage system	
水産庁	すいさんちょう	(Japanese) Fisheries Agency	
水量	すいりょう	quantity or volume of water	
水質	すいしつ	water quality	
論告	ろんこく	prosecutor's closing argument	
副知事	ふくちじ	vice-governor, deputy governor, lieutenant governor	
財務官	ざいむかん	finance official	
在りし日	ありしひ	past days, bygone days, days of yore, the olden days	
超音波	ちょうおんぱ	ultrasonic waves, ultrasound	
超党派	ちょうとうは	suprapartisan, multiparty, bipartisan, nonpartisan	
超伝導	ちょうでんどう	superconductivity, super-conductivity	
消防庁	しょうぼうちょう	Fire and Disaster Management Agency	
消費財	しょうひざい	consumer goods	
小手先	こてさき	tip of the hand, (use of) one's hands	
小児病	しょうにびょう	childhood diseases	
小刻み	こきざみ	mincing, chopping finely	
小差	しょうさ	slight difference, narrow margin	
踏み絵	ふみえ	fumi-e, fumie, tablet bearing Christian images, on which Edo-period authorities forced suspected Christians to trample	
有事	ゆうじ	emergency	
有りがち	ありがち	common, frequent	
国民的	こくみんてき	national (e.g. hero, pastime, consensus), relevant to all citizens, popular on a national level	
過失致死	かしつちし	involuntary manslaughter, accidental homicide, negligent homicide	
飽くまでも	あくまでも	to the end, to the bitter end, to the last, stubbornly, persistently, consistently, to the utmost	
浮動票	ふどうひょう	swing vote	
相まって	あいまって	coupled with, together	
相続税	そうぞくぜい	inheritance tax, death duty	
相関関係	そうかんかんけい	correlation, interrelation, intertwining	
相談役	そうだんやく	counselor, counsellor, adviser, advisor	
相談所	そうだんじょ	consultation office, information center, bureau, agency	
想像力	そうぞうりょく	(power of) imagination	
青山	せいざん	lush mountain, green mountain	
青木	あおき	Japanese laurel (Aucuba japonica), spotted laurel	
青年団	せいねんだん	young persons' association	
青写真	あおじゃしん	blueprint, cyanotype	
青梅	あおうめ	unripe plum	
青雲	せいうん	blue sky	
情報化社会	じょうほうかしゃかい	information society	
情報産業	じょうほうさんぎょう	information industry	
情報部	じょうほうぶ	information bureau, intelligence department	
静養	せいよう	(convalescent) rest	
浄土真宗	じょうどしんしゅう	Jōdo Shinshū (offshoot of the Jōdo sect), True Pure Land School	
精神的	せいしんてき	mental, spiritual, emotional	
精神障害	せいしんしょうがい	mental disorder, mental disability, mental illness	
精彩	せいさい	brilliance, luster, lustre, colorfulness, colourfulness	
請求権	せいきゅうけん	claim rights	
請負	うけおい	contract (for work), contracting, undertaking	
請託	せいたく	solicitation	
壁面	へきめん	surface of a wall	
避難民	ひなんみん	evacuees, displaced persons, refugees	
平幕	ひらまく	rank-and-file wrestlers in the highest division	
平壌	ピョンヤン	Pyongyang (North Korea)	
評伝	ひょうでん	critical biography	
民間放送	みんかんほうそう	commercial broadcasting	
買い入れ	かいいれ	buying, purchasing, laying in	
買い上げ	かいあげ	buying, purchasing, procurement	
買い付け	かいつけ	buying (in large quantities), (wholesale) purchase, buying in	
買い控え	かいびかえ	restrained buying	
買い得	かいどく	bargain, good buy	
売上金	うりあげきん	proceeds (from a sale), takings	
鳴門	なると	strait with a roaring tidal ebb and flow, whirlpool, maelstrom	
滞在中	たいざいちゅう	during a stay	
世界中	せかいじゅう	around the world, throughout the world	
産別	さんべつ	industrial union	
山形	やまがた	Yamagata (city, prefecture)	
山村	さんそん	mountain village	
冷夏	れいか	cool summer, cold summer, cooler-than-normal summer	
隣室	りんしつ	next or adjoining room	
利上げ	りあげ	increase in interest rates	
利下げ	りさげ	decrease in interest rates	
利便	りべん	convenience	
利害関係	りがいかんけい	interests, stake	
底入れ	そこいれ	bottoming out (of prices)	
第一義	だいいちぎ	primary significance, primary importance, first principle	
第一線	だいいっせん	the front (of a battlefield), forefront	
第二次世界大戦	だいにじせかいたいせん	Second World War (1939-1945), World War II, WWII, WW2	
第三国	だいさんごく	a third country	
意識的	いしきてき	conscious, deliberate, intentional	
臆病者	おくびょうもの	coward, wimp	
教育的	きょういくてき	educational, instructive	
女学校	じょがっこう	girls' school	
桑原	くわばら	mulberry field	
地中	ちちゅう	in the ground, in the earth, underground, subterranean	
地中海	ちちゅうかい	Mediterranean Sea	
地方分権	ちほうぶんけん	decentralization of power, decentralisation of power	
地方公務員	ちほうこうむいん	local government employee, local civil servant	
地方行政	ちほうぎょうせい	local administration	
地方自治	ちほうじち	local (governmental) autonomy	
地方自治体	ちほうじちたい	local authority, local government, locality, local self-governing body, municipality	
地方税	ちほうぜい	local tax, council tax	
地方議会	ちほうぎかい	local assembly	
地合い	じあい	texture (cloth, fabric, paper)	
地域社会	ちいきしゃかい	regional community	
成人病	せいじんびょう	disease common in middle-aged and elderly people, lifestyle disease	
成約	せいやく	conclusion of a contract	
成案	せいあん	definite plan	
城内	じょうない	inside of a castle	
電源開発	でんげんかいはつ	development of electrical power resources	
引揚者	ひきあげしゃ	returnee (esp. Japanese person repatriated to Japan proper from its former colonies after WWII), repatriate	
先送り	さきおくり	putting off (doing), postponement, delaying	
西日本	にしにほん	western Japan (usu. Chūbu region and westward)	
西班牙	スペイン	Spain	
４０００	よんせん	four thousand, 4,000	
四百	よんひゃく	400, four hundred	
継続的	けいぞくてき	continuous	
持ち帰り	もちかえり	takeout (food), take-out, takeaway, carry-out, to-go	
持続的	じぞくてき	continuous, sustained, sustainable, durable, persistent	
市議会	しぎかい	city council	
得失	とくしつ	advantages and disadvantages, plus and minuses	
得々	とくとく	triumphantly, proudly	
虫除け	むしよけ	insecticide, insect repellent	
あれ程	あれほど	to that extent	
被疑者	ひぎしゃ	suspect	
増水	ぞうすい	rising water (of river, lake, etc.), swelling water, increased water, high water	
増発	ぞうはつ	increasing the number (of trains, planes, etc.) in operation	
増額	ぞうがく	increase (in an amount of money)	
字詰め	じづめ	number of characters per line, page, etc.	
海上保安庁	かいじょうほあんちょう	Japan Coast Guard, JCG	
海外旅行	かいがいりょこう	trip abroad, overseas travel	
場外	じょうがい	outside the hall (or stadium, market, etc.), off the grounds, off the premises, off-track	
上乗せ	うわのせ	adding (an extra amount), increasing, tacking on (a charge)	
上期	かみき	first half of the (fiscal) year	
商学	しょうがく	commercial science	
商戦	しょうせん	sales battle, business competition	
露西亜	ロシア	Russia	
打力	だりょく	batting power	
打ち合い	うちあい	exchange of blows, long rally	
打点	だてん	runs batted in, RBI	
打球	だきゅう	hitting (a ball with a bat, racket, golf club, etc.), batting, batted ball, struck ball	
打順	だじゅん	batting order, batting line-up	
町役場	まちやくば	town hall	
町議会	ちょうぎかい	town council	
定率	ていりつ	fixed rate	
定期的	ていきてき	periodic, regular, routine	
定期預金	ていきよきん	term deposit, (fixed) time deposit	
積み重ね	つみかさね	pile, accumulation	
積ん読	つんどく	buying books and not reading them, stockpiling books, tsundoku	
退団	たいだん	leaving (a group, team, etc.)	
鉄工	てっこう	ironworking, ironworker	
金槌	かなづち	hammer	
近代詩	きんだいし	modern poetry, modern-style poetry	
連名	れんめい	joint signature	
連投	れんとう	pitching in consecutive games	
連関	れんかん	connection, relation, linkage	
絵とき	えとき	explanation of a picture	
球威	きゅうい	(pitcher's) stuff	
球界	きゅうかい	the baseball world	
当たり役	あたりやく	successful role	
当落	とうらく	result (of an election), success or defeat (in an election)	
当確	とうかく	projected to win, sure to be elected, home free	
賞牌	しょうはい	medal	
製油所	せいゆじょ	oil refinery	
製鉄所	せいてつじょ	ironworks, steelworks	
大山	たいざん	great mountain, large mountain	
大同	だいどう	general resemblance, being largely the same	
大当たり	おおあたり	great success, big hit, smash hit, winner	
大回転	だいかいてん	giant slalom	
大成	たいせい	completion, accomplishment, attainment of greatness or success	
大自然	だいしぜん	nature, Mother Nature	
大役	たいやく	important task, important role, great duty, important mission	
大師	だいし	great teacher (i.e. a buddha, bodhisattva or high monk, esp. Kobo Daishi)	
大破	たいは	serious damage, heavy damage, being wrecked	
大時代	おおじだい	old-fashioned, antiquated, anachronistic	
大野	おおの	large field	
大動脈	だいどうみゃく	aorta	
大船	おおぶね	large boat	
大敗	たいはい	crushing defeat	
大道	だいどう	main street, avenue	
大義	たいぎ	great cause, moral law, justice	
大腸菌	だいちょうきん	Escherichia coli (E. coli)	
大詰め	おおづめ	final scene, the end, finale	
大震災	だいしんさい	great earthquake (disaster), highly destructive earthquake	
太平洋戦争	たいへいようせんそう	Pacific War (1941-1945)	
太り肉	ふとりじし	corpulent, fat, chubby	
太陽電池	たいようでんち	solar cell	
多発	たはつ	repeated occurrence, frequently occurring	
直接選挙	ちょくせつせんきょ	direct election	
置き去り	おきざり	leaving behind, desertion, abandonment	
特別区	とくべつく	special ward, administrative subdivision of a prefecture that has a directly elected mayor and assembly	
特捜	とくそう	special investigation	
特許庁	とっきょちょう	Patent Office, Patent Agency	
特選	とくせん	special selection, special approval	
押し入り	おしいり	breaking into, burglar	
気味	ぎみ	-like, -looking, -looked, tending to ...	
入れ替え	いれかえ	replacement, substitution, change	
内閣法制局	ないかくほうせいきょく	Cabinet Legislation Bureau	
納金	のうきん	payment	
南北問題	なんぼくもんだい	North-South problem	
寝泊まり	ねとまり	staying the night, lodging (at)	
心理的	しんりてき	psychological, mental	
心意気	こころいき	spirit, determination, pluck, mettle	
心臓病	しんぞうびょう	heart disease, heart trouble, cardiopathy	
養父母	ようふぼ	adoptive parents	
養老	ようろう	making provision for the elderly, making provision for one's old age	
様変わり	さまがわり	changing completely, transformation	
象徴的	しょうちょうてき	symbolic, symbolical	
記録的	きろくてき	record, record-setting, record-breaking	
起き上がりこぼし	おきあがりこぼし	tumbler, self-righting doll	
里親	さとおや	foster parent, foster parents	
鳥獣	ちょうじゅう	birds and wild animals, wildlife	
薬害	やくがい	harmful side effects of a medicine or drug	
爆音	ばくおん	(sound of an) explosion or detonation, roar (of a machine)	
長雨	ながあめ	long spell of rain	
長屋	ながや	tenement house, row house	
常任委員会	じょうにんいいんかい	standing committee	
常勤	じょうきん	full-time employment	
常識的	じょうしきてき	ordinary, sensible, commonplace	
初年	しょねん	first year, early years (of a reign or era)	
奨学	しょうがく	encouragement to study	
競技場	きょうぎじょう	stadium, (sports) ground, (playing) field, arena	
知識人	ちしきじん	intellectual	
聴聞	ちょうもん	listening, hearing	
聖地	せいち	sacred place, holy ground, the Holy Land	
支配的	しはいてき	dominant, ruling	
戦中	せんちゅう	during the war	
戦友	せんゆう	comrade in arms, war buddy, fellow soldier	
戦法	せんぽう	tactics, strategy	
戦費	せんぴ	war expenditures	
壇上	だんじょう	on a stage, on a platform, on an altar	
点差	てんさ	point spread, point difference	
点訳	てんやく	translating into Braille	
添乗	てんじょう	accompanying (on a trip), escorting (a tour group)	
法文	ほうぶん	text of the law	
法治国	ほうちこく	constitutional state	
法相	ほうしょう	Minister of Justice	
目の前	めのまえ	before one's eyes, in front of one, under one's nose	
高等教育	こうとうきょういく	higher education, tertiary education	
高瀬	たかせ	shallow river, shallows	
漫画家	まんがか	cartoonist, comic book artist, manga artist, manga author, mangaka	
千島列島	ちしまれっとう	Kurile Islands	
信用金庫	しんようきんこ	credit union	
進攻	しんこう	attack, drive, advance, invasion	
三年	さんねん	three years	
三冠馬	さんかんば	winner of Japan's three main horse races	
臨海	りんかい	coastal, seaside, oceanfront, maritime	
耐久性	たいきゅうせい	durability	
耐性	たいせい	resistance (to heat, corrosion, etc.), tolerance (to a drug, pain, etc.)	
草刈り	くさかり	mowing, mower	
造反	ぞうはん	rebellion	
繰り出し梯子	くりだしはしご	extension ladder, aerial ladder	
葬祭	そうさい	funerals and ceremonial occasions	
離着陸	りちゃくりく	takeoff and landing	
離職	りしょく	employment separation, leaving one's job, losing one's job	
乱売	らんばい	selling at a fire-sale price, clearance sale, dumping	
乱調	らんちょう	confusion	
本山	ほんざん	head temple	
本予算	ほんよさん	main budget	
本件	ほんけん	this matter, this case	
本因坊	ほんいんぼう	Hon'inbō, Honinbo, grandmaster	
本質的	ほんしつてき	essential, substantial, substantive, intrinsic	
問題意識	もんだいいしき	awareness of the issues, (having a) critical mind, concerns	
聞き書き	ききがき	writing down what one hears, account of what one hears	
竜王	りゅうおう	Dragon King	
陸海	りくかい	land and sea	
６０	ろくじゅう	sixty, 60	
全会	ぜんかい	whole assembly	
全学	ぜんがく	whole college	
選手村	せんしゅむら	Olympic village, athlete's village	
選挙人	せんきょにん	voter, constituent, elector	
選挙運動	せんきょうんどう	election campaign, political campaign, campaigning, electioneering, canvassing	
福助	ふくすけ	large-headed dwarf statue, bringer of good luck	
福利厚生	ふくりこうせい	employee welfare, employee benefits, fringe benefits	
遊歩	ゆうほ	walk, promenade	
農地改革	のうちかいかく	agrarian reform	
農作物	のうさくぶつ	crops, agricultural produce	
農法	のうほう	farming methods	
農相	のうしょう	Minister of Agriculture	
農業協同組合	のうぎょうきょうどうくみあい	agricultural cooperative	
肉体的	にくたいてき	bodily, physical, corporeal	
復員	ふくいん	demobilization, demobilisation, repatriation	
復党	ふくとう	rejoining a political party	
報奨金	ほうしょうきん	cash bonus, reward, bounty	
赤松	あかまつ	Japanese red pine (Pinus densiflora), Japanese umbrella pine, tanyosho pine	
生命力	せいめいりょく	vitality, (one's) life force	
生き残り	いきのこり	survival	
生き埋め	いきうめ	burying alive	
警報器	けいほうき	alarm (fire, burglar, railroad-crossing, etc.), sensor	
振り付け	ふりつけ	choreography, dance composition, dance coaching	
探し物	さがしもの	looking for something, searching for something	
痩身	そうしん	slim figure, slender body	
休館	きゅうかん	closure (of a library, museum, etc.)	
要人	ようじん	important person	
要職	ようしょく	important post, important office, key position	
前倒し	まえだおし	moving forward (e.g. plans), acceleration (e.g. of payment schedule), front-loading	
立ち上がり	たちあがり	start, beginning, build up	
立会い	たちあい	presence (e.g. of an observer), observation, observer, witness	
立地	りっち	choosing a site (e.g. for industry), deciding on a location	
立体的	りったいてき	three-dimensional	
立ち往生	たちおうじょう	being brought to a standstill, being stranded, getting stuck, stalling, deadlock	
立国	りっこく	founding of a nation	
立ち退き	たちのき	eviction	
立ち消え	たちぎえ	going out (before burning completely), dying out	
林野	りんや	forests and fields	
林野庁	りんやちょう	Forestry Agency	
食べ歩き	たべあるき	trying the food at various restaurants, eating tour	
食糧庁	しょくりょうちょう	food agency	
留置場	りゅうちじょう	police cell, place of detention, jail	
老女	ろうじょ	elderly woman	
白内障	はくないしょう	cataract	
白地	しろじ	white background	
白星	しろぼし	white circle, white star	
白馬	はくば	white horse	
白熊	しろくま	polar bear (Ursus maritimus)	
軟禁	なんきん	house arrest	
染色体	せんしょくたい	chromosome	
風物詩	ふうぶつし	feature of the season, something characteristic of a particular season	
早乙女	さおとめ	young female rice planter, young girl	
牛丼	ぎゅうどん	gyudon, rice covered with sliced beef, usu. with fried onion	
琢磨	たくま	polish (jewels), cultivation	
枠外	わくがい	(beyond the) limits, scope, boundary	
見入る	みいる	to gaze (at), to stare intently (at), to look fixedly (at), to fix one's eyes (on)	
追い上げる	おいあげる	to gain on, to put pressure on, to close in on	
相手取る	あいてどる	to challenge (esp. in a lawsuit), to take on an opponent (in negotiations, contest, etc.)	
怒鳴り込む	どなりこむ	to storm in with a yell	
洗い上げる	あらいあげる	to finish washing, to wash well, to investigate thoroughly	
逃げ切る	にげきる	to make good one's escape, to get away, to outrun	
思いやる	おもいやる	to sympathize with, to sympathise with, to feel for, to be considerate of, to show consideration for, to bear in mind	
収まり	おさまり	conclusion, end, settlement	
衰え	おとろえ	weakening, emaciation, decline	
訪れ	おとずれ	visit, call	
先住	せんじゅう	original inhabitant, aboriginal	
締め	しめ	tying up, binding, fastening, tightening	
示し	しめし	lesson, discipline, example (e.g. set a bad example)	
心から	こころから	from the bottom of one's heart, heartily, sincerely	
真の	しんの	true, real, genuine, proper, utter	
染め	そめ	dyeing, printing	
透かさず	すかさず	without a moment's delay, at once, immediately, instantly, promptly, without hesitation	
体勢	たいせい	posture, position, stance	
短期間	たんきかん	short term, short time	
定休	ていきゅう	regular holiday, fixed day off, regular closing day	
就いて	ついて	about, concerning, as to, regarding	
通じ	つうじ	(bowel) movement, evacuation, defecation	
生み	うみ	birth, giving birth	
売り	うり	sale, selling	
渡し	わたし	ferry (crossing), ferry(boat)	
余儀ない	よぎない	unavoidable, inevitable, beyond one's control	
装い	よそおい	dress, outfit, equipment, makeup, adornment, guise, get-up	
揺さぶり	ゆさぶり	shaking, jolting	
湧水	ゆうすい	welling of water, spring water, spring	
等々	とうとう	etc., et cetera, and so on	
誤って	あやまって	accidentally, in error, by mistake, by accident	
荒れ	あれ	stormy weather, tempest, chaps (of skin)	
意気盛ん	いきさかん	in high spirits	
憤り	いきどおり	resentment, indignation, anger	
多く	おおく	many, much, plenty, a lot	
大商い	おおあきない	heavy turnover (trading)	
大店	おおだな	large store	
折に触れて	おりにふれて	at every opportunity, whenever possible, whenever the occasion arises, from time to time, occasionally	
買い戻し	かいもどし	repurchase, redemption	
担ぎ	かつぎ	carrier	
金がない	かねがない	broke, poor, short, skint, having no money	
気の向くままに	きのむくままに	at one's fancy (whim)	
講和	こうわ	reconciliation (between warring nations), (making of) peace	
断らず	ことわらず	without permission	
細かく	こまかく	minutely, finely	
商品名	しょうひんめい	brand name, trade name, product name	
省エネルギー	しょうエネルギー	energy conservation, economical use of energy, energy-saving	
信金	しんきん	credit union	
身障者	しんしょうしゃ	(physically) disabled person, person with a physical disability	
授業中	じゅぎょうちゅう	while in class	
棲む	すむ	to live (of animals), to inhabit, to nest	
世界銀行	せかいぎんこう	World Bank	
世銀	せぎん	World Bank	
千九百年代	せんきゅうひゃくねんだい	the 1900s	
総務局	そうむきょく	General Affairs Bureau	
立ち入り	たちいり	entering, going into	
大歓迎	だいかんげい	big welcome, welcoming greatly, being very welcome	
奪三振	だつさんしん	striking a batter out	
中執	ちゅうしつ	Central Executive Committee	
付いてる	ついてる	to be lucky, to be in luck	
続き	つづき	continuation, rest (of the story, work, etc.), next installment, sequel	
定期便	ていきびん	regular service	
出	で	coming out, going out, outflow, efflux, rising (of the Sun or the Moon)	
通し	とおし	continuing from beginning to end, continuous run, consecutive run	
投信	とうしん	investment trust	
都議	とぎ	Metropolitan assemblyman	
整った	ととのった	well-ordered, in good order, well-featured, well-regulated	
泊まり	とまり	(overnight) stay, lodging	
同市	どうし	same city	
怒涛	どとう	surging waves, raging billows	
土日	どにち	weekend, Saturday and Sunday	
鳴り	なり	ringing, sound	
残った分	のこったぶん	amount left over, remaining portion	
励まし	はげまし	encouragement, cheering on	
払い戻し	はらいもどし	repayment, refund, payback	
飛車	ひしゃ	rook, hisha	
必死になって	ひっしになって	desperately, for one's dear life	
品位	ひんい	dignity, grace, nobility	
暇がない	ひまがない	busy, having no (free) time	
広まり	ひろまり	spread	
府警	ふけい	prefectural police (Osaka or Kyoto)	
訪中	ほうちゅう	visit to China	
ほんの少し	ほんのすこし	just a little	
本欄	ほんらん	this column	
見当たらない	みあたらない	not be found	
民社党	みんしゃとう	Democratic Socialist Party	
民放	みんぽう	commercial broadcast	
向かって左	むかってひだり	on the left as one faces (it)	
無死	むし	no outs	
蒸し	むし	steaming	
役に立たない	やくにたたない	of no avail, useless	
奴ら	やつら	they, those guys	
郵貯	ゆうちょ	postal (post-office) savings (deposit)	
輸銀	ゆぎん	import-export bank	
要は	ようは	in short, the point is, the important thing is, in a word, basically	
労相	ろうしょう	Labor Minister	
脆弱	ぜいじゃく	weak, frail, fragile	
断	だん	decision, judgment, resolution	
級	きゅう	(school) grade, year, class	
何の	どの	which, what (way)	
と言う	という	called, named, that says, that	
３０	さんじゅう	thirty, 30	
不	ふ	un-, non-	
文部科学省	もんぶかがくしょう	Ministry of Education, Culture, Sports, Science and Technology, MEXT	
エステサロン	エステサロン	beauty salon, beauty-treatment clinic	
キャラ	キャラ	(fictional) character	
看護師	かんごし	(hospital) nurse, registered nurse, RN	
連係プレー	れんけいプレー	(good) teamwork, team play	
だろう	だろう	seems, I think, I guess, I wonder, I hope	
阿弗利加	アフリカ	Africa	
織り	おり	weave, weaving, woven item	
詩	し	poem, poetry, verse	
ばらす	ばらす	to expose (a secret), to disclose, to reveal, to lay bare, to let out, to give away	
依存症	いぞんしょう	dependence (on alcohol, drugs, etc.)	
化学物質	かがくぶっしつ	chemical substance, chemical	
花火大会	はなびたいかい	fireworks display, display of fireworks	
環境問題	かんきょうもんだい	environmental problem, environmental issue	
勤務時間	きんむじかん	office hours, business hours, working hours	
公安委員会	こうあんいいんかい	public safety commission	
殺人事件	さつじんじけん	murder case	
自然環境	しぜんかんきょう	natural environment, (the) environment	
執行部	しっこうぶ	(the) executive, administration, leadership	
集中力	しゅうちゅうりょく	(powers of) concentration, ability to concentrate	
少数意見	しょうすういけん	minority opinion	
障害者	しょうがいしゃ	disabled person, person with a (physical or mental) disability	
新聞記事	しんぶんきじ	newspaper story (article, account)	
社民党	しゃみんとう	Social Democratic Party	
初戦	しょせん	first match (in a series)	
生息地	せいそくち	habitat, home (e.g. of the tiger)	
聖職者	せいしょくしゃ	clergyman, churchman, clergy	
製作費	せいさくひ	manufacturing cost, production cost	
地方公共団体	ちほうこうきょうだんたい	local public body, local government	
中心部	ちゅうしんぶ	central part, heart (of a city, etc.)	
直行便	ちょっこうびん	non-stop flight, direct flight	
通産相	つうさんしょう	Minister of International Trade and Industry	
提供者	ていきょうしゃ	donor, contributor, provider	
登録者	とうろくしゃ	registrant, subscriber, enrollee	
登録番号	とうろくばんごう	registration number	
都市部	としぶ	urban area, urban district	
投手戦	とうしゅせん	pitching duel, pitchers' battle	
道義的責任	どうぎてきせきにん	moral obligation	
日本学術会議	にほんがくじゅつかいぎ	Science Council of Japan	
日本銀行	にっぽんぎんこう	Bank of Japan, BOJ	
入館料	にゅうかんりょう	admission fee (for a museum, etc.)	
農学部	のうがくぶ	faculty of agriculture, school of agriculture, department of agriculture	
美術展	びじゅつてん	art exhibition	
文化遺産	ぶんかいさん	cultural heritage	
法律事務所	ほうりつじむしょ	law office, law firm	
満足感	まんぞくかん	feeling of satisfaction	
量販店	りょうはんてん	volume retailer, mass marketer, emporium	
錬金術師	れんきんじゅつし	alchemist	
労働基準法	ろうどうきじゅんほう	Labor Standards Act	
他	た	other (esp. people and abstract matters)	
紹介文	しょうかいぶん	introductory text, introductory essay	
貸出用	かしだしよう	circulation or lending (e.g. library books)	
頑張って	がんばって	do your best, go for it, hang in there, keep at it	
引き延ばし	ひきのばし	extension, prolongation	
街宣車	がいせんしゃ	sound truck (used for campaigning, advertising or propaganda), loudspeaker van, (right-wing) propaganda vehicle	
決まって	きまって	always, without fail, invariably, usually, regularly	
好んで	このんで	by (from) choice, by (for) preference, of one's own accord, of one's (own) free will, on purpose, deliberately, intentionally	
産油国	さんゆこく	oil-producing country	
重し	おもし	stone weight (as used on pickle-tub covers)	
初球	しょきゅう	pitcher's first pitch (to batter, or in the game)	
助け合い	たすけあい	cooperation, mutual aid (help)	
小選挙区	しょうせんきょく	small electoral district, single-member constituency	
振る舞い	ふるまい	behavior, behaviour, conduct	
新生活	しんせいかつ	new life, fresh start, new routine	
新卒	しんそつ	new graduate, recent graduate	
酔い	よい	drunkenness, intoxication	
送り出し	おくりだし	pushing (propelling) (one's opponent) out of the ring from behind	
人様	ひとさま	other people, others	
多め	おおめ	somewhat larger (amount), quite a lot, a little more (than usual), a little extra	
対極	たいきょく	antipodes	
単産	たんさん	(single-industry) industrial union	
短め	みじかめ	shortish, rather short, somewhat short	
二枚	にまい	two sheets (of paper or other flat objects)	
年商	ねんしょう	yearly (annual) turnover	
髪型	かみがた	hair style, coiffure, hairdo	
板ガラス	いたガラス	plate glass, sheet glass	
未だしも	まだしも	rather, better	
冷暖房	れいだんぼう	air conditioning and heating	
磯	いそ	(rocky) beach, seashore	
堰	せき	dam, weir, barrier, sluice	
応札	おうさつ	making a bid, tendering a bid	
学	がく	learning, scholarship, study, erudition, knowledge, education	
棺	かん	coffin, casket	
貫	かん	kan (obs. unit of weight, approx. 3.75 kg, 8.3 lb)	
願	がん	prayer, wish, vow	
漁	りょう	fishing, gathering seafood (e.g. clams, seaweed)	
菌	きん	fungus	
訓	くん	native Japanese reading of a Chinese character	
経	きょう	sutra, Buddhist scriptures	
軽	けい	light (e.g. aircraft, truck)	
芸	げい	art, craft, accomplishment, artistic skill, technique, performance	
決	けつ	decision, vote	
言	げん	word, remark, statement	
合	ごう	gō, traditional unit of volume, approx. 180 ml	
壕	ごう	moat, fosse, trench, ditch	
笹	ささ	bamboo grass, generally smaller species of running bamboo that do not shed their sheaths (e.g. Sasa spp.)	
賛	さん	praise, tribute	
痔	じ	hemorrhoids, piles	
柴	しば	brushwood, firewood	
宗	しゅう	sect, denomination	
集	しゅう	collection, compilation	
将	しょう	commander, general, leader	
食	しょく	food, foodstuff	
籍	せき	one's family register, one's domicile	
栓	せん	stopper, cork, plug, bung	
選	せん	selection, choice, choosing, picking, election	
祖	そ	ancestor, forefather, progenitor	
早	はや	already, now, by this time	
対地	たいち	towards the ground, with respect to the ground, ground (speed, attack, etc.)	
宙	ちゅう	space, air, midair	
著	ちょ	(written) work, book	
途	と	way, route	
灘	なだ	open sea	
汎	はん	pan-	
範	はん	example, model	
妃	ひ	princess, consort	
舞	まい	dancing, dance	
宝飾	ほうしょく	jewels and ornaments, jewelry, jewellery	
無	む	nothing, naught, nought, nil, zero	
紋	もん	(family) crest, coat of arms	
野山	のやま	hills and fields, hill and dale	
有りとあらゆる	ありとあらゆる	every conceivable, every single, every possible, all kinds of	
理	り	reason, principle, logic	
良	りょう	good (quality, condition, etc.)	
余儀なく	よぎなく	unavoidably, necessarily, inevitably	
ファイアウォール	ファイアウォール	firewall	
素案	そあん	rough plan, draft	
水道水	すいどうすい	tap water	
クラシック音楽	クラシックおんがく	classical music	
貴方	あんた	you	
内閣官房	ないかくかんぼう	Cabinet Secretariat	
内閣府	ないかくふ	Cabinet Office	
金融庁	きんゆうちょう	Financial Services Agency, FSA	
封じる	ふうじる	to seal (e.g. a letter)	
身につける	みにつける	to learn, to acquire knowledge	
村議会	そんぎかい	village assembly	
あれだけ	あれだけ	to that extent, to that degree, that much, that many	
豆知識	まめちしき	trivia, snippet of knowledge	
そう言えば	そういえば	now that you mention it, come to think of it, that reminds me, on that subject, speaking of which	
どうしようも無い	どうしようもない	it cannot be helped, there's nothing for it, it's no use fighting back, it's hopeless, there is no way out of it	
アラート	アラート	alert, warning	
気持ち悪い	きもちわるい	unpleasant, revolting, repulsive, gross, disgusting, disturbing, creepy	
損壊	そんかい	damage, destruction	
絞り込む	しぼりこむ	to squeeze, to wring out	
張り	ばり	in the style of (esp. literary, artistic, etc. works), reminiscent of	
食材	しょくざい	foodstuff, ingredient	
割と	わりと	comparatively, relatively, fairly, rather, pretty, unexpectedly	
題する	だいする	to be titled (e.g. a book), to be named	
コピペ	コピペ	copy-and-paste	
通年	つうねん	all year, year round	
米人	べいじん	American person	
お手数	おてすう	trouble, bother	
通販	つうはん	online shopping, e-commerce, mail order	
中高	ちゅうこう	middle and high school	
良き	よき	goodness	
健常者	けんじょうしゃ	person with no physical or mental disability, able-bodied person, non-disabled person	
四人	よにん	four people	
あいつ等	あいつら	they, those guys, those fellows	
ウェブサイト	ウェブサイト	website, web site	
開き	ひらき	opening, gap	
救急医療	きゅうきゅういりょう	emergency medicine	
小売価格	こうりかかく	retail price	
身代金要求	みのしろきんようきゅう	ransom demand	
水俣病	みなまたびょう	Minamata disease	
底打ち	そこうち	bottoming out	
天然ガス	てんねんガス	natural gas	
東京証券取引所	とうきょうしょうけんとりひきじょ	Tokyo Stock Exchange, TSE	
日本経済	にほんけいざい	Japanese economy	
不在者投票	ふざいしゃとうひょう	absentee ballot, absentee voting	
婦女暴行	ふじょぼうこう	sexual assault (of a woman), rape	
文具	ぶんぐ	stationery	
無党派層	むとうはそう	unaffiliated voters, floating voters, swinging voters	
待たす	またす	to keep (a person) waiting	
ううん	ううん	um, er, well	
取り方	とりかた	way of taking (e.g. photographs), manner of taking, how to take	
テイクアウト	テイクアウト	takeout (food), take-out, takeaway, carry-out	
下	もと	under (guidance, supervision, rules, the law, etc.)	
泰	タイ	Thailand	
飛び出し	とびだし	jumping out, running out (e.g. into the street), dashing out, springing out	
四本	よんほん	four (long cylindrical things)	
利かせる	きかせる	to bring out (the effect of), to put to good use, to make use of (e.g. threats), to use (e.g. intimidation), to take advantage of (e.g. one's influence), to season (with salt, etc.), to put in	
イケ面	イケメン	good-looking guy, handsome man, hunk, Adonis, cool guy	
散骨	さんこつ	scattering of ashes (cremated remains)	
もう一度	もういちど	once more, again	
やる気	やるき	will (to do something), drive, motivation, enthusiasm, eagerness	
何人	なにびと	anyone, any person, whoever	
解きほぐす	ときほぐす	to disentangle, to untangle, to unravel	
宛	ずつ	apiece, each	
間違いない	まちがいない	certain, sure, no doubt	
最年少	さいねんしょう	youngest	
お馴染み	おなじみ	familiar, well-known, regular (e.g. customer), favourite, favorite	
ぐるっと	ぐるっと	turning round, going around, turning about, rotating	
ずらり	ずらり	in a row, in a line	
せっせと	せっせと	diligently, assiduously, industriously, beavering away	
そう言った	そういった	like that, this type	
然うした	そうした	such	
そうですが	そうですが	that's so, however ...	
そうですね	そうですね	that's so, isn't it	
それにしても	それにしても	nevertheless, at any rate, even so, all things considered, be that as it may	
そんなに	そんなに	so much, so, like that	
だけれども	だけれども	but, however, although, though	
チラリ	チラリ	fleeting (glimpse, glance, etc.)	
でなければ	でなければ	without, but if, otherwise, or else	
中でも	なかでも	among (other things), especially, particularly, inter alia, above all (else)	
抜き	ぬき	leaving out, omitting, skipping, dispensing with	
働かせる	はたらかせる	to put someone to work, to make someone work	
お婆ちゃん	おばあちゃん	granny, grandma, gran	
婆ちゃん	ばあちゃん	granny, grandma, gran	
ひょっとしたら	ひょっとしたら	possibly, by some possibility, perhaps	
ゆったり	ゆったり	comfortable, easy, calm, relaxed	
グアテマラ共和国	グアテマラきょうわこく	Republic of Guatemala	
数少ない	かずすくない	few in number	
文句なし	もんくなし	undisputed, entirely, perfect	
追っかけ	おっかけ	chase, pursuit	
動き出す	うごきだす	to start to move, to get going, to come alive	
背もたれ	せもたれ	back (of a chair), backrest	
萌える	もえる	to burst into bud, to sprout	
ちゃう	ちゃう	to do completely	
ちゃう	ちゃう	no, that's wrong, it's not like that	
赤	あか	red, crimson, scarlet	
に渡って	にわたって	throughout, over a period of ..., over a span of ...	
飲み会	のみかい	drinking party, get-together (usu. involving alcoholic drinks)	
みたい	みたい	-like, sort of, similar to, resembling	
やった	やった	hooray, yay, whee, yowzer, whoopee, yes	
メールアドレス	メールアドレス	email address	
たい	たい	want to ... do something, would like to ...	
かい	かい	yes?, no?, isn't it?, is it?	
行ってきます	いってきます	I'm off, see you later	
常	つね	usual state of things	
時	じ	hour, o'clock	
ほっといて	ほっといて	back off!, leave me alone!	
ほっといてくれ	ほっといてくれ	back off!, leave me alone!	
摂る	とる	to have (e.g. lunch), to take (e.g. vitamins)	
番	ばん	number (in a series)	
又ね	またね	bye, see you later	
それより	それより	apart from that, other than that, leaving that aside, more importantly, more ... than that, but, however	
キッズ	キッズ	kids, children	
にしても	にしても	even if, even though, even granting (that)	
しか無い	しかない	having no choice but to ..., all one can do is ..., there's nothing to do except ...	
今すぐ	いますぐ	at once, immediately, right now	
では無いか	ではないか	isn't it?	
べきでは無い	べきではない	should not, must not	
何れ丈	どれだけ	how much, how many, to what extent	
マナーモード	マナーモード	silent profile (in cell phones), silent mode, vibrate mode	
旅行会社	りょこうがいしゃ	travel agent, travel agency	
は	は	indicates sentence topic	
が	が	indicates the subject of a sentence	
も	も	too, also, in addition, as well, (not) either (in a negative sentence)	
とは	とは	indicates word or phrase being defined	
や	や	such things as ..., and ... and	
か	か	indicates a question	
で	で	at, in	
に	に	at (place, time), in, on, during	
へ	へ	to, towards, for	
を	を	indicates direct object of action	
ものの	ものの	although, though, despite the fact that ...	
ば	ば	if ... then, when	
たら	たら	if, when, after	
たり	たり	-ing and -ing (e.g. "coming and going")	
なり	なり	or something, for instance ... (though there are other suitable options)	
ね	ね	right?, isn't it?, doesn't it?, don't you?, don't you think?	
よ	よ	hey, you	
わ	わ	indicates emotion or admiration	
な	な	don't	
さ	さ	-ness	
ぞ	ぞ	adds force or indicates command	
意思疎通	いしそつう	(reciprocal) communication, (coming to a) mutual understanding	
就活	しゅうかつ	job hunting, job searching	
にかけて	にかけて	till, to, over (a period), through (e.g. Monday through Thursday), about (approx. time or place), on	
でさえ	でさえ	even (e.g. even a child)	
鬱	うつ	depression, low spirits	
ユーズド	ユーズド	used (e.g. used car)	
お願い	おねがい	request, favour (to ask), wish	
美白	びはく	beautifully white (esp. of skin)	
丸まる	まるまる	to become rounded, to roll into a ball	
訳がない	わけがない	there is no way that ...	
ブログ	ブログ	blog	
ノルマ	ノルマ	(one's) quota, assignment	
機	き	chance, opportunity	
誰にも	だれにも	to anyone, to everyone	
まったり	まったり	rich (taste), full-bodied (flavour, flavor), mellow	
なりに	なりに	in one's own way or style	
オールスター	オールスター	all-star game	
勝手気まま	かってきまま	self-willed, (doing or saying things) to suit one's own convenience, oblivious to the convenience of others	
だが	だが	but, however, (and) yet, nevertheless, still, for all that	
インプラント	インプラント	implant (esp. dental)	
さえあれば	さえあれば	if only (you) have, as long as (you) have, whenever (you) have	
訳ではない	わけではない	it does not mean that ..., I don't mean that ..., it is not the case that ...	
スノーボード	スノーボード	snowboard, snowboarding	
何れか	いずれか	one (of), any (one of), either (of)	
付いてくる	ついてくる	to follow, to come along with one, to accompany	
何人か	なんにんか	some people, a number of people, several people, a few people	
兵	へい	(common) soldier, rank and file	
等	ら	pluralizing suffix	
間	かん	interval, period of time	
位	い	rank, place (e.g. first place)	
どれ位	どれくらい	how long, how far, how much	
だてらに	だてらに	in a way that is uncharacteristic of ..., in a way that is unbecoming to ..., in a way that is unbefitting of ..., despite one's position as ..., despite being ...	
いつも通り	いつもどおり	as always, as usual	
ガシガシ	ガシガシ	boisterously, roughly, briskly	
素	す	one's nature, one's feelings, oneself	
ふんわり	ふんわり	gently, airily, fluffily	
とは限らない	とはかぎらない	not necessarily so, is not always true, there is no guarantee that ..., there is no telling	
そこら辺	そこらへん	hereabouts, around there, that area	
シェイプ	シェイプ	shape	
予想以上	よそういじょう	more than expected	
ポートレート	ポートレート	portrait	
大学院生	だいがくいんせい	graduate student, postgraduate student	
世界遺産	せかいいさん	World Heritage (site)	
大阪	おおさか	Osaka (city, prefecture)	
羅馬	ローマ	Rome	
チーズケーキ	チーズケーキ	cheese cake	
チョキ	チョキ	scissors (in rock-paper-scissors)	
ノー	ノー	no	
両	りょう	both (hands, parents, sides, etc.)	
史	し	history	
大	おお	large, big, great, major, important, serious, heavy, loud	
大	だい	large, big, great, huge, vast, major, important, serious, severe	
日	にち	Sunday	
どうでも良い	どうでもいい	inconsequential, indifferent, not worth worrying about, trivial	
英	えい	United Kingdom, Britain	
小	しょう	smallness, small item	
中	じゅう	(all) through (e.g. the night), throughout (e.g. the year), all ... long	
認知症	にんちしょう	dementia	
っぽい	っぽい	-ish, -like	
ならない	ならない	cannot help (feeling), unbearably, awfully, irresistibly	
になると	になると	when it becomes, when it comes to	
然うすれば	そうすれば	if so, in that case, in that situation	
すれば	すれば	if so, in that case, in that situation	
おっと	おっと	uh-oh, oops, sorry	
拡張子	かくちょうし	file extension	
バファリン	バファリン	Bufferin (brand of buffered aspirin)	
年	ねん	year	
ああ	ああ	like that, so	
ああ言う	ああいう	that sort of, like that	
気触れ	かぶれ	rash, eruption (in response to a skin irritant)	
かまくら	かまくら	mid-January festival in northern Japan, with snow huts in which children play house	
かね	かね	interrogative sentence-ending particle expressing doubt	
し	し	and, besides, moreover, what's more, not only ... but also	
カ国	かこく	counter for countries	
って	って	you said, he said, she said, they said	
か如何か	かどうか	whether (or not), if	
お詫び	おわび	apology	
絶好調	ぜっこうちょう	in perfect form, going swimmingly	
のです	のです	the expectation is that ..., the reason is that ..., the fact is that ..., the explanation is that ..., it is that ...	
紛れもない	まぎれもない	unmistakable, evident, obvious, certain, beyond doubt	
日本初	にほんはつ	first (of its kind) in Japan	
行ってらっしゃい	いってらっしゃい	have a good day, take care, see you	
しないのではないか	しないのではないか	I think (something) won't (something), probably (something) isn't (something)	
だ	だ	be, is	
なんて	なんて	things like, something like, someone like, such a thing as, (the fact) that, to think that	
それはさておき	それはさておき	apart from that, to return to the topic, enough of that	
売れ筋	うれすじ	popular line (of products), best-selling line, hot sellers	
たる	たる	(those) who are, (that) which is, in the capacity of	
甲子園	こうしえん	Koshien Stadium (baseball park in Nishinomiya, Hyōgo Prefecture)	
こいつ等	こいつら	these guys, these fellows	
そうか	そうか	is that so?	
ひょっとして	ひょっとして	by any chance, (should) it happen (that), by some chance	
そぼろ	そぼろ	minced meat or fish that is seasoned and fried (usu. served on top of rice)	
だい	だい	is it?, isn't it?	
でも無い	でもない	is not ... either, is (neither ...) nor ..., nor is it ..., is not even ...	
までも無い	までもない	there is no need to ..., it should hardly be necessary to ...	
無くてはならない	なくてはならない	cannot do without something, indispensable, absolutely necessary	
でもある	でもある	to also be (implies that as well as the earlier stated this is also the case)	
誰にでも	だれにでも	anyone, anybody, everyone, whoever	
内	ない	within ..., inside ...	
靖国神社	やすくにじんじゃ	Yasukuni Shrine	
すっぽり	すっぽり	entirely, completely	
１００円ショップ	ひゃくえんショップ	hundred-yen store, dollar store	
今週末	こんしゅうまつ	this weekend	
かもしれん	かもしれん	may, might, perhaps, may be, possibly	
とすれば	とすれば	then, if so, if	
となれば	となれば	where ... is concerned, when it becomes, if it becomes	
となったら	となったら	where ... is concerned, when it becomes, if it becomes	
となる	となる	to become, to be	
ある意味で	あるいみで	in a sense, in some way, to an extent	
ある意味では	あるいみでは	in a sense, in some way, to an extent	
氏	し	Mr, Mrs, Ms, Miss	
顔を出す	かおをだす	to turn up, to make an appearance, to put in an appearance, to drop by	
ブチ切れ	ぶちぎれ	blowing one's top, losing it, flipping out	
ファンサイト	ファンサイト	fan site (website run by fans of a celebrity, TV show, etc.), fansite	
一番上	いちばんうえ	highest, uppermost, topmost, oldest, eldest	
責任を持つ	せきにんをもつ	to be responsible for, to bear the responsibility of	
何時に無く	いつになく	unusually, unwontedly, uncharacteristically	
性感帯	せいかんたい	erogenous zone	
それっぽい	それっぽい	(something) like that, that sort of, resembling	
お一人様	おひとりさま	one person, one customer	
その様	そのよう	that kind of, of the sort, of the kind, such	
質問をする	しつもんをする	to ask a question, to ask questions	
とく	とく	to do something in readiness for, to get something (needful) done	
あり得ない	ありえない	impossible	
二度と	にどと	never again	
揺らぎ	ゆらぎ	quiver, quaver, flutter	
デパ地下	デパちか	basement of a department store (where foodstuffs are usually sold)	
ネイチャー	ネイチャー	nature	
ネイル	ネイル	nail, fingernail	
できるだけ早く	できるだけはやく	as soon as possible	
お持て成し	おもてなし	hospitality, reception, treatment, service, entertainment	
対中	たいちゅう	relating to China	
旅行券	りょこうけん	travel voucher, travel coupon	
何を隠そう	なにをかくそう	to be frank with you, to tell you the truth, I'm going to lay my cards on the table	
平均的	へいきんてき	average, ordinary, normal	
１万	いちまん	10,000, ten thousand	
え	え	eh?, what?, oh?	
お節	おせち	osechi, food eaten during the New Year's Holidays	
たがる	たがる	to (seem) eager to, to want to, to be anxious to	
１００均	ひゃっきん	hundred-yen store, 100 yen shop	
世界各地	せかいかくち	every part of the world, all over the world, the four corners of the world	
コロナウイルス	コロナウイルス	coronavirus	
現代社会	げんだいしゃかい	modern society	
構造物	こうぞうぶつ	structure	
とは言うものの	とはいうものの	having said that, be that as it may	
細胞内	さいぼうない	inside the cell, intracellular	
開始時刻	かいしじこく	starting time	
早期治療	そうきちりょう	early treatment	
ワンダフル	ワンダフル	wonderful	
無力感	むりょくかん	sense of helplessness, feeling of powerlessness	
だっけ	だっけ	was it?, I think it was ..., if I've got it right, if I'm not mistaken, remind me, tell me again	
初売り	はつうり	first business conducted by retailers in the New Year	
最新情報	さいしんじょうほう	latest information, latest news, update	
最新研究	さいしんけんきゅう	the newest research	
気象予報士	きしょうよほうし	weather forecaster	
自己管理	じこかんり	taking care of something by oneself, self-management	
統一感	とういつかん	sense of unity, sense of oneness	
研究結果	けんきゅうけっか	results of a scientific investigation, findings	
約束通り	やくそくどおり	as promised	
新概念	しんがいねん	new concept	
グローバル化	グローバルか	globalization, globalisation	
日本社会	にほんしゃかい	Japanese society	
設定可能	せっていかのう	configurable	
相互交流	そうごこうりゅう	mutual exchange	
電子部品	でんしぶひん	electronic parts, electronic components	
再スタート	さいスタート	restart	
サプライズ	サプライズ	surprise	
グループホーム	グループホーム	group home	
駄菓子屋	だがしや	small-time candy store, penny candy store	
仕事始め	しごとはじめ	resuming work after the New Year's vacation, first time that one works in the year	
経験豊富	けいけんほうふ	experienced, well-versed	
最新ニュース	さいしんニュース	latest news, most recent news	
拉致問題	らちもんだい	abduction issue (esp. of those Japanese abducted by North Korea)	
よろしくお願いします	よろしくおねがいします	please remember me, please help me, please treat me well, I look forward to working with you	
よろしくお願いいたします	よろしくおねがいいたします	please remember me, please help me, please treat me well, I look forward to working with you	
かと言って	かといって	having said that, on the other hand, (but) then, (but) still	
意味不明	いみふめい	of uncertain meaning, ambiguous, cryptic, nonsensical, incomprehensible, perplexing	
捜査官	そうさかん	(police) investigator	
販売員	はんばいいん	sales staff, salesperson	
最後尾	さいこうび	end (e.g. of a line), tail end, rear, backmost part	
日本政府	にほんせいふ	Japanese government	
無しには	なしには	without	
新成人	しんせいじん	new adult (in Japan, a person who reaches adulthood that year)	
幼少期	ようしょうき	(early) childhood	
如何にもならない	どうにもならない	hopeless, futile, no use, beyond help, cannot be done	
セラピー	セラピー	therapy	
缶コーヒー	かんコーヒー	canned coffee	
大事件	だいじけん	major incident, major happening, big scandal	
朝一番	あさいちばん	first thing in the morning	
ではまた	ではまた	see you later, goodbye, sincerely	
乍らも	ながらも	though, although, notwithstanding, in spite of, despite	
それでいて	それでいて	and yet, despite (all) that	
演技力	えんぎりょく	acting ability, talent as a performer	
に際して	にさいして	on the occasion of, at the time of, when, during	
どちらかと言うと	どちらかというと	if anything, if pushed I'd say, if I had to say	
小さな	ちいさな	small, little, tiny	
と言っても	といっても	although I say, although one might say, although called	
と言うことは	ということは	that is to say, so that means	
余儀なくされる	よぎなくされる	to be forced to do or experience something (against one's will), to be forced to do something because one has no other choice	
あっての	あっての	which can exist solely due to the presence of, whose existence is determined entirely by, which owes everything to	
ところを	ところを	although (it is a certain time or something is in a certain condition), even though normally	
にあっては	にあっては	in, on, at, during, in the condition of	
と言うことはない	ということはない	it is not possible (to, that), there is no such thing as	
コピー機	コピーき	copier, copy machine, photocopier	
とする	とする	to try to ..., to be about to do ...	
生まれ育つ	うまれそだつ	to be born and raised (in), to be born and brought up, to be born and bred	
大っきい	おっきい	big, large, great	
然う	そう	in that way, thus, such	
解決方法	かいけつほうほう	way of solving (a problem), solution	
グー	グー	rock (in rock-paper-scissors), stone, fist	
よくある質問	よくあるしつもん	frequently asked questions, FAQ	
受付中	うけつけちゅう	currently accepting (applications, etc.)	
時は金なり	ときはかねなり	time is money	
なのだ	なのだ	it is assuredly that ..., can say with confidence that ...	
学校名	がっこうめい	school name	
ワンセグ	ワンセグ	1seg (Japanese terrestrial digital broadcasting service for mobile devices)	
大募集	だいぼしゅう	mass recruitment	
盛り付け	もりつけ	arrangement of food (on a dish), serving of (arranged) food	
でなければならない	でなければならない	having to be, must be, should be, ought to be	
ノンアルコール	ノンアルコール	non-alcoholic, alcohol-free	
種類豊富	しゅるいほうふ	rich in variety, diverse, wide-ranging, multifarious	
伝統文化	でんとうぶんか	traditional culture	
日本全国	にほんぜんこく	all over Japan, throughout Japan	
目が覚める	めがさめる	to wake up, to awake, to perk up, to snap out (of a day dream, etc.)	
大学進学	だいがくしんがく	continuing one's education into university	
かも	かも	may, might, perhaps, may be, possibly	
口座番号	こうざばんごう	account number (bank, etc.)	
満員電車	まんいんでんしゃ	crowded train	
日本企業	にほんきぎょう	Japanese company (business, firm)	
斜体	しゃたい	oblique type, slanted type	
ゆうパック	ゆうパック	Yu-Pack, domestic parcel delivery service by Japan Post	
結婚相手	けっこんあいて	marriage partner, spouse	
サービス業	サービスぎょう	service industry, service sector	
意識調査	いしきちょうさ	attitude survey, opinion poll	
学会誌	がっかいし	academic journal	
アルファベット順	アルファベットじゅん	alphabetical order	
ドッグフード	ドッグフード	dog food	
ペットフード	ペットフード	pet food	
衣料品	いりょうひん	clothing, articles of clothing, apparel	
目黒	めぐろ	Meguro City (special ward of Tokyo)	
防犯カメラ	ぼうはんカメラ	security camera	
海外出張	かいがいしゅっちょう	overseas business trip	
基本料金	きほんりょうきん	basic rate (i.e. excluding optional service fees, usage charges, etc.), basic charge, base cost, base price	
世界各国	せかいかっこく	countries all over the world, all the countries of the world	
注ぐ	つぐ	to pour (into a vessel), to fill (a cup, bowl, etc.) with, to dish out (food or drink)	
嫌悪感	けんおかん	(feeling of) hatred, (strong) dislike, disgust, aversion, revulsion, loathing, abhorrence	
国内旅行	こくないりょこう	domestic travel	
競争入札	きょうそうにゅうさつ	competitive bidding (esp. for government contracts)	
最新鋭	さいしんえい	state-of-the-art, cutting-edge	
後	ご	after	
背	せ	back	
そそられる	そそられる	to be interesting, to be fascinating, to be tantalizing, to be intriguing	
洗浄剤	せんじょうざい	detergent, cleanser, cleaning agent, washing material	
お待たせしました	おまたせしました	thank you for waiting, sorry to have kept you waiting	
人	にん	counter for people	
米	べい	(United States of) America, USA	
疑問点	ぎもんてん	point of uncertainty, unclarified issue, doubt	
開発者	かいはつしゃ	developer	
格安航空券	かくやすこうくうけん	discount airline ticket	
業	ぎょう	work, business, company, agency	
小	こ	small, little, slight	
に限って	にかぎって	particularly, only, in the case of	
虎列刺	コレラ	cholera	
さよなら	さよなら	goodbye, so long, farewell	
ポッドキャスト	ポッドキャスト	podcast	
ウェブログ	ウェブログ	weblog, blog	
ウェブページ	ウェブページ	web page, webpage	
無線ＬＡＮ	むせんラン	wireless local area network, wireless LAN, WLAN	
ＧＵＩ	ジー・ユー・アイ	graphical user interface, GUI	
スパム	スパム	Spam (canned luncheon meat)	
アフィリエイト	アフィリエイト	affiliate, affiliation	
テレビ番組	テレビばんぐみ	television program, TV program	
方がいい	ほうがいい	had better ...	
独	どく	Germany	
神戸	こうべ	Kobe (city)	
横浜	よこはま	Yokohama (city)	
名古屋	なごや	Nagoya (city)	
北九州	きたきゅうしゅう	Kitakyushu (city)	
福岡	ふくおか	Fukuoka (city, prefecture)	
川崎	かわさき	Kawasaki (city)	
札幌	さっぽろ	Sapporo (city in Hokkaido)	
広島	ひろしま	Hiroshima (city, prefecture)	
仙台	せんだい	Sendai (city in Miyagi)	
千葉	ちば	Chiba (city, prefecture)	
埼玉	さいたま	Saitama (city, prefecture)	
静岡	しずおか	Shizuoka (city, prefecture)	
新潟	にいがた	Niigata (city, prefecture)	
浜松	はままつ	Hamamatsu (city)	
少	しょう	small, little, few	
何処にも	どこにも	(not) anywhere, nowhere	
然らば	さらば	farewell, goodbye, adieu	
許りか	ばかりか	not only	
路線図	ろせんず	route map (for buses, trains, etc.)	
すっごい	すっごい	terrible, dreadful	
数時間	すうじかん	a few hours, several hours, a couple of hours	
数分	すうふん	several minutes, a few minutes	
サプリ	サプリ	supplement	
無修正	むしゅうせい	unaltered, unedited, unamended, uncensored, unexpurgated	
ナビ	ナビ	navigation, (car) navigation system	
初挑戦	はつちょうせん	first challenge, first try	
立直	リーチ	rīchi, riichi, declaring that one is one tile away from winning while one's hand is completely concealed	
為さい	なさい	do ...	
もつ鍋	もつなべ	hot pot stew made with offal, vegetables and (often) miso	
タトゥー	タトゥー	tattoo (esp. one in a style other than traditional Japanese)	
ナイスバディ	ナイスバディ	attractive body, nice-looking body	
カスタマー	カスタマー	customer	
顧客満足	こかくまんぞく	customer satisfaction	
その内に	そのうちに	before very long, soon, someday, one of these days, sooner or later	
細かいこと	こまかいこと	trifles, minor details	
何方か	どなたか	someone	
こう言った	こういった	this sort of, this type of	
事例集	じれいしゅう	collection of cases, collection of instances	
ホワイトニング	ホワイトニング	whitening (esp. of teeth)	
そんでもって	そんでもって	and (so), (and) then, because of which, in addition to that	
バスツアー	バスツアー	bus tour	
あっという間	あっというま	an instant, a split second, no time at all, time of an "ah!"	
したい	したい	want to do	
検索条件	けんさくじょうけん	search criteria	
まい	まい	probably isn't (doesn't, won't, etc.)	
ませんか	ませんか	won't (hasn't, isn't, doesn't, etc.)	
ましょうか	ましょうか	shall I?	
ちょびっと	ちょびっと	a little	
プレイリスト	プレイリスト	playlist	
ご遠慮ください	ごえんりょください	please refrain (from)	
歴	れき	experience, history, record, career	
ご褒美	ごほうび	reward, prize	
コンピレーション	コンピレーション	compilation	
お家	おうち	your home, your family, their home, their family	
言いようがない	いいようがない	indescribable, having no way to express	
どこにも無い	どこにもない	nowhere	
事にする	ことにする	to decide to	
には	には	to, for, on, in, at	
そんなこんな	そんなこんな	this and that, various things	
この前	このまえ	the other day, previously, before, earlier, recently	
正式名称	せいしきめいしょう	official name, formal name	
ご覧になる	ごらんになる	to see, to look, to watch	
予期せぬ	よきせぬ	unexpected, unforeseen	
自然公園	しぜんこうえん	nature park, natural park	
待ち合わせ場所	まちあわせばしょ	meeting place	
二度寝	にどね	going back to sleep, sleeping in	
状況報告	じょうきょうほうこく	situation report, status report, progress report	
高収入	こうしゅうにゅう	high income	
お風呂	おふろ	bath	
サイン会	サインかい	signing, autograph session	
ＢＧＭ	ビー・ジー・エム	background music, BGM	
競合他社	きょうごうたしゃ	competing companies, rival companies	
電池切れ	でんちぎれ	running out of battery, battery depletion, going flat, going dead	
一味違う	ひとあじちがう	to be somewhat different (from before, from others, etc.)	
ＭＰ３	エムピースリー	MP3	
歯科衛生士	しかえいせいし	dental hygienist	
お久しぶり	おひさしぶり	it's been a long time, long time no see	
是非是非	ぜひぜひ	certainly, by all means	
授業参観	じゅぎょうさんかん	parents' day (day when parents observe their children in school)	
カキコ	カキコ	post (to a BBS), comment (on a blog)	
コーヒーカップ	コーヒーカップ	coffee cup	
１日	ついたち	first day of the month, the first of the month	
までなら	までなら	up to ... (e.g. items), until ... (times), as far as	
クラブ活動	クラブかつどう	club activities (usu. clubs in association with a school), extracurricular activities	
移動平均	いどうへいきん	moving average	
外	がい	outside ..., beyond ..., not included in ...	
憧れの的	あこがれのまと	object of adoration, longing	
資金調達	しきんちょうたつ	fundraising	
タイムセール	タイムセール	limited-time sale	
失敗談	しっぱいだん	failure story, horror story	
メタボリック	メタボリック	metabolic	
もうすっかり	もうすっかり	already completed (arrived, happened, etc.)	
爺さん	じいさん	grandfather	
お互いに	おたがいに	mutually, with each other, reciprocally, together, both	
この内	このうち	among these, between these, of these	
変更届	へんこうとどけ	notification of change, alteration report, registration of modification	
訳じゃない	わけじゃない	it does not mean that ..., I don't mean that ..., it is not the case that	
除菌	じょきん	disinfection, sterile filtration	
地理情報システム	ちりじょうほうシステム	geographic information system, GIS	
よくあるご質問	よくあるごしつもん	frequently asked questions, FAQ	
携帯ストラップ	けいたいストラップ	straps for mobile phone	
ビーンズ	ビーンズ	beans	
電源ケーブル	でんげんケーブル	power cable, power lead	
未	み	not yet, un-	
相	しょう	minister (of a government department)	
天満宮	てんまんぐう	Tenmangu shrine (shrine dedicated to Sugawara no Michizane's spirit)	
無さそう	なさそう	does not seem, unlikely, improbable	
低料金	ていりょうきん	low rates	
最後の舞台	さいごのぶたい	final performance, swan song, last act	
菅	すげ	sedge (Cyperaceae spp., esp. members of genus Carex)	
エコ	エコ	ecological, eco-	
絵を描く	えをかく	to paint a picture, to draw a picture	
カードゲーム	カードゲーム	card game	
経験値	けいけんち	amount of experience, experience level	
小中学生	しょうちゅうがくせい	elementary and middle school pupils	
トレジャー	トレジャー	treasure	
伊	い	Italy	
ベビーフード	ベビーフード	baby food	
で御座います	でございます	be, is	
無くてはいけない	なくてはいけない	cannot do without something, indispensable, absolutely necessary	
であります	であります	be, is	
ない	ない	not	
存知	ぞんじ	knowing, being aware (of)	
高麗	こうらい	Goryeo (dynasty of Korea; 918-1392 CE), Koryŏ	
色々あって	いろいろあって	what with this and that, for a number of reasons	
容赦なく	ようしゃなく	mercilessly, relentlessly, unsparingly	
定期購読	ていきこうどく	subscription (e.g. to a magazine)	
するべき	するべき	should do, ought to do	
蒸しパン	むしパン	steamed bun, steamed bread	
事により	ことにより	by (means of), by doing, due to, via, through	
フランス料理	フランスりょうり	French food, French cooking, French cuisine	
サイン入り	サインいり	autographed, signed	
急に	きゅうに	swiftly, rapidly, quickly, immediately, hastily, hurriedly	
為れる	される	to be done (to someone or something)	
ＡＴＭ	エー・ティー・エム	automatic teller machine, ATM, automated teller machine	
サーセン	サーセン	sorry	
何なのか	なんなのか	what is it (that), the meaning of something, what something is about	
物販	ぶっぱん	sale of goods (as opposed to services)	
１５日	じゅうごにち	15th day of the month	
兄ちゃん	にいちゃん	(one's) older brother	
失礼します	しつれいします	excuse me, pardon me, I beg your pardon	
作業環境	さぎょうかんきょう	work environment	
光学式文字認識	こうがくしきもじにんしき	optical character recognition, OCR	
標準的	ひょうじゅんてき	standard	
表計算	ひょうけいさん	spreadsheet	
分間	ふんかん	minutes (period of)	
いい加減にしろ	いいかげんにしろ	that's enough!, cut it out!, get a life!	
並び替える	ならびかえる	to reorganize, to rearrange, to put (things) in order	
あっ	あっ	ah, oh	
ないと行けない	ないといけない	have to (verb), must (verb)	
開発元	かいはつもと	developer (of software, video games, etc.)	
パー	パー	paper (in rock-paper-scissors)	
知らないうちに	しらないうちに	before one knows it, before one realises, without one's knowledge, without noticing	
発症	はっしょう	outbreak of an illness, onset of a condition, appearance of symptoms	
出店	しゅってん	opening a new store, opening a new branch	
推奨環境	すいしょうかんきょう	system requirements (i.e. recommended hardware and software to run a package)	
愛す	あいす	to love	
辞す	じす	to take one's leave, to excuse oneself, to leave, to depart	
パスケース	パスケース	commuter pass container, holder for a season ticket	
無洗米	むせんまい	pre-washed rice, wash-free rice, musenmai	
有って無い	あってない	lacking in some desired property (size, usefulness, etc.)	
若い頃	わかいころ	one's youth, early life, one's early days, one's early years	
小さい頃	ちいさいころ	as a child, when one was a child	
主	あるじ	head (of a household), proprietor (of a store), proprietress, landlord, landlady, master (of a servant)	
ＤＶＤプレーヤー	ディーブイディープレーヤー	DVD player	
お金持ち	おかねもち	rich person, wealthy person	
デー	デー	day (as in holiday)	
ゆうちょ銀行	ゆうちょぎんこう	JP Bank (former Postal Savings Bank, created when the Postal Services were privatized)	
ＪＲ	ジェイ・アール	Japan Railways, JR	
つまんない	つまんない	boring, dull, uninteresting	
アトラス	アトラス	Atlas	
ですか	ですか	indicates question	
わね	わね	isn't it?, it really is	
エクスペリエンス	エクスペリエンス	experience	
ビーチサンダル	ビーチサンダル	beach sandals, flip-flops, thongs, pluggers, jandals	
ニューウェーブ	ニューウェーブ	new wave	
キャラメル	キャラメル	caramel (soft candy)	
メモ帳	メモちょう	memo book, memo pad, notebook, notepad, scratchpad, scratch pad, writing pad, jotter	
お会計	おかいけい	bill (at a restaurant), check	
夜ご飯	よるごはん	dinner, evening meal	
そうなると	そうなると	if that is the case, if it becomes so, when it becomes so	
お腹の子	おなかのこ	child one is expecting, child in one's womb	
しようとする	しようとする	to try to do, to attempt to do	
嗚呼嗚呼	ああああ	aaah!, oooh!, oh no!, oh boy!	
ワン子	ワンコ	dog, doggy, bow-wow	
どちらにせよ	どちらにせよ	in either case (used specifically in the instance of two possible outcomes or situations), either way, one way or another	
お話	おはなし	story, tale	
空砲	くうほう	empty gun, gun loaded with blanks, firing a blank	
事がない	ことがない	(something) has never occurred, to have never done (something), such a thing has not happened	
ないと行けません	ないといけません	have to (verb), must (verb)	
ムッと	ムッと	to be offended, to get angry, to be annoyed, to be miffed, to be huffy, to be sullen, to be upset	
その辺	そのへん	around there, near there	
よし	よし	alright, all right, right on, looking good, OK, okay	
まだまだこれから	まだまだこれから	it's not over yet, you haven't seen anything yet, it's not over until the fat lady sings, it's too soon to tell, we're not out of the woods	
か否か	かいなか	whether or not	
蒔く	まく	to sow, to plant, to seed	
いっその事	いっそのこと	rather, sooner, preferably	
いっそ	いっそ	rather, sooner, preferably, might as well, just	
ドクターヘリ	ドクターヘリ	air ambulance, helicopter emergency medical service, helicopter ambulance	
お買い得	おかいどく	bargain, good buy, budget	
ＮＥＥＴ	ニート	NEET (young person not in education, employment or training)	
老人福祉	ろうじんふくし	welfare for the aged	
に従って	にしたがって	in accordance with, according to, as X, then Y (e.g. as we age we gain wisdom, as wine matures it becomes more valuable, etc.)	
重点的	じゅうてんてき	prioritized, focused, concentrated, predominant	
スマホ	スマホ	smartphone, smart phone	
だって	だって	after all, because	
たって	たって	even if, even though	
に向けて	にむけて	towards (a destination), for the purpose of, with the goal of, targeting (a group, a demographic)	
単	たん	single, simple	
吐く	はく	to vomit, to throw up, to spit up	
勢	ぜい	group (of people, players, companies, etc.), camp, team	
品	ひん	elegance, grace, refinement, class, dignity	
載る	のる	to be placed on, to be set on, to be piled on, to be loaded on	
修行	しゅぎょう	training, practice, discipline, study	
数年前	すうねんまえ	a few years ago, some years back	
店名	てんめい	store name, shop name, restaurant name	
夏期	かき	summer term (e.g. school), summer period	
止まる	とどまる	to remain, to abide, to stay (in the one place)	
昔のまま	むかしのまま	the way it was, the way it used be, as of old, in former times	
早々	はやばや	early, quickly, promptly	
眼	まなこ	eye, eyeball	
コーチング	コーチング	coaching	
よね	よね	isn't that right?	
期間限定	きかんげんてい	limited time	
ＵＳＡ	ユー・エス・エー	United States of America, USA	
和地関	バチカン	Vatican	
なんです	なんです	it is assuredly that ..., can say with confidence that ...	
公式サイト	こうしきサイト	official website	
酷く	ひどく	terribly, awfully, dreadfully, extremely, severely, very (much)	
迄も	までも	to (an extent), up to, so far as, even	
飢え死に	うえじに	(death from) starvation, starving to death	
モテない	モテない	unwelcome, nerdish, unpopular	
１９日	じゅうくにち	19th day of the month	
すげー	すげー	incredible, unbelievable, terrific, impressive	
１１日	じゅういちにち	11th day of the month	
即戦力	そくせんりょく	ready fire-power, battle-ready forces, immediate asset (to a team or firm), someone who can be an immediately effective player or worker	
よりも	よりも	than, in comparison to	
此れこそ	これこそ	this (very thing), this precisely	
琉球	りゅうきゅう	Ryukyu, chain of southwestern Japanese islands comprising Okinawa Prefecture	
１２日	じゅうににち	12th day of the month	
１３日	じゅうさんにち	13th day of the month	
１６日	じゅうろくにち	16th day of the month	
１７日	じゅうしちにち	17th day of the month	
１８日	じゅうはちにち	18th day of the month	
２１日	にじゅういちにち	21st day of the month	
２２日	にじゅうににち	22nd day of the month	
２３日	にじゅうさんにち	23rd day of the month	
２５日	にじゅうごにち	25th day of the month	
２６日	にじゅうろくにち	26th day of the month	
２７日	にじゅうしちにち	27th day of the month	
２８日	にじゅうはちにち	28th day of the month	
２９日	にじゅうくにち	29th day of the month	
３１日	さんじゅういちにち	31st day of the month	
関西人	かんさいじん	person from the Kansai region, Kansai native	
打付ける	ぶつける	to hit (e.g. one's head), to strike, to knock, to run (into), to crash (into)	
観光スポット	かんこうスポット	tourist attraction, sight-seeing area	
豪	ごう	Australia	
どの様に	どのように	how, in what way	
全体的	ぜんたいてき	overall, general, as a whole	
じゃ無い	じゃない	is not, am not, are not	
その中	そのなか	wherein, therein, thereinto, among which	
然うしたら	そうしたら	then, and (then), in that case, if so	
長崎	ながさき	Nagasaki (city, prefecture)	
難い	にくい	difficult to ..., hard to ...	
矢張り	やはり	as expected, sure enough, just as one thought	
今ひとつ	いまひとつ	one more, another (one)	
もの	もの	indicates reason or excuse	
そうこうしている内に	そうこうしているうちに	meanwhile, in the meantime	
知っての通り	しってのとおり	as you know, as we know	
ワンちゃん	ワンちゃん	doggie, pooch, bow-wow	
ビール	ビール	beer	
回り	まわり	rotation	
逸れる	はぐれる	to lose sight of (one's companions), to stray from	
街づくり	まちづくり	town planning, urban development, community development, creating a community	
いつになったら	いつになったら	when, how soon, how long until	
かりゆしウェア	かりゆしウェア	kariyushi shirt, Okinawan dress shirt similar to an aloha shirt	
大手企業	おおてきぎょう	big corporation, major firm, leading company	
だった	だった	was, were	
じゃ無いか	じゃないか	isn't it?	
ちゃうか	ちゃうか	isn't it?	
いい	いい	good, excellent, fine, nice, pleasant, agreeable	
実に	じつに	indeed, really, absolutely, truly, actually, very, quite	
一	ひと	one	
入店	にゅうてん	entering a store, entering a restaurant	
では無い	ではない	is not, am not, are not	
今日この頃	きょうこのごろ	these days, nowadays, recently	
中にも	なかにも	among (other things), especially, particularly, inter alia, above all (else)	
写真撮影	しゃしんさつえい	photography, taking photographs	
全点	ぜんてん	all items, all parts, all points	
でしょうか	でしょうか	don't you think?, indicates question	
だろうか	だろうか	don't you think?, indicates question	
毎日のように	まいにちのように	almost every day, almost daily	
各々	おのおの	each	
御	お	honorific/polite/humble prefix	
すら	すら	even	
忠実	まめ	diligent, hardworking, conscientious	
子供の頃	こどものころ	(time of) one's childhood, when one was a child	
驚くほど	おどろくほど	to a surprising degree, to a remarkable extent, surprisingly, astonishingly, amazingly, alarmingly	
奈良	なら	Nara (city, prefecture)	
鎌倉	かまくら	Kamakura (city)	
可能にする	かのうにする	to allow, to enable, to make possible, to make feasible, to permit	
いらして	いらして	coming, going, being (somewhere), being (doing something)	
禁止事項	きんしじこう	prohibited item, banned item	
良いね	いいね	that's good, that's nice	
実際は	じっさいは	in fact, as a matter of fact, actually, in reality, to tell the truth	
お手数ですが	おてすうですが	sorry to bother you, but ...	
自分で	じぶんで	by myself, in person, by oneself	
余っ程	よっぽど	very, greatly, much, considerably, to a large extent, quite	
身体	しんたい	body, physical system, (the) person	
何とも言えない	なんともいえない	indescribable, inexpressible, unspeakable, indefinable, nobody can tell	
無きゃいけない	なきゃいけない	cannot do without something, indispensable, absolutely necessary	
無くちゃいけない	なくちゃいけない	cannot do without something, indispensable, absolutely necessary	
無くてはいけません	なくてはいけません	cannot do without something, indispensable, absolutely necessary	
包む	くるむ	to wrap up (in), to roll up (in), to tuck (up)	
疎か	おろか	not to mention ..., needless to say ..., not to speak of ..., not only ...	
一行	いっこう	party, group, troop, company	
空地	くうち	vacant land, unoccupied ground, empty lot	
報われる	むくわれる	to be repaid, to be rewarded	
思い切り	おもいきり	to one's heart's content, as much as one wants, as hard as one can, with all one's strength, to the best of one's ability, to the utmost, with determination, hard, heavily	
博士	はくし	doctor, PhD, Dr.	
ぜ	ぜ	I can tell you	
夕	ゆう	evening	
市営地下鉄	しえいちかてつ	municipal subway	
才	さい	ability, gift, talent, aptitude, genius	
右クリック	みぎクリック	right-click	
亡くす	なくす	to lose (through death; e.g. a wife, child)	
平行	へいこう	parallelism, running parallel (to, with)	
抑える	おさえる	to keep within limits (e.g. spending), to restrain (e.g. emotions), to control, to curb, to hold in check	
省みる	かえりみる	to reflect on (oneself, past conduct, etc.), to contemplate, to examine, to think over, to introspect	
副反応	ふくはんのう	side effect (of a vaccine)	
好感度	こうかんど	likability, favorability, popularity	
天然温泉	てんねんおんせん	natural hot spring	
どちらでもない	どちらでもない	neither	
そうです	そうです	that is so, that is right, it looks to me, that's my impression	
選りすぐり	よりすぐり	special selection, finest pick, top pick	
プロフィール画像	プロフィールがぞう	profile picture, profile pic	
何と言うか	なんというか	how should I put it?, what shall I say?, well, you know, like	
鈍い	のろい	thickheaded, obtuse, stupid	
アジア人	アジアじん	Asian (person)	
利用方法	りようほうほう	how to use, method for using, way of using	
誠にありがとうございます	まことにありがとうございます	thank you very much	
支払い方法	しはらいほうほう	payment method	
お支払い方法	おしはらいほうほう	payment method	
ような気がする	ようなきがする	I feel that ..., I feel as though ..., I have a feeling that ..., I have the impression that ..., I think that ...	
令和	れいわ	Reiwa era (May 1, 2019-)	
他にも	ほかにも	furthermore, even more	
黄金	こがね	gold	
売れ筋ランキング	うれすじランキング	list of top-selling products	
０	ゼロ	zero, 0, nought, nil	
に当たっては	にあたっては	when it comes to, concerning	
大人になる	おとなになる	to grow up, to become an adult	
大きくなる	おおきくなる	to grow up, to become an adult	
そんな中	そんななか	wherein, therein, thereinto	
高速バス	こうそくバス	express intercity bus	
新商品	しんしょうひん	new product	
ママさん	ママさん	female proprietress (of a bar, etc.)	
パパさん	パパさん	dad	
からって	からって	just because, even if, even though	
ホール	ホール	hole	
後々	のちのち	future, distant future	
住居	じゅうきょ	dwelling, house, residence, address	
マスト	マスト	necessary, indispensable, must-have, required, mandatory	
コート	コート	court (e.g. tennis, basketball, volleyball)	
ラム	ラム	rum	
連れ	づれ	in the company of, accompanied by ..., as a group comprising ...	
お時間	おじかん	(your) time	
代目	だいめ	nth generation, nth (person to occupy a position, e.g. president)	
お店	おみせ	store, shop, establishment, restaurant	
公開中	こうかいちゅう	now available (e.g. for sale), now showing (e.g. film, exhibition)	
ナチス	ナチス	Nazi, Nationalsozialist, Nazi Party	
新型コロナウイルス感染症	しんがたコロナウイルスかんせんしょう	COVID-19, coronavirus disease 2019	
訊く	きく	to ask, to enquire, to query	
サンド	サンド	sandwich	
緊急事態宣言	きんきゅうじたいせんげん	declaration of a state of emergency	
ライター	ライター	writer	
予約注文	よやくちゅうもん	pre-order, advance order	
抱く	だく	to hold in one's arms (e.g. a baby), to embrace, to hug	
クロス	クロス	cloth	
コロナ禍	コロナか	COVID-19 pandemic, coronavirus crisis, COVID-19 crisis	
７時	しちじ	seven o'clock	
有難うございました	ありがとうございました	thank you	
如何	いかが	how, in what way, how about	
カラメル	カラメル	caramel (browned sugar used as flavouring)	
先立って	さきだって	prior to, before, in advance of	
ロック	ロック	rock (music)	
直る	なおる	to get mended, to be repaired, to be fixed	
パラパラ	パラパラ	para para, disco dancing with synchronized arm motions	
何	なん	what	
ハンデ	ハンデ	handicap	
大好評	だいこうひょう	very highly commended, highly lauded, very well-received, very popular	
人気のある	にんきのある	popular	
雛	ひな	young bird, chick, fledgling	
特別価格	とくべつかかく	discount price, special offer price	
根本	こんぽん	root, source, origin	
月の兎	つきのうさぎ	moon rabbit, moon hare, mythical figure who lives on the moon	
大集合	だいしゅうごう	great gathering	
問題ない	もんだいない	no problem, all right, not an issue, unobjectionable	
将来的	しょうらいてき	future, possible, potential, prospective	
後から	あとから	after, later	
のだ	のだ	the expectation is that ..., the reason is that ..., the fact is that ..., the explanation is that ..., it is that ...	
中越	ちゅうえつ	Chūetsu (region in Niigata)	
見栄え	みばえ	good outward appearance, looking nice, being attractive, making a fine show	
混む	こむ	to be crowded, to be packed, to be congested, to be thronged (with)	
退ける	どける	to put something out of the way, to move (something, someone) aside	
灯火	とうか	light, lamplight	
渋谷	しぶや	Shibuya City (special ward of Tokyo), Shibuya	
仲間たち	なかまたち	companions, friends, comrades, mates, partners	
ですが	ですが	but, however, (and) yet, nevertheless, still, for all that	
お見積もり	おみつもり	(price) quotation, quote	
でしかない	でしかない	is nothing but, is nothing more than, is only, is no more than	
初期費用	しょきひよう	initial costs, up-front costs, front-end costs, start-up costs	
モード	モード	fashion	
新築マンション	しんちくマンション	newly built apartment house, newly built condominium	
シート	シート	sheet	
レギュラー出演	レギュラーしゅつえん	appearing as a regular (on a variety TV show)	
これを機に	これをきに	with this (as a reason, excuse, impetus, starting point, etc.), taking this as an opportunity, as a result (of this), as a consequence, from this point forward	
キャリア	キャリア	carrier	
小ネタ	こネタ	small material (for a story, article, etc.)	
高級ホテル	こうきゅうホテル	high-class hotel, luxury hotel	
受講料	じゅこうりょう	course fee, tuition fee	
多し	おおし	numerous, frequent	
家づくり	いえづくり	house building, building a house	
雨が降る	あめがふる	to rain	
博多	はかた	Hakata (old but still commonly used name for Fukuoka)	
お誕生日	おたんじょうび	birthday	
決済方法	けっさいほうほう	payment method	
ビア	ビア	beer	
配送先	はいそうさき	delivery address, address for delivery	
グダグダ	グダグダ	tediously, persistently, repeatedly, at length	
カラー	カラー	collar	
溝	どぶ	ditch, drain, gutter, trench	
お名前	おなまえ	name	
ボルト	ボルト	bolt	
様子を見る	ようすをみる	to wait and see, to see how things go, to survey the situation	
同時期	どうじき	same time (period)	
大注目	だいちゅうもく	(paying) a great deal of attention (to)	
そっか	そっか	oh, right, I see, OK, gotcha	
おおい	おおい	hey!, oi!, ahoy!	
故郷	こきょう	hometown, birthplace, native place, one's old home	
けれど	けれど	but, however, although	
男たち	おとこたち	men, males	
ストール	ストール	stall	
園	えん	garden, orchard, park, plantation	
お葬式	おそうしき	funeral	
初心者向け	しょしんしゃむけ	beginner-friendly, (intended) for beginners, aimed at beginners	
ライム	ライム	lime (Citrus aurantifolia)	
レバー	レバー	lever	
お酢	おす	vinegar	
検視	けんし	examination of a body to determine if a crime has been committed	
ピン	ピン	(a) one (on dice or Japanese playing cards)	
ダイヤ	ダイヤ	(railway) schedule, timetable	
ホーム	ホーム	home	
オール	オール	all	
インキ	インキ	ink	
そしたら	そしたら	then, and (then), in that case, if so	
治す	なおす	to cure, to heal	
ベスト	ベスト	vest, waistcoat	
決勝トーナメント	けっしょうトーナメント	knockout stage (of a tournament)	
ってことは	ってことは	that is to say, so that means	
迷惑行為	めいわくこうい	disruptive behaviour, harassment, abusive behaviour	
いいや	いいや	no, nope	
否	いや	no	
否	いな	no, nay	
キャップ	キャップ	leader, chief, head, captain (of a team)	
レア	レア	rhea (bird of family Rheidae)	
紅葉	もみじ	maple (tree)	
メーデー	メーデー	May Day (May 1)	
ポーチ	ポーチ	pouch, accessory case	
驕る	おごる	to be proud, to be haughty, to be arrogant, to be conceited, to brag, to show off	
ファースト	ファースト	fast	
縦横	たてよこ	length and breadth, length and width	
ライト	ライト	right	
それじゃ	それじゃ	well, ..., right, ..., now, ...	
裏面	りめん	back (side), reverse	
音	おん	sound, noise	
音	ね	sound, tone, note, ring, chirp	
お年寄り	おとしより	old person, elderly person, senior citizen	
お試しあれ	おためしあれ	give it a try!	
小人	こびと	little person (in folklore and fantasy, e.g. fairy, elf, gnome), little people, dwarf	
ご了承ください	ごりょうしょうください	please be aware (that ...), please note (that ...), please understand (that ...)	
ビバ	ビバ	viva	
リーディング	リーディング	leading	
ロード	ロード	load	
シリアル	シリアル	cereal, breakfast cereal	
大刀	だいとう	(Japanese) long sword, large sword	
健診	けんしん	health checkup, (general) medical examination, physical examination	
為す	なす	to do, to commit, to carry out, to bring about	
イースト	イースト	yeast	
ドドン	ドドン	with a boom, with a crash, with a rumble	
煩う	わずらう	to worry (about), to be concerned (about)	
にて	にて	at, in	
スイート	スイート	suite (in a hotel)	
手描き	てがき	hand-drawn, drawn by hand, hand-painted, painted by hand	
ラバー	ラバー	rubber	
悪口	あっこう	(verbal) abuse, name-calling, abusive language, insulting remarks	
ＳＷＩＦＴ	スウィフト	Society for Worldwide Interbank Financial Telecommunication, SWIFT	
雁	かり	wild goose	
だけども	だけども	but, however, although, though	
寒気	かんき	cold, coldness, cold air	
レリーフ	レリーフ	relief (sculptural method)	
救われる	すくわれる	to be rescued, to be saved	
管	くだ	pipe, tube	
